0.008,0.4,0.01,0.2,2.1771147930045887,13.107480805738103,118.51915847290911,-0.9916516596271305,-0.023208556058356738
0.008,0.6000000000000001,0.01,0.5,2.218089895842846,0.0,109.7616924296758,-0.8865028421076822,-0.6852535230849399
0.008,0.4,0.01,0.30000000000000004,2.3260341405844613,27.39942279214511,125.8647748272424,-1.0592176981507038,-0.13180128382239084
0.008,0.4,0.008,0.1,2.361146055673774,25.20807498424449,125.91281357873959,-1.0961393645991624,-0.11367492743276314
0.008,0.6000000000000001,0.008,0.4,2.379989000538974,19.883754940038912,123.40552242512285,-1.1436728807417282,-0.07194832515777363
0.008,0.4,0.01,0.5,2.4003490083742935,34.47737261088744,129.19692006693867,-1.0911155195444626,-0.19486590552783514
0.008,0.4,0.01,0.4,2.4025168266041765,34.21958057874661,129.36783988023535,-1.0918812188001759,-0.19317883683639359
0.008,0.8,0.006,0.5,2.4449101386764127,0.0,119.72484135309423,-1.0425301762775092,-0.6854127310925564
0.008,0.4,0.008,0.2,2.447808064030773,32.59847886814388,129.87417698970512,-1.1351627938781643,-0.17820993156646744
0.008,0.6000000000000001,0.006,0.2,2.4603345537463914,16.17342229625509,126.95334678452264,-1.1899532682183662,-0.04492711475069491
0.008,0.6000000000000001,0.008,0.5,2.4770602912836717,27.77978859403604,127.95226869782118,-1.1898530897411281,-0.13544717996012787
0.008,0.4,0.008,0.5,2.490692845873185,36.979257398441845,131.4151168192725,-1.1560804095327577,-0.2184683181006422
0.008,0.6000000000000001,0.008,0.30000000000000004,2.5014821075357125,0.0,111.93323550934247,-0.891339700789916,-1.0563387127110417
0.008,0.4,0.008,0.30000000000000004,2.512571821110751,37.869828597732564,132.68067763518502,-1.1633789179780187,-0.2293212475466938
0.008,0.4,0.008,0.4,2.527895936667581,39.340452460334575,133.21989428659663,-1.1705679581499346,-0.24384822398145722
0.008,0.8,0.004,0.30000000000000004,2.5848366100674562,0.0,130.16277822665324,-1.0848316831227713,-0.6853941311677794
0.008,0.6000000000000001,0.006,0.30000000000000004,2.5862566347620852,26.17953331538495,133.07807914961086,-1.2495277088005963,-0.12206595743264238
0.008,0.6000000000000001,0.006,0.1,2.5949000331468244,0.0,117.02995505972376,-0.9558587229507917,-1.0563241153355334
0.008,0.4,0.006,0.1,2.623821753828983,36.83947208622813,136.5022706061077,-1.2395635075839313,-0.21921987439009416
0.008,0.4,0.006,0.5,2.63489008384747,38.48081304651056,136.11767278722255,-1.252279418014904,-0.23268427623278168
0.008,1.0,0.002,0.5,2.6526402551591124,0.0,147.3165926686679,-1.1367997073968135,-0.3143980228754894
0.008,0.6000000000000001,0.006,0.4,2.6606211703201588,31.773226586591438,136.52903289572805,-1.2839966962599039,-0.17098091290993397
0.008,0.4,0.006,0.2,2.68216270973714,41.137226540737856,138.94797563064822,-1.2655036540782265,-0.263684886948163
0.008,0.4,0.006,0.4,2.6839888421639677,41.66027165862564,138.57712157763353,-1.2703495914332201,-0.2675461100614044
0.008,0.4,0.006,0.30000000000000004,2.7130838153688144,43.43022386225154,140.10623316060537,-1.2799425048337953,-0.2883531830495833
0.008,0.6000000000000001,0.006,0.5,2.7164723680441654,35.81630086188482,139.02442976444763,-1.30960099372628,-0.20934691769219457
0.008,0.8,0.004,0.4,2.719503334210451,19.47291442252966,142.94154261569884,-1.2882326440171015,-0.06916260112565843
0.008,0.4,0.01,0.1,2.726428248719701,0.0,111.67298497865568,-0.7446850765868032,-1.4270855167917704
0.008,0.6000000000000001,0.01,0.4,2.729759502432823,0.0,109.70600688320246,-0.7930039608529098,-1.4271832953590662
0.008,0.6000000000000001,0.004,0.1,2.7379452987618427,24.388051366430393,143.17990493701973,-1.3017170202217763,-0.1074747601290749
0.008,0.8,0.004,0.5,2.8067220794019545,26.170303420155694,147.37678892607255,-1.3273416493530519,-0.12219254849531298
0.008,0.6000000000000001,0.004,0.2,2.8180442597365096,30.36061714852148,147.09443124399786,-1.3377531903598783,-0.15841297196973514
0.008,0.8,0.002,0.2,2.8551301430444775,16.548443943850536,158.15245499466073,-1.2727075459796475,-0.047819548059770366
0.008,0.4,0.004,0.5,2.8692822063662637,39.37886943771185,147.4628212212897,-1.373670235745079,-0.24101835373265196
0.008,0.6000000000000001,0.004,0.30000000000000004,2.8829022236103277,34.99518555509445,150.16188279287144,-1.3665093329695153,-0.2014846448068406
0.008,0.8,0.006,0.4,2.9090928353965255,0.0,119.5848212781907,-0.9475046708980912,-1.4273899381543242
0.008,0.4,0.004,0.4,2.9215078689911516,42.971187917963555,150.2625847742238,-1.3908054352003159,-0.28086728474612743
0.008,0.6000000000000001,0.004,0.4,2.9361682345117726,38.65914285603775,152.6021477013487,-1.3899151324778054,-0.23801218916713549
0.008,0.4,0.004,0.1,2.937830374502965,44.22037950780034,151.90190754763216,-1.3871854937677506,-0.29789580078610206
0.008,1.0,0.002,0.4,2.954110435586121,0.0,147.07016949240733,-1.04138714118895,-1.0564157865342927
0.008,0.8,0.002,0.1,2.956420072542868,0.0,147.105800741052,-1.044112704638724,-1.0564701247769583
0.008,0.8,0.002,0.30000000000000004,2.9582272616858774,24.780669582495765,163.62968834766116,-1.3172794588642536,-0.11079148020850905
0.008,0.4,0.004,0.30000000000000004,2.959721045216604,45.56288467888228,152.35388325219174,-1.4019525150497147,-0.3116865309993125
0.008,0.4,0.004,0.2,2.979874487276662,46.935420477246886,153.5705705091882,-1.4061646277867585,-0.3291268919404744
0.008,0.6000000000000001,0.004,0.5,2.9825043732137866,41.738250393565764,154.6634052410218,-1.410151806614296,-0.27054659574088225
0.008,0.8,0.002,0.4,3.023811080720005,29.756073475557635,167.0045029497437,-1.3450775649327313,-0.15313022483291344
0.008,0.8,0.004,0.2,3.0366055551684887,0.0,129.9798071954474,-0.989507923658765,-1.4273662118618056
0.008,1.0,0.004,0.5,3.062245784840512,0.0,132.12569696982155,-0.9968598897525472,-1.4273445325684744
0.008,0.8,0.002,0.5,3.076198662018507,33.57658749648906,169.63475841443642,-1.366972690331831,-0.18808152752832732
0.008,0.6000000000000001,0.002,0.1,3.085736502475486,33.97939640442645,169.8576782562718,-1.3738197625212494,-0.1919149516179666
0.008,0.6000000000000001,0.008,0.2,3.085860372176361,0.0,111.87254897918956,-0.7974518813323073,-1.7982464076019469
0.008,0.8,0.008,0.5,3.12215526905074,0.0,113.39650191876353,-0.8479941512521725,-1.7982787295335565
0.008,0.6000000000000001,0.002,0.2,3.1407307218553386,37.83844365067544,172.53574497864065,-1.3965938795208348,-0.22979781324472862
0.008,0.6000000000000001,0.002,0.30000000000000004,3.189280059003461,41.116190923442666,174.84052891714146,-1.4164897360582946,-0.26396388006705485
0.008,0.8,0.006,0.30000000000000004,3.2062887289044895,0.0,119.5465690828255,-0.8998304905610826,-1.7982531464492812
0.008,0.4,0.002,0.5,3.2195486427687707,40.284690748806675,174.04895130722707,-1.4578837779888056,-0.2493808312915297
0.008,0.6000000000000001,0.002,0.4,3.230671148597774,43.80143025803512,176.75536120577908,-1.4333704726274485,-0.29353366745672416
0.008,0.4,0.002,0.4,3.263195542948396,43.88341478936294,176.54704186400704,-1.4694028215098156,-0.28988945500549285
0.015,0.4,0.002,0.5,3.2678823453961767,0.0,34.25016514484969,-0.297428244159871,-2.9102214080887014
0.008,0.6000000000000001,0.002,0.5,3.273459421101001,46.500458283733025,178.7004506436142,-1.4506133926242681,-0.32445184306831065
0.008,0.4,0.002,0.30000000000000004,3.2965692404708555,46.684617562092996,178.47066567477214,-1.4768062436004739,-0.3236847091301186
0.008,0.4,0.002,0.2,3.322271800998793,48.882061997864355,179.96443155105635,-1.4814556694955137,-0.3516867340173742
0.008,0.8,0.004,0.1,3.328885180840799,0.0,129.90480194959991,-0.9416092519842618,-1.7982243792569248
0.008,0.4,0.002,0.1,3.330706696742187,49.85053395000765,180.59501365952156,-1.4804070862874132,-0.36507181017059626
0.008,1.0,0.004,0.4,3.3536224928146594,0.0,132.03348710401679,-0.9489934744881743,-1.7982407898388444
0.008,0.6000000000000001,0.01,0.30000000000000004,3.375758806991656,0.0,109.66212606577574,-0.6997336106122176,-2.1690645055619004
0.008,0.6000000000000001,0.008,0.1,3.4142089803536786,0.0,111.89414141888847,-0.7506819364647737,-2.1690389186350605
0.008,0.8,0.008,0.4,3.446069979005007,0.0,113.38638052498163,-0.8007430399255736,-2.169126085307714
0.008,1.0,0.002,0.30000000000000004,3.5006149465038425,0.0,146.84533678424668,-0.9462709609315748,-1.7984026107312923
0.008,0.8,0.006,0.2,3.525625849209014,0.0,119.51052640266425,-0.8522636422010645,-2.16909494539565
0.008,1.0,0.006,0.5,3.5591404517478824,0.0,122.02608332175714,-0.874728687582315,-2.169149048151605
0.008,1.0,0.004,0.30000000000000004,3.6683569094168282,0.0,131.9464204924193,-0.9012335239935363,-2.169118501246283
0.008,0.6000000000000001,0.01,0.2,3.7194507381978212,0.0,109.69068016968595,-0.6534265901369413,-2.5398366857300037
0.008,0.8,0.01,0.5,3.7351659830294786,0.0,109.92896177857074,-0.704511314239263,-2.5399818938251473
0.008,0.8,0.008,0.30000000000000004,3.7831559020298755,0.0,113.37735978272303,-0.7535813692430079,-2.5399491557414984
0.008,1.0,0.002,0.2,3.815274137050008,0.0,146.72717862933723,-0.8985106248797634,-2.169284143706597
0.008,0.8,0.006,0.1,3.8591367003807884,0.0,119.47666372931235,-0.8048037031024953,-2.5399131545291618
0.008,1.0,0.006,0.4,3.891007627869376,0.0,121.9705841892428,-0.8271679411094681,-2.5400091395434696
0.008,1.0,0.004,0.2,3.9982094098911185,0.0,131.86449973600702,-0.8535791661199709,-2.539974025077579
0.015,0.4,0.002,0.4,4.001508616841502,0.0,34.400978675656916,-0.2035305329102834,-3.651831460273859
0.008,0.6000000000000001,0.01,0.1,4.070404294856487,0.0,109.71705756386746,-0.607169500740419,-2.9105779402834093
0.008,0.8,0.01,0.4,4.083540809380773,0.0,109.93670223107256,-0.6577430458075962,-2.9107846497341114
0.008,0.8,0.008,0.2,4.128956775720663,0.0,113.36942183210203,-0.7065087397311374,-2.9107461566484583
0.008,1.0,0.002,0.1,4.145022189280576,0.0,146.616244831097,-0.8508589915157557,-2.54014339916953
0.008,1.0,0.008,0.5,4.1576967327854675,0.0,115.4064841800523,-0.7406551332765244,-2.9108820845394834
0.008,1.0,0.008,0.4,4.15783129262365,0.0,115.44853285579438,-0.7403116629578814,-2.910674427269099
0.015,0.4,0.004,0.5,4.21793572146472,0.0,19.488565904566713,-0.0222616669722982,-4.022988469149962
0.008,1.0,0.006,0.30000000000000004,4.232650850180864,0.0,121.91884035266958,-0.7797050869998148,-2.9108445328978902
0.015,0.2,0.002,0.1,4.272264000654739,0.0,25.246076580850513,-0.08539386395998247,-4.018896108992895
0.008,1.0,0.004,0.1,4.338219314595506,0.0,131.78769823666107,-0.8060305843582354,-2.9108044422346553
0.015,0.4,0.002,0.30000000000000004,4.372813512349964,0.0,34.6385028116656,-0.1572961518622868,-4.023354851272089
0.008,0.8,0.01,0.30000000000000004,4.437415665145142,0.0,109.94491588337269,-0.611047484308123,-3.281560812963482
0.008,0.8,0.01,0.2,4.440046292581503,0.0,110.11257273187539,-0.612270517129887,-3.2823033612065804
0.008,1.0,0.01,0.5,4.458134155384455,0.0,111.25896941615292,-0.6513486833081413,-3.2815259613131427
0.008,0.8,0.008,0.1,4.480761375901384,0.0,113.36243654406417,-0.6595248927821676,-3.2815168874465277
0.008,1.0,0.008,0.30000000000000004,4.510414303916771,0.0,115.52982330219038,-0.6943315894862071,-3.282484957013294
0.008,1.0,0.006,0.2,4.581085450445457,0.0,121.87071487736193,-0.7323408303699532,-3.281655794218314
0.008,1.0,0.006,0.1,4.583400597878815,0.0,122.00935553355566,-0.7330974696143482,-3.2824384780930957
0.015,0.4,0.004,0.4,4.591315928550273,0.0,19.779578219429368,0.022938636508076066,-4.393460264460237
0.015,0.4,0.002,0.2,4.743272894304983,0.0,34.80630450740318,-0.10996057958354892,-4.393834121779567
0.008,0.8,0.01,0.1,4.797741635269318,0.0,110.11715796027875,-0.5656766749046513,-3.6530316281027844
0.008,1.0,0.01,0.4,4.81671101363956,0.0,111.35391555843489,-0.6056587903078089,-3.6533079859238486
0.008,1.0,0.01,0.30000000000000004,4.816931125251301,0.0,111.40056367110628,-0.6055265931811213,-3.653080168656503
0.022,0.2,0.002,0.1,4.831359021163238,0.0,-4.702091399362416,0.4500774071343406,-4.763120978025077
0.008,1.0,0.008,0.2,4.865187338659563,0.0,115.50309760005621,-0.6472654773880536,-3.6532598644444505
0.008,1.0,0.008,0.1,4.865273718687428,0.0,115.5392048244662,-0.6470077163886641,-3.6530265566541846
0.001,0.4,0.01,0.5,4.931077261571232,32.624045248265155,441.9555045586244,-0.4835145948591535,-0.1669389529270564
0.015,0.2,0.004,0.1,4.957886821402161,0.0,19.206333211742276,0.21248395679547713,-4.761084340685711
0.015,0.4,0.004,0.30000000000000004,4.964978323525039,0.0,20.061192188380573,0.06810186190633126,-4.76387965270878
0.001,0.4,0.01,0.4,4.968531756020471,38.18788354892079,443.3874646626391,-0.48666787810689943,-0.22138789724048005
0.015,0.2,0.002,0.2,4.99409797198612,0.0,23.518282320909748,0.008685454259143716,-4.758907222897264
0.001,0.4,0.01,0.30000000000000004,5.0064486798787895,42.992465348051155,444.6255381159681,-0.4891067808485555,-0.27311369218287074
0.001,0.4,0.008,0.5,5.027182560177037,32.287464992058034,448.24931076865414,-0.5196772347157201,-0.16316302084914305
0.001,0.4,0.01,0.2,5.040925129859758,46.81284385125966,445.61571316478785,-0.4907421655855343,-0.3180027337133261
0.001,0.4,0.008,0.4,5.061442191161346,37.64729390825125,449.67138108106747,-0.5221398456977518,-0.2151467524928515
0.001,0.4,0.01,0.1,5.075394051240616,50.24684489435587,446.50315403788863,-0.49210878120064466,-0.361069719210365
0.001,0.4,0.008,0.30000000000000004,5.095234876596891,42.244752295471756,450.87927182166095,-0.523621859128539,-0.26407300840581105
0.008,0.2,0.002,0.1,5.099216944807268,0.0,137.04949041297095,-0.7909195678255969,-3.6438735287966826
0.015,0.4,0.002,0.1,5.114370173670068,0.0,34.970064734606694,-0.06276845623706089,-4.764256061126669
0.001,0.4,0.008,0.2,5.128688811769834,46.265000674204245,451.9242779013739,-0.5244321505866085,-0.31047606392964855
0.001,0.4,0.008,0.1,5.158520660675997,49.48905014861375,452.75537093936373,-0.5245413983079702,-0.3506787918760909
0.008,1.0,0.01,0.2,5.1763164288027,0.0,111.38892050315371,-0.5587490169431111,-4.023818396063891
0.008,1.0,0.01,0.1,5.176482316683621,0.0,111.43054663278235,-0.5586566863583197,-4.023578440934598
0.001,0.6000000000000001,0.01,0.5,5.1825777878856485,53.15553293205818,450.37917964969165,-0.549201955240071,-0.39890805264630314
0.001,0.4,0.006,0.5,5.1830309088432,32.150872245189426,459.5273305696378,-0.5652029021054114,-0.16125966485304852
0.008,0.2,0.004,0.1,5.1893221428530865,0.0,114.30534853395329,-0.4986204206021995,-4.01542870998042
0.001,0.6000000000000001,0.01,0.4,5.197487408179116,54.5686935054641,450.72545421952736,-0.5486378067320208,-0.4188292806246318
0.001,0.6000000000000001,0.01,0.30000000000000004,5.21079419313283,55.77647576170515,451.01986276746266,-0.5480079879862207,-0.43648756161314983
0.001,0.4,0.006,0.4,5.212108361819008,37.30906262836963,460.85700179253763,-0.5654588750425704,-0.21098529139600902
0.022,0.2,0.002,0.2,5.216396339670187,0.0,-5.907472496655828,0.5034018900115051,-5.1326944945732045
0.001,0.6000000000000001,0.01,0.2,5.222272354874324,56.77746503636358,451.2632551479155,-0.5473330138139743,-0.45168044295945
0.001,0.6000000000000001,0.01,0.1,5.2341677171966685,57.78015821398475,451.51119097682385,-0.5468492682946843,-0.46690162985592565
0.001,0.4,0.006,0.30000000000000004,5.2399146958592,41.701424306671264,461.94549464033616,-0.5645907623770124,-0.25730832037333123
0.001,0.4,0.006,0.2,5.268596295802372,45.71802795024284,462.90814037749215,-0.5631240458366247,-0.3031016432246345
0.001,0.6000000000000001,0.008,0.5,5.279354344534097,52.99389498968224,458.0273915305779,-0.5762150453732834,-0.39584045778004207
0.001,0.6000000000000001,0.008,0.4,5.292444964360314,54.40653548632763,458.3167358529049,-0.5747055098786216,-0.4156781195214446
0.001,0.4,0.006,0.1,5.293873042081138,48.93899987044064,463.64435174295113,-0.5609881676103975,-0.3427912713077629
0.001,0.8,0.01,0.5,5.294188110735707,57.41619610982987,455.18125012427845,-0.5822944857205387,-0.46049394943846994
0.001,0.8,0.01,0.4,5.2979803077813115,57.802981382524706,455.2357365620487,-0.581165582533288,-0.4671189758030686
0.001,0.6000000000000001,0.008,0.30000000000000004,5.304082049545514,55.613829924768034,458.5559804718673,-0.5731835423214015,-0.43328379051482185
0.001,0.8,0.01,0.30000000000000004,5.304386894911928,58.39961234596623,455.3551398133841,-0.5803990647579141,-0.47633062976270424
0.001,0.8,0.01,0.2,5.308484669987492,58.78638896787754,455.4236204138051,-0.5795668578853446,-0.4826934901955324
0.015,0.4,0.006,0.5,5.309941492247372,0.0,17.085518867548217,0.21959273840500054,-5.1343925701878295
0.001,0.8,0.01,0.1,5.31015524698967,58.96295706746204,455.4424605671825,-0.5786913642619271,-0.4860505191390613
0.001,0.6000000000000001,0.008,0.2,5.314053920771344,56.614459766316415,458.7469458375672,-0.5716827085312735,-0.44844605223053785
0.015,0.2,0.004,0.2,5.315455683821327,0.0,17.82611436803427,0.27279376221950524,-5.1299465208273345
0.001,0.6000000000000001,0.008,0.1,5.324580759358238,57.61675897484331,458.94744959103855,-0.5704200947519206,-0.4636832259888989
0.015,0.2,0.002,0.4,5.3291032299743355,0.0,20.139330907469684,0.05763205910168417,-5.127386037607884
0.015,0.4,0.004,0.2,5.338823034976411,0.0,20.333515754987275,0.11322607352891513,-5.134239534290171
0.015,0.2,0.002,0.30000000000000004,5.347866846266815,0.0,21.856183459507974,0.05538504550513064,-5.129005985519531
0.001,1.0,0.01,0.5,5.356232488395882,58.604693986799845,458.92113794807256,-0.5985776967525003,-0.4796103861176361
0.001,1.0,0.01,0.1,5.3571030985712085,58.9171564179593,458.8413402539295,-0.5952726573181866,-0.48634793331007314
0.001,1.0,0.01,0.4,5.357622292807928,58.78855314541402,458.9199102696143,-0.5976828919929345,-0.4829589627706839
0.001,1.0,0.01,0.2,5.358069944889227,58.94451244652389,458.87986261632386,-0.5960287914540666,-0.4863414865834762
0.001,1.0,0.01,0.30000000000000004,5.359071901128002,58.97191332448891,458.9260467556346,-0.5968995912577048,-0.48612809136485036
0.015,0.2,0.006,0.1,5.374748312632789,0.0,23.499502404112263,0.2744190123257008,-5.132422242300709
0.001,0.8,0.008,0.5,5.380432045990479,57.242365082354766,463.03149763737974,-0.5944799213113661,-0.45745955153210016
0.001,0.8,0.008,0.4,5.385718649502732,57.838406740228415,463.09498833576254,-0.5931286290178792,-0.4667700930732152
0.001,0.8,0.008,0.30000000000000004,5.388847800195466,58.22477310796291,463.10962848305917,-0.59174984502448,-0.47330696165518965
0.001,0.8,0.008,0.2,5.392204070367473,58.611654990119604,463.1356281919134,-0.590545868374429,-0.4797342332298383
0.001,0.8,0.008,0.1,5.395741978437741,58.99847980378627,463.17370308195586,-0.5895253204009778,-0.4859665179733937
0.001,0.6000000000000001,0.006,0.5,5.403511428418935,52.62564052796303,469.5546019328908,-0.5906483307227081,-0.3903198302450012
0.001,0.6000000000000001,0.006,0.4,5.41412688125609,54.037559205991975,469.726229653892,-0.5880311007793635,-0.41001738662882414
0.001,0.4,0.004,0.5,5.419546339980004,32.416265909306496,480.534544333575,-0.5921899802841745,-0.16295327149104474
0.001,0.6000000000000001,0.006,0.30000000000000004,5.423497213474226,55.24423405364106,469.8541926929952,-0.5854895753052382,-0.4275068709358745
0.001,0.6000000000000001,0.006,0.2,5.433726248070079,56.453437092128816,469.9989303141915,-0.5832218562192198,-0.4452214850843593
0.001,1.0,0.008,0.1,5.433972483713957,58.94678204705928,466.4505783538234,-0.5961317448558434,-0.48652435237554464
0.001,1.0,0.008,0.5,5.43465120654582,58.63430471000443,466.6581580261941,-0.6000590360597173,-0.4794372785494902
0.001,1.0,0.008,0.2,5.435241752350742,58.97407199829247,466.51694206634284,-0.5970176361480728,-0.4863962768756598
0.001,1.0,0.008,0.4,5.435559097347819,58.817820368578744,466.62078411492075,-0.5989812561286756,-0.48282793024109044
0.001,1.0,0.008,0.30000000000000004,5.436571573332865,59.00079877277521,466.5935185297044,-0.5980211213314904,-0.48605676726728475
0.001,0.4,0.004,0.4,5.438816859999909,37.17520270498764,481.45960184570094,-0.5882424797129783,-0.20885986708233803
0.001,0.6000000000000001,0.006,0.1,5.442425142699039,57.45551891750102,470.10382671400566,-0.5810768237027543,-0.46043916450127215
0.008,0.2,0.002,0.2,5.444104690677574,0.0,135.94730474957714,-0.7549258917385845,-4.014262392826954
0.001,0.4,0.004,0.30000000000000004,5.457760472831247,41.364567401685626,482.1824619458075,-0.5835391187061058,-0.25277758315397814
0.001,0.4,0.004,0.2,5.477284980166185,45.17477750382525,482.7667745572303,-0.5783180107692009,-0.29588989489564516
0.001,0.8,0.006,0.5,5.483123254645443,57.06981510951947,473.8800595919329,-0.5895195826737568,-0.45440387535459204
0.001,0.8,0.006,0.4,5.487347348428929,57.66598802790887,473.86600819620526,-0.5877906536393089,-0.46371841721449614
0.001,0.8,0.006,0.30000000000000004,5.4919378036719415,58.26256857750899,473.86752213081127,-0.5862338850993422,-0.4730056553052563
0.001,0.8,0.006,0.2,5.4944383886582076,58.649250435206184,473.82698153686624,-0.584715607830826,-0.4794773917399799
0.001,0.8,0.006,0.1,5.49720778916705,59.03573651101474,473.80352851192447,-0.5833832493863419,-0.48580538823447444
0.001,0.4,0.004,0.1,5.497330654876537,48.59944253860454,483.24000640901886,-0.572987824120743,-0.33736870627380106
0.001,1.0,0.006,0.5,5.523101323172056,58.665003903260995,476.72382106168425,-0.5845266319795429,-0.47922610678917155
0.001,1.0,0.006,0.1,5.5231529734336835,59.187601074325144,476.4011692195668,-0.5803848265232092,-0.4893352000636378
0.001,1.0,0.006,0.4,5.523509201527248,58.84866992242216,476.6373595215955,-0.583346959240581,-0.48265997502293095
0.001,1.0,0.006,0.30000000000000004,5.5240857253962545,59.03233500823092,476.5643980705918,-0.5822834596726439,-0.48598338724752527
0.001,1.0,0.006,0.2,5.524789284656796,59.21543253265722,476.50511347943575,-0.5813370796208718,-0.48913112374319184
0.008,0.2,0.006,0.1,5.5267065571397564,0.0,112.43470163290385,-0.3671357586051077,-4.387024146425525
0.008,0.2,0.004,0.2,5.538757678358292,0.0,113.02418959575425,-0.44809614570957645,-4.385683669381173
0.001,0.6000000000000001,0.004,0.5,5.560130925645119,52.469565687301746,487.2498157075347,-0.568166267717185,-0.38733179141306245
0.001,0.6000000000000001,0.004,0.4,5.567955917291876,53.8809031306872,487.1992282572078,-0.5645995279792676,-0.4069308956788367
0.001,0.6000000000000001,0.004,0.30000000000000004,5.574781579350004,55.08707167936864,487.120414133492,-0.5612102577801539,-0.4243397905525739
0.001,0.6000000000000001,0.004,0.2,5.582653001168333,56.295753598100006,487.07151711487495,-0.5581195560222606,-0.44199325220924723
0.001,0.6000000000000001,0.004,0.1,5.589247431348818,57.29745380457568,487.0000400494514,-0.5552529410782133,-0.45717662103034745
0.001,0.8,0.004,0.5,5.603744656573993,57.11061208664634,488.96839242514034,-0.5511279459574079,-0.4540272201419672
0.022,0.2,0.002,0.30000000000000004,5.605762430088105,0.0,-7.5040805256130625,0.5577765290261714,-5.502523696909587
0.001,0.8,0.004,0.4,5.606915423615518,57.70659396561937,488.8348438057442,-0.5492171242984762,-0.4633563025484089
0.001,0.8,0.004,0.30000000000000004,5.610530144844982,58.30283726889392,488.72456573957516,-0.5474757132233781,-0.4726635095025318
0.001,0.8,0.004,0.2,5.6121644650074325,58.68951015000772,488.5843821882331,-0.5458301735023567,-0.4791775227658816
0.001,0.8,0.004,0.1,5.614164797019351,59.076325612548516,488.46921326032,-0.5443650057752026,-0.48558944450817965
0.001,1.0,0.004,0.1,5.619282928068013,59.2215652937343,489.2775455942201,-0.5369670852652371,-0.4893663825768922
0.001,1.0,0.004,0.4,5.620852170621932,58.882452994548096,489.68103255284177,-0.5398531644927649,-0.4824885016594364
0.001,1.0,0.004,0.5,5.620916998486488,58.69849167343655,489.8328736269932,-0.5409973029579245,-0.47901535975936504
0.001,1.0,0.004,0.30000000000000004,5.620960280099222,59.06569794631468,489.54557664997355,-0.5388050657757231,-0.48584555194798973
0.001,1.0,0.004,0.2,5.621254121182492,59.24869381071896,489.4291662691012,-0.5378683206722938,-0.48905223205005666
0.015,0.2,0.004,0.30000000000000004,5.674794749910809,0.0,16.49142116423991,0.3323295107457141,-5.499849147229085
0.015,0.2,0.002,0.5,5.683560741186987,0.0,18.492131527626498,0.10424767262076598,-5.497651131067973
0.015,0.4,0.006,0.4,5.684668474766071,0.0,17.36704451219157,0.26304482838142274,-5.5047167684635285
0.015,0.4,0.004,0.1,5.712776456475411,0.0,20.596466965605487,0.15831091501158284,-5.50453573970056
0.001,1.0,0.002,0.5,5.726085649503425,58.5259610704426,506.87315287478623,-0.4532903751260007,-0.4760696124438618
0.001,1.0,0.002,0.2,5.727813514058987,59.286484723919145,506.271156384405,-0.450851376552202,-0.4889720241902366
0.001,1.0,0.002,0.30000000000000004,5.727824368898264,59.10309970683647,506.4622685127906,-0.45159339714870456,-0.48569525116839485
0.001,1.0,0.002,0.1,5.72799365513668,59.46919679454266,506.10311647878507,-0.4501864128520111,-0.49210888756021337
0.001,1.0,0.002,0.4,5.728061263540386,58.91945983608848,506.67866719112817,-0.45241992630228733,-0.4822865287553361
0.001,0.4,0.002,0.5,5.73365902585005,33.09307805189465,520.3873527067813,-0.5023461461307005,-0.16828851472271467
0.001,0.8,0.002,0.5,5.736981042346461,56.946871614752425,509.82803985403007,-0.4522649826868115,-0.45099323479815223
0.015,0.2,0.006,0.2,5.737762047251178,0.0,22.661609403786315,0.33305251997707136,-5.501073144083473
0.001,0.4,0.002,0.4,5.7392215892804375,37.25418255194514,520.2390176381732,-0.49457642435553717,-0.2087633261531141
0.001,0.8,0.002,0.4,5.739333665702399,57.54242995263922,509.5175421551776,-0.4506206262174148,-0.46030521910427963
0.001,0.8,0.002,0.30000000000000004,5.742241875228766,58.138947410480974,509.2433102727123,-0.4491205722464291,-0.46961915676975197
0.001,0.8,0.002,0.2,5.743181295087802,58.52556475934153,508.9588593282733,-0.44772845171787723,-0.47615402274386165
0.001,0.6000000000000001,0.002,0.5,5.743269034404612,52.32092523222444,514.4195425240273,-0.45949755374570933,-0.38438416629577304
0.001,0.8,0.002,0.1,5.744541324198214,58.9119447305774,508.70968386681807,-0.4464759813759612,-0.4825893177518766
0.001,0.4,0.002,0.30000000000000004,5.747450566627178,41.24236061896145,520.0139839297663,-0.48664454364455245,-0.2504518324767217
0.001,0.6000000000000001,0.002,0.4,5.74885683907409,53.73201224912306,513.9760818776199,-0.4559262143894044,-0.4038926206001749
0.001,0.6000000000000001,0.002,0.30000000000000004,5.753638769621781,54.93796068643004,513.5364916719395,-0.452582569438701,-0.42122627532363643
0.001,0.4,0.002,0.2,5.75682754524551,44.84853338625027,519.6712787855467,-0.4785704037682225,-0.29103077171190467
0.001,0.6000000000000001,0.002,0.2,5.75966487079992,56.14639029291171,513.1486021921623,-0.4495024227200825,-0.438812304005754
0.001,0.6000000000000001,0.002,0.1,5.764572015720083,57.147780522201764,512.7705015675629,-0.4466761019640086,-0.45396038998998806
0.001,0.4,0.002,0.1,5.767064076968591,48.0652017913801,519.2420006020416,-0.4705689427955657,-0.3298191600743585
0.008,0.2,0.002,0.5,5.771860438252261,0.0,132.6997509214707,-0.739339206885416,-4.382942390118121
0.015,0.2,0.008,0.1,5.778573736212836,0.0,26.721128943828717,0.2896784703129471,-5.503744398457644
0.008,0.2,0.002,0.4,5.780540009421799,0.0,133.7110328275562,-0.7284229129821727,-4.383316939388927
0.008,0.2,0.002,0.30000000000000004,5.791809764210354,0.0,134.85523595187487,-0.7189520521843196,-4.38470572684265
0.008,0.2,0.004,0.4,5.8748525126368945,0.0,110.42136199387642,-0.3916374459168876,-4.754536313404257
0.008,0.2,0.006,0.2,5.880712533601888,0.0,111.42339736446456,-0.3129235817654899,-4.75619561146376
0.015,0.6000000000000001,0.002,0.5,5.880877868939916,0.0,37.59435693645264,0.015267656909298308,-5.50491312749748
0.008,0.2,0.004,0.30000000000000004,5.888060882598466,0.0,111.65287099502575,-0.39615916251592564,-4.755058064058904
0.008,0.2,0.008,0.1,5.902263299803941,0.0,113.35238930514606,-0.3093659184348509,-4.758693965577631
0.022,0.2,0.002,0.4,5.9951946233454745,0.0,-9.186275724911866,0.6133830628478014,-5.871378742636191
0.015,0.2,0.004,0.4,6.033413808462018,0.0,15.135012280679348,0.39313261156627366,-5.868911308907897
0.015,0.4,0.006,0.30000000000000004,6.059363986337823,0.0,17.639671561924388,0.30653812869965347,-5.874975598587565
0.015,0.4,0.008,0.5,6.074047820215934,0.0,18.7527701627605,0.35932147103232104,-5.875543139744641
0.015,0.2,0.008,0.2,6.144482743184803,0.0,26.20942653782049,0.3438342123181827,-5.872331073625818
0.008,0.2,0.004,0.5,6.225853279174896,0.0,109.05945067377206,-0.33919078603436037,-5.124044522695169
0.008,0.2,0.006,0.30000000000000004,6.238161913528942,0.0,110.52050514620396,-0.25962982295280534,-5.126386495658828
0.015,0.6000000000000001,0.002,0.4,6.253883876872371,0.0,37.73291739917886,0.06085500311588282,-5.87623960067522
0.015,0.6000000000000001,0.002,0.30000000000000004,6.2540771046989745,0.0,37.79650503322864,0.061838409348285314,-5.875786661086562
0.008,0.2,0.008,0.2,6.26023081038326,0.0,112.60708338992208,-0.25684943605790955,-5.127731177755647
0.008,0.2,0.01,0.1,6.279825416908283,0.0,114.24347509290556,-0.26735538850463686,-5.130429217046856
0.022,0.2,0.004,0.2,6.33538591019057,0.0,-4.279329909953958,0.7728412006435094,-6.24495302206072
0.022,0.2,0.004,0.30000000000000004,6.3434285965814805,0.0,-5.030806144312464,0.7861657253507485,-6.243821708061802
0.022,0.2,0.002,0.5,6.384685173825784,0.0,-10.857283959190681,0.6690018813422723,-6.240354358102039
0.015,0.2,0.004,0.5,6.392503873292494,0.0,13.792954183412348,0.45420102482089925,-6.238060716023015
0.015,0.4,0.006,0.2,6.435278907241636,0.0,17.94474199771821,0.34889671593576693,-6.2460946741671
0.015,0.4,0.008,0.4,6.448452879669357,0.0,18.979280796353578,0.4021944487476925,-6.245723778599344
0.015,0.2,0.006,0.4,6.4666042042360585,0.0,21.0791097987003,0.4496445515200713,-6.239632793490798
0.015,0.2,0.006,0.30000000000000004,6.475967613841568,0.0,21.91995999008168,0.4362615436401028,-6.241540021966761
0.015,0.6000000000000001,0.004,0.5,6.4806034842757185,0.0,23.161250293923786,0.18299970310465982,-6.246310862700341
0.015,0.6000000000000001,0.004,0.4,6.4814955263376195,0.0,23.296467520006445,0.18333870471790337,-6.245840593304489
0.015,0.2,0.01,0.2,6.5377145626972215,0.0,28.282691255037662,0.35957102136448144,-6.244543874179636
0.015,0.2,0.01,0.1,6.539605815308569,0.0,28.47922207771262,0.3566875113196462,-6.2446350671279385
0.008,0.2,0.006,0.5,6.585612210206162,0.0,108.68811189368034,-0.1977698347929554,-5.495173400952719
0.008,0.2,0.006,0.4,6.596816259803495,0.0,109.63225822085951,-0.20621845994651467,-5.496626660419894
0.008,0.2,0.008,0.30000000000000004,6.621313541953006,0.0,111.96921411171525,-0.20538712985966806,-5.497786296776464
0.015,0.6000000000000001,0.002,0.2,6.625718405162662,0.0,37.86813557013238,0.10855403742397295,-6.24609381280025
0.008,0.2,0.01,0.2,6.640076282701862,0.0,113.6489815903119,-0.21636196485961368,-5.4993319137593755
0.022,0.2,0.004,0.1,6.702263626483435,0.0,-3.813778469832414,0.8099593009906878,-6.614721397450296
0.022,0.2,0.004,0.4,6.727277264287305,0.0,-6.046228204212184,0.8492918856344518,-6.612497659771558
0.022,0.2,0.004,0.5,6.7400323785767755,0.0,-7.190789707437943,0.8681085694467329,-6.611374411759233
0.015,0.6000000000000001,0.006,0.5,6.798467703590672,0.0,17.50655786658399,0.31640835230794107,-6.6158401932822235
0.015,0.4,0.006,0.1,6.8098325979040935,0.0,18.199486856418844,0.3924536557988531,-6.616208362386395
0.015,0.4,0.008,0.30000000000000004,6.822786140382221,0.0,19.199360630298997,0.4451398006625422,-6.615834050810751
0.028999999999999998,0.2,0.002,0.4,6.826131027211634,0.0,-15.138005142053316,0.897627869608429,-6.614118595589777
0.015,0.2,0.006,0.5,6.832353841336794,0.0,20.339080767874293,0.5075547278045681,-6.609503695428892
0.028999999999999998,0.2,0.002,0.5,6.837355905448218,0.0,-16.096006698490783,0.9065479703605485,-6.614562129822758
0.015,0.4,0.01,0.5,6.84396530605016,0.0,21.233303010020336,0.4625871196817314,-6.615478803542928
0.015,0.6000000000000001,0.004,0.30000000000000004,6.8545458728816895,0.0,23.448502101266513,0.22928540118281082,-6.616089017482555
0.015,0.2,0.008,0.30000000000000004,6.8849906437247705,0.0,25.764933435752027,0.4427787581466138,-6.612533538832129
0.015,0.2,0.01,0.30000000000000004,6.904776302070687,0.0,27.904774237481888,0.4113870525667291,-6.612944853826466
0.008,0.2,0.008,0.5,6.97491948069002,0.0,110.669145356836,-0.1478568032864613,-5.8663650196708765
0.008,0.2,0.008,0.4,6.981575514092524,0.0,111.26010100476651,-0.15303873726696518,-5.866978854063165
0.008,0.2,0.01,0.4,6.995808901569201,0.0,112.60359047319025,-0.16185240562663789,-5.867541123263917
0.015,0.6000000000000001,0.002,0.1,6.997577956652435,0.0,37.94167022764623,0.1551556523154742,-6.616342275946575
0.008,0.2,0.01,0.30000000000000004,7.003190298582491,0.0,113.15794604769553,-0.16647997788194246,-5.8692502290431285
0.015,0.8,0.002,0.5,7.011383905996217,0.0,39.37245043148778,0.15056218048133252,-6.615946416535592
0.022,0.2,0.006,0.4,7.04565705411921,0.0,1.1414133781190685,0.8412255779114367,-6.983760662379053
0.022,0.2,0.006,0.30000000000000004,7.047853720993861,0.0,1.4509652371357333,0.8333577197477984,-6.983798658220618
0.015,0.6000000000000001,0.008,0.5,7.162442358814987,0.0,16.311244431702107,0.42923019155752035,-6.98615636059211
0.015,0.6000000000000001,0.006,0.4,7.172318588970842,0.0,17.694705268361304,0.3614504955085465,-6.9860272308368625
0.015,0.6000000000000001,0.006,0.30000000000000004,7.174543150171467,0.0,17.88850178315306,0.35971579686981564,-6.986403742273717
0.028999999999999998,0.2,0.002,0.30000000000000004,7.189281119509515,0.0,-14.320674180382866,0.9352871405928822,-6.983724085386118
0.015,0.4,0.008,0.2,7.197038821913182,0.0,19.412946950305923,0.4881557478993707,-6.985874559700165
0.015,0.4,0.008,0.1,7.197750030350259,0.0,19.566934542986473,0.4859938226891336,-6.985194623089844
0.015,0.4,0.01,0.4,7.2178612567369305,0.0,21.406734289802444,0.5056450122350917,-6.985517325805489
0.015,0.6000000000000001,0.004,0.2,7.227682813262676,0.0,23.599014760692626,0.27515039208434955,-6.986276446915069
0.015,0.6000000000000001,0.004,0.1,7.2297645546900755,0.0,23.773633238667117,0.2740458902939862,-6.986655674319459
0.015,0.2,0.008,0.5,7.246034769707758,0.0,24.76753167919287,0.5047619518942095,-6.980132549181017
0.015,0.2,0.008,0.4,7.251456155936951,0.0,25.263664694323325,0.49695412065289224,-6.98115399639896
0.015,0.8,0.004,0.5,7.253557854197081,0.0,26.286150111153347,0.24169095853195977,-6.986517085186829
0.015,0.2,0.01,0.4,7.272044415466188,0.0,27.529825808599526,0.4631564865362174,-6.981399777966731
0.008,0.2,0.01,0.5,7.359999954566176,0.0,112.13700887398,-0.11223966202847757,-6.237620127985396
0.015,0.8,0.002,0.4,7.383180245657672,0.0,39.417696812659415,0.19695969064960386,-6.9862274292782205
0.015,0.8,0.002,0.30000000000000004,7.384544281866507,0.0,39.50814188119102,0.1962937855673219,-6.986705937977282
0.022,0.4,0.002,0.5,7.38931237181158,0.0,0.43687066344318737,0.6578493017443898,-7.355584764927565
0.022,0.2,0.006,0.5,7.414007351120539,0.0,0.7012411395053277,0.8986687823175082,-7.352276413248274
0.022,0.2,0.006,0.2,7.422608503691067,0.0,1.6696954947096856,0.8733632861680316,-7.354234320321394
0.015,0.6000000000000001,0.008,0.4,7.5364640884463245,0.0,16.498145343342003,0.4735617162306871,-7.356255537922635
0.001,0.2,0.004,0.1,7.544447881223686,0.0,464.12344826214667,-0.15991821760639038,-2.898805650867447
0.015,0.6000000000000001,0.006,0.2,7.54829094510339,0.0,18.066499070880127,0.4047068551659338,-7.356502196373659
0.015,0.6000000000000001,0.006,0.1,7.549010424260662,0.0,18.196720736420048,0.4043091230316893,-7.35594044923241
0.015,0.8,0.006,0.5,7.559471870968136,0.0,19.491421694382552,0.35304220517305374,-7.356090717277391
0.015,0.4,0.01,0.30000000000000004,7.592853179876281,0.0,21.61142705222983,0.5477678514970247,-7.356373244856688
0.015,0.4,0.01,0.2,7.593056797773703,0.0,21.718331865389246,0.5457814881563978,-7.355653074144319
0.015,0.8,0.004,0.4,7.626190377623754,0.0,26.384471753296566,0.28767901524105294,-7.356723075041469
0.015,0.8,0.004,0.30000000000000004,7.626423352920547,0.0,26.4510706556689,0.2880912066511615,-7.356273599407677
0.015,0.2,0.01,0.5,7.640872260560123,0.0,27.20921679987623,0.5137572133581134,-7.350848493762547
0.001,0.2,0.002,0.1,7.725961666342036,0.0,518.4583842109914,-0.26102434629540794,-2.5279374074806213
0.001,0.2,0.006,0.1,7.730640245309305,0.0,445.9610166941311,-0.04864764116056249,-3.2706683079452787
0.015,0.8,0.002,0.1,7.756262673111247,0.0,39.57874115094819,0.24315259171611986,-7.356457904031893
0.015,0.8,0.002,0.2,7.756466796882657,0.0,39.556029888984085,0.24254652892649392,-7.356909381900703
0.022,0.4,0.002,0.4,7.764885619987965,0.0,0.7557417265511504,0.7030099009132469,-7.725407298257556
0.015,1.0,0.002,0.4,7.76499244749413,0.0,40.493955082778484,0.24160800811413713,-7.35608620206029
0.015,1.0,0.002,0.5,7.76525892771842,0.0,40.48396809023143,0.24109218564498647,-7.356469672806508
0.022,0.2,0.008,0.5,7.819513453697832,0.0,4.704084875092121,0.8721674203152211,-7.7233836098947535
0.022,0.2,0.008,0.4,7.8203990481887375,0.0,4.84348309058214,0.8689004194995077,-7.723240243299417
0.028999999999999998,0.2,0.004,0.5,7.900765251901827,0.0,-9.630547990879677,1.1236611172698834,-7.723145604363116
0.015,0.8,0.008,0.5,7.904515224677978,0.0,16.517540771899803,0.4613671974611121,-7.725575778637703
0.015,0.6000000000000001,0.008,0.30000000000000004,7.9104466529629285,0.0,16.682235777863298,0.5178748008237842,-7.726287783641003
0.015,0.6000000000000001,0.008,0.2,7.9110599996947855,0.0,16.80730266595674,0.516970485004811,-7.72570959732677
0.001,0.2,0.004,0.2,7.911430594200329,0.0,463.98752849283755,-0.11814760288260076,-3.2694212462695296
0.015,0.6000000000000001,0.01,0.5,7.918196355998059,0.0,17.158510095227484,0.5640677335574218,-7.7260477301632955
0.015,0.6000000000000001,0.01,0.4,7.918672745901754,0.0,17.27276476445104,0.562820198989525,-7.725470787519995
0.028999999999999998,0.2,0.002,0.2,7.925704120499597,0.0,-13.433032532095694,1.0173286991609247,-7.724671380328093
0.015,0.8,0.006,0.4,7.932709754637045,0.0,19.621382378244107,0.39851448559675406,-7.726225177465346
0.015,0.8,0.006,0.30000000000000004,7.933102157193457,0.0,19.70746042784731,0.3985665374803854,-7.725753491709446
0.015,0.4,0.01,0.1,7.966683358084091,0.0,21.87602970195985,0.5890671421548708,-7.725497502569557
0.001,0.2,0.01,0.1,7.977837018149419,0.0,433.51555982023,0.027449791940916637,-3.642577993145837
0.015,0.8,0.004,0.2,7.999100602828789,0.0,26.548053629284368,0.3339732993652798,-7.7264054494207395
0.015,0.8,0.004,0.1,7.999248809596313,0.0,26.608645423149937,0.3343353831130551,-7.725931650359724
0.015,1.0,0.004,0.5,8.019676299915957,0.0,28.704894781104485,0.31658810832874884,-7.726143781744283
0.015,1.0,0.004,0.4,8.019680194727142,0.0,28.743778164618107,0.3169760897349434,-7.7257426111141205
0.001,0.2,0.008,0.1,8.021265817564647,0.0,437.95979604618833,0.020286563956542825,-3.641611351692855
0.001,0.2,0.006,0.30000000000000004,8.094745422312894,0.0,445.4910605291998,-0.0023442488652558394,-3.6398340621098098
0.001,0.2,0.006,0.2,8.097284329363,0.0,445.7042660802085,-0.0024851872701688454,-3.6402408202440912
0.001,0.2,0.002,0.2,8.098729427074051,0.0,519.2051280998121,-0.22882196432406895,-2.8976573906378715
0.001,0.2,0.002,0.30000000000000004,8.107752142283388,0.0,520.0215792955923,-0.24306403092671092,-2.8973587108830943
0.015,1.0,0.002,0.2,8.13667763104078,0.0,40.541814810066626,0.2881193730977012,-7.725888972758877
0.015,1.0,0.002,0.30000000000000004,8.13696227209127,0.0,40.532435629336305,0.28765609782202384,-7.7262849307017945
0.022,0.4,0.002,0.30000000000000004,8.140338456382011,0.0,1.0698088377575914,0.7481025947147328,-8.095146386623801
0.022,0.4,0.002,0.2,8.141819749174296,0.0,1.2995874435996484,0.7482242930233653,-8.09431516521596
0.022,0.2,0.006,0.1,8.170622330982493,0.0,1.9859297808006886,0.9585778811061262,-8.094199557017225
0.022,0.4,0.004,0.5,8.229168481753439,0.0,-8.65302714780546,0.887421128254063,-8.094136196319221
0.015,0.8,0.01,0.5,8.271819513814824,0.0,15.764547133537235,0.5579207039508698,-8.094970344587452
0.001,0.2,0.004,0.5,8.27442244053328,0.0,463.49143746387153,-0.08359522433511979,-3.638547897194698
0.001,0.2,0.004,0.4,8.276154213445164,0.0,463.6468673378299,-0.07982196674229994,-3.6388101467646266
0.015,0.8,0.008,0.4,8.27807597619477,0.0,16.662072854134294,0.506347919004242,-8.095635739063635
0.015,0.8,0.008,0.30000000000000004,8.278460188268253,0.0,16.75152606808433,0.5060594461944781,-8.095142460468084
0.001,0.2,0.004,0.30000000000000004,8.279324957506837,0.0,463.845556954117,-0.07625565941788479,-3.6400707375863215
0.015,0.6000000000000001,0.008,0.1,8.284903988715458,0.0,16.981347215246387,0.5613004093214318,-8.09565537448984
0.028999999999999998,0.2,0.002,0.1,8.289064715028404,0.0,-12.657762682421435,1.0554957031514125,-8.093956034333829
0.015,0.6000000000000001,0.01,0.30000000000000004,8.29253812972278,0.0,17.441199127312757,0.6067650574380964,-8.095418961662924
0.015,0.6000000000000001,0.01,0.2,8.292855870974309,0.0,17.542381924911297,0.6056184932345906,-8.094808790516783
0.015,0.8,0.006,0.2,8.306314474613796,0.0,19.833894353193955,0.4439648288029171,-8.095811413527867
0.015,0.8,0.006,0.1,8.306600068812068,0.0,19.911869817327442,0.4439974101131017,-8.095314723657626
0.015,1.0,0.006,0.5,8.322716289680269,0.0,21.65460030127315,0.41110436245815873,-8.095738997745638
0.015,1.0,0.006,0.4,8.322871189571757,0.0,21.710459890436596,0.4112945186879463,-8.09532512264189
0.015,1.0,0.006,0.30000000000000004,8.324346495649193,0.0,21.82120936542833,0.41005789656590746,-8.095756139155212
0.001,0.2,0.01,0.2,8.346198538999662,0.0,433.35066820188604,0.07367606085000936,-4.012015425834957
0.001,0.2,0.008,0.30000000000000004,8.388538094815523,0.0,437.63815827452527,0.06699412951575731,-4.0115971462695885
0.001,0.2,0.008,0.2,8.390625439490321,0.0,437.8014488521344,0.06653222020674077,-4.012059334993755
0.015,1.0,0.004,0.30000000000000004,8.392176846215627,0.0,28.817204973268872,0.36280619346841964,-8.095879532663478
0.015,1.0,0.004,0.1,8.393476224485102,0.0,28.949084827821025,0.3620700241995623,-8.09589304989581
0.015,1.0,0.004,0.2,8.393552936489401,0.0,28.91512505417404,0.3617430717996928,-8.0963243905612
0.001,0.2,0.006,0.5,8.461004016988781,0.0,445.0608010379724,0.044407024713760145,-4.010150140079788
0.001,0.2,0.006,0.4,8.463491608458078,0.0,445.27949365224276,0.04386622624965133,-4.010456775539455
0.001,0.2,0.002,0.4,8.48300906790778,0.0,520.8076006617889,-0.21108388987424004,-3.26812333723272
0.001,0.2,0.002,0.5,8.49171444880738,0.0,521.6055219415948,-0.22530847666822146,-3.267901387349184
0.015,1.0,0.002,0.1,8.508754954351625,0.0,40.58431761421025,0.3340586316016224,-8.096022734410957
0.022,0.4,0.002,0.1,8.517984908178752,0.0,1.622685121892573,0.7921805448680104,-8.464770525147976
0.022,0.2,0.008,0.30000000000000004,8.568603129643545,0.0,5.084822231395719,0.9564091024838335,-8.46388978484617
0.022,0.2,0.01,0.5,8.578315904430466,0.0,6.5740974066206945,0.9236716144080186,-8.46231426347444
0.022,0.4,0.004,0.4,8.59798039622464,0.0,-8.251990226391626,0.9292379694078501,-8.464607741674541
0.028999999999999998,0.2,0.004,0.4,8.638762630327719,0.0,-9.069804049462618,1.203656772154672,-8.462896584905465
0.015,1.0,0.01,0.5,8.642687813453136,0.0,15.93138077951653,0.5566202839365911,-8.46509352455032
0.015,0.8,0.01,0.4,8.646664408270874,0.0,15.95452160703735,0.6011945383206381,-8.465799271758781
0.015,0.8,0.01,0.30000000000000004,8.646933453481841,0.0,16.037379207685717,0.6006474119709051,-8.465277170481716
0.015,0.8,0.008,0.2,8.65318653172237,0.0,16.939311648398416,0.5496223714681434,-8.465971058373867
0.015,0.8,0.008,0.1,8.653449389885013,0.0,17.01991000737553,0.5493444605984286,-8.465444828430023
0.015,1.0,0.008,0.5,8.659474181162908,0.0,17.815301934578656,0.507869695249581,-8.466101642582258
0.015,1.0,0.008,0.4,8.659675214830065,0.0,17.878553162575372,0.5078458227113839,-8.465670820380149
0.015,1.0,0.008,0.30000000000000004,8.659837056309033,0.0,17.939067138565406,0.5078169211710853,-8.465228458944999
0.015,0.6000000000000001,0.01,0.1,8.667704825050846,0.0,17.739924882826926,0.6484005257499059,-8.465510352946444
0.015,1.0,0.006,0.2,8.697231951865675,0.0,21.91778971190206,0.4555543620454218,-8.465805973351124
0.015,1.0,0.006,0.1,8.697279041002806,0.0,21.966480040189253,0.4557076292392191,-8.465357273564571
0.001,0.2,0.01,0.4,8.71474687907727,0.0,433.1110613531041,0.11975962505893806,-4.382000061709017
0.001,0.2,0.01,0.30000000000000004,8.71644517053983,0.0,433.235848299817,0.11961297364390891,-4.382454656972056
0.001,0.2,0.008,0.5,8.755174282636483,0.0,437.2846866787572,0.11412427721705615,-4.3808411554233135
0.001,0.2,0.008,0.4,8.757110622554832,0.0,437.4442391793523,0.1135496813114296,-4.381197015747926
0.022,0.2,0.008,0.2,8.941727895033623,0.0,5.2346265179389775,0.9995610859365422,-8.83300534340783
0.022,0.2,0.01,0.4,8.952205482172497,0.0,6.723191417031558,0.967057669162511,-8.832188560521756
0.022,0.4,0.004,0.2,8.962269336749044,0.0,-7.594004179368767,0.9702078005168476,-8.83320695796255
0.022,0.4,0.004,0.30000000000000004,8.966135143475933,0.0,-7.868252774364009,0.9720163394658088,-8.83413822807286
0.022,0.4,0.006,0.5,8.971159995954757,0.0,-7.485333304601227,1.0587351149921822,-8.833082825197383
0.028999999999999998,0.2,0.004,0.30000000000000004,9.005778102318766,0.0,-8.64555159321526,1.239391769811731,-8.832792505258421
0.015,1.0,0.01,0.4,9.016082899134867,0.0,16.055381886409577,0.6015445902544105,-8.835074385507852
0.015,1.0,0.01,0.30000000000000004,9.016218582738128,0.0,16.11630231322897,0.6013281121206572,-8.83461450575404
0.015,1.0,0.01,0.2,9.016314143383308,0.0,16.17427538150423,0.6011141061502376,-8.834143779922766
0.015,0.8,0.01,0.2,9.02050239267795,0.0,16.180354364831146,0.6452032627530803,-8.835171647881653
0.015,0.8,0.01,0.1,9.020658026593349,0.0,16.254343092486124,0.6446900106301275,-8.834623307203811
0.015,1.0,0.008,0.2,9.033013152222338,0.0,18.05212736987687,0.5529920250424646,-8.835203012923087
0.015,1.0,0.008,0.1,9.033098580735,0.0,18.106994907919216,0.5529550560369823,-8.834741173438944
0.001,0.2,0.01,0.5,9.084101073576406,0.0,432.96223777413434,0.16585886987702467,-4.751584841337949
0.036,0.2,0.002,0.5,9.088242574134755,0.0,-16.840756751072604,1.2452204370668944,-8.832490170303414
0.022,0.6000000000000001,0.002,0.5,9.289262013725677,0.0,4.6632886441593655,0.8538502891114792,-9.203104523382553
0.022,0.6000000000000001,0.002,0.4,9.289562040844912,0.0,4.763004216050831,0.8542815404066284,-9.202364376508202
0.028999999999999998,0.2,0.006,0.5,9.304289873344539,0.0,-2.2777143931652972,1.2194034695781344,-9.201061554224829
0.022,0.2,0.008,0.1,9.314772569595235,0.0,5.391252296127732,1.042589111781272,-9.201985478544088
0.022,0.2,0.01,0.30000000000000004,9.325133737446253,0.0,6.866601890304537,1.0109539267900196,-9.20109595550119
0.022,0.4,0.004,0.1,9.330514131354272,0.0,-7.230632469752436,1.0130837455530277,-9.202612298458313
0.022,0.4,0.006,0.4,9.339432048107302,0.0,-7.139627312682478,1.1001658428087306,-9.202506302341494
0.028999999999999998,0.2,0.004,0.2,9.371786211026745,0.0,-8.207520869719247,1.275692313256294,-9.201703083054872
0.015,1.0,0.01,0.1,9.389619583420961,0.0,16.293650184687976,0.6459965949902305,-9.204040910766663
0.036,0.2,0.002,0.4,9.450354668119603,0.0,-16.017031394647347,1.2816795222479356,-9.201348973752355
0.022,0.6000000000000001,0.002,0.30000000000000004,9.664507601796245,0.0,4.974946290929438,0.8983525510520094,-9.572697465360076
0.022,0.6000000000000001,0.002,0.2,9.664678847369583,0.0,5.067207077327566,0.898745329579594,-9.571905930011983
0.028999999999999998,0.2,0.006,0.4,9.6734537597293,0.0,-2.099999961497815,1.260562948228249,-9.569788119112106
0.022,0.4,0.008,0.5,9.680654669736315,0.0,-3.7870998940338723,1.170015266468683,-9.571538079013203
0.022,0.6000000000000001,0.004,0.5,9.683787101177847,0.0,-6.1162371867908405,0.9864991288986693,-9.57192384789021
0.022,0.2,0.01,0.2,9.697962230569074,0.0,7.015256864936418,1.0547404097038573,-9.569861104231986
0.022,0.4,0.006,0.2,9.704843379401847,0.0,-6.583810866719887,1.1380308702770565,-9.571588601039368
0.022,0.4,0.006,0.30000000000000004,9.707680284376465,0.0,-6.800332960111064,1.141678375781817,-9.571830664961603
0.028999999999999998,0.2,0.004,0.1,9.73862720277184,0.0,-7.786819678367465,1.3120095578329836,-9.571253600857954
0.036,0.2,0.002,0.30000000000000004,9.813434300061306,0.0,-15.226871343898438,1.3180695561833236,-9.570831371265411
0.022,0.6000000000000001,0.002,0.1,10.03853949761638,0.0,5.250053122940699,0.943819590272849,-9.941336872836379
0.028999999999999998,0.2,0.006,0.30000000000000004,10.042328787868808,0.0,-1.909664593825255,1.3016004651596627,-9.938360971514665
0.022,0.4,0.008,0.30000000000000004,10.046531176665633,0.0,-3.368942250015607,1.2084477011672583,-9.939650604900715
0.022,0.4,0.008,0.4,10.049399567233895,0.0,-3.513577115626049,1.211337833136416,-9.940731363005622
0.022,0.6000000000000001,0.004,0.30000000000000004,10.05095855808374,0.0,-5.71447228614079,1.030452165962434,-9.940547434962756
0.022,0.6000000000000001,0.004,0.4,10.053270245330129,0.0,-5.860832897735236,1.0307651325883025,-9.941367615355183
0.022,0.2,0.01,0.1,10.071468219396083,0.0,7.1800620258495655,1.097724736331851,-9.939232993369622
0.022,0.4,0.006,0.1,10.073139442858414,0.0,-6.26148840019232,1.1797348674216914,-9.940765945643145
0.036,0.2,0.002,0.2,10.175671613915004,0.0,-14.437350493421945,1.355108338756329,-9.939347219082073
0.022,0.4,0.01,0.5,10.385683576305212,0.0,-0.17176741705088716,1.2477100831449799,-10.308732579959308
0.028999999999999998,0.2,0.006,0.2,10.411695688416605,0.0,-1.716139781352922,1.3422248326800061,-10.307510641132529
0.022,0.4,0.008,0.2,10.41528162882481,0.0,-3.1067109397627064,1.250000670004326,-10.308705520601073
0.022,0.6000000000000001,0.004,0.1,10.418629030698453,0.0,-5.315217813788877,1.0732783932848822,-10.309761581699
0.022,0.6000000000000001,0.004,0.2,10.420407681193174,0.0,-5.466595139655965,1.0746835195276832,-10.309881519285394
0.022,0.8,0.002,0.4,10.427591865619055,0.0,7.158812599259818,0.9774388652949193,-10.309773359282355
0.022,0.8,0.002,0.5,10.42775422960762,0.0,7.110857462115291,0.9770725197235003,-10.310452876287794
0.022,0.8,0.002,0.30000000000000004,10.428297551199588,0.0,7.231919957187529,0.9766510924225658,-10.30982251365423
0.022,0.6000000000000001,0.006,0.4,10.460568440318157,0.0,-8.656999424268179,1.1587253659393115,-10.3090833387603
0.022,0.6000000000000001,0.006,0.5,10.463072515805068,0.0,-8.811391982473197,1.1597603844014406,-10.309933157837605
0.028999999999999998,0.4,0.002,0.4,10.467063159857254,0.0,-8.739625558985608,1.2112648402614632,-10.308749804427805
0.028999999999999998,0.4,0.002,0.5,10.47029957043058,0.0,-9.00324210330109,1.2126595036002463,-10.309190221408777
0.036,0.2,0.004,0.5,10.49537468225776,0.0,-8.450518727409417,1.462939058763057,-10.30757066199048
0.036,0.2,0.002,0.1,10.537949901282746,0.0,-13.663393119565626,1.3924181028573337,-10.30769352165769
0.022,0.4,0.01,0.30000000000000004,10.755743100944022,0.0,0.12441815259262512,1.2867154371486067,-10.677247322768563
0.022,0.4,0.01,0.4,10.756378595125554,0.0,0.04350179345101424,1.288952128143427,-10.678432686825898
0.022,0.8,0.004,0.30000000000000004,10.764013089747166,0.0,-3.172434407471428,1.0796793197692167,-10.677842211184348
0.022,0.8,0.004,0.4,10.765550701284791,0.0,-3.253362684523381,1.0796346248521425,-10.678578772338174
0.022,0.8,0.004,0.5,10.76710837298966,0.0,-3.3375338060300237,1.0795851551374132,-10.679303383551794
0.028999999999999998,0.2,0.008,0.4,10.769558416822278,0.0,1.2298439380074342,1.3268545845547346,-10.675115883854653
0.028999999999999998,0.2,0.008,0.5,10.77074751092949,0.0,1.2216280253228433,1.3275945135581844,-10.676304934246057
0.028999999999999998,0.2,0.006,0.1,10.779974851039075,0.0,-1.5028296144896558,1.3830431330259343,-10.675732575421597
0.022,0.4,0.008,0.1,10.784606693913886,0.0,-2.848145624011977,1.2908827557988163,-10.678382454253256
0.022,0.8,0.002,0.1,10.801474549504098,0.0,7.421127815619911,1.021906389054869,-10.678477636106116
0.022,0.8,0.002,0.2,10.801746676367147,0.0,7.3784753737290885,1.0215840321164689,-10.679210320932945
0.022,1.0,0.002,0.4,10.812215549029967,0.0,8.638135065126335,1.016314570325442,-10.67757575226017
0.022,1.0,0.002,0.5,10.812552304785273,0.0,8.612103610144004,1.016024949929639,-10.678203082116331
0.022,0.6000000000000001,0.006,0.1,10.825388767640758,0.0,-8.103586676194482,1.1991698812092733,-10.677223930152609
0.022,0.6000000000000001,0.006,0.2,10.82776406949635,0.0,-8.23872905008011,1.2000991849406788,-10.678149842968185
0.022,0.6000000000000001,0.008,0.4,10.829559624718456,0.0,-7.829731814851584,1.258618676481135,-10.67733675650836
0.022,0.6000000000000001,0.006,0.30000000000000004,10.83018425713599,0.0,-8.380320131321696,1.201062043325114,-10.679052194133629
0.022,0.6000000000000001,0.008,0.5,10.831941670110773,0.0,-7.960463572791014,1.2600895981916587,-10.678245450704456
0.028999999999999998,0.4,0.002,0.30000000000000004,10.834743564995332,0.0,-8.362378724531936,1.2549776683994331,-10.677621810466327
0.036,0.2,0.004,0.4,10.861012135683406,0.0,-8.0482983102047,1.4992665043686146,-10.675767361578036
0.043,0.2,0.002,0.5,10.938653787410075,0.0,-16.038453264927284,1.4842763166908393,-10.67558016895722
0.022,1.0,0.004,0.4,11.111366565575203,0.0,-1.0709101480301797,1.102073541192282,-11.045815046657705
0.022,1.0,0.004,0.5,11.112504442041235,0.0,-1.1213658604096963,1.1019378092056904,-11.046465051004747
0.022,0.4,0.01,0.1,11.128233172535179,0.0,0.40377068435827823,1.3267873574867608,-11.04478881948074
0.022,0.4,0.01,0.2,11.129025656445293,0.0,0.3332008708871399,1.3287961831395465,-11.04605630290541
0.022,0.8,0.004,0.1,11.13250115284538,0.0,-2.9078846836000594,1.1242279869153862,-11.046361316697134
0.022,0.8,0.004,0.2,11.134003475351397,0.0,-2.9823515327384484,1.1241900487738161,-11.047126744943085
0.028999999999999998,0.2,0.008,0.30000000000000004,11.141680513333958,0.0,1.3844476195877178,1.3704123463801485,-11.043129306058033
0.022,0.6000000000000001,0.01,0.5,11.182882863804137,0.0,-5.702709341779155,1.3337270678735487,-11.045625320997473
0.022,1.0,0.002,0.1,11.184748402464475,0.0,8.816533308618546,1.0616694353400842,-11.045678513594243
0.022,1.0,0.002,0.2,11.18514617760783,0.0,8.793349324287192,1.0614128482071674,-11.046335687805765
0.022,1.0,0.002,0.30000000000000004,11.185518846361843,0.0,8.769253771507465,1.061145402811936,-11.046977831560243
0.022,0.8,0.006,0.30000000000000004,11.186517165572937,0.0,-7.667344630842763,1.1918963412836021,-11.04572363306795
0.022,0.8,0.006,0.4,11.188249529554332,0.0,-7.760415845962598,1.1922153394908164,-11.046495514257497
0.022,0.8,0.006,0.5,11.190003838941532,0.0,-7.85728935201405,1.192542716502824,-11.047250315086744
0.022,0.6000000000000001,0.008,0.2,11.19629457759032,0.0,-7.456117671831635,1.3000837631228555,-11.045484871608682
0.022,0.6000000000000001,0.008,0.30000000000000004,11.198587689988987,0.0,-7.574801986590046,1.3014428946040428,-11.046438734694023
0.028999999999999998,0.4,0.002,0.1,11.198632209117223,0.0,-7.754647551915241,1.2981186391963302,-11.045063870010422
0.028999999999999998,0.4,0.002,0.2,11.202352184579158,0.0,-7.98935402356301,1.2986598726800254,-11.046382612883857
0.022,0.8,0.008,0.5,11.206816350484331,0.0,-9.102108492864772,1.2517343569168462,-11.045092371069792
0.036,0.2,0.004,0.30000000000000004,11.227334709005634,0.0,-7.6606568513821,1.535652396687525,-11.044478701129531
0.028999999999999998,0.4,0.004,0.4,11.279787163275337,0.0,-14.386354037666933,1.4253611788673288,-11.04432616526742
0.028999999999999998,0.4,0.004,0.5,11.284264721314848,0.0,-14.670912294249774,1.427918773412232,-11.045641343234543
0.043,0.2,0.002,0.4,11.300846007910724,0.0,-15.248335896113986,1.520306748733985,-11.044213740336978
0.022,1.0,0.004,0.1,11.479741362920821,0.0,-0.7935467427910226,1.1457098476471366,-11.41445046635493
0.022,1.0,0.004,0.2,11.480861016954423,0.0,-0.8383067741383456,1.145590264391734,-11.41513789847982
0.022,1.0,0.004,0.30000000000000004,11.481983108281074,0.0,-0.8848852609303322,1.1454649500455816,-11.41581007624453
0.028999999999999998,0.2,0.008,0.2,11.514268801015115,0.0,1.546942785364081,1.4132305744330111,-11.41162417746512
0.022,1.0,0.006,0.30000000000000004,11.538693151025045,0.0,-6.194756296427386,1.199175471702966,-11.413924280506611
0.022,1.0,0.006,0.4,11.539988726117032,0.0,-6.255240830299499,1.1992452774001958,-11.414611478018426
0.022,1.0,0.006,0.5,11.541301930602728,0.0,-6.318206535472655,1.1993155130304967,-11.415291408510129
0.022,0.6000000000000001,0.01,0.2,11.548376328054703,0.0,-5.285559052731969,1.3724301709860462,-11.413300681778663
0.022,0.6000000000000001,0.01,0.30000000000000004,11.550441811797795,0.0,-5.373645824697178,1.3738928749823835,-11.414317866365767
0.022,0.6000000000000001,0.01,0.4,11.551961243744424,0.0,-5.4668181986353375,1.376284990264379,-11.414621648286168
0.022,0.8,0.006,0.1,11.554892842306183,0.0,-7.3554210065740335,1.2344838209328068,-11.414779300715015
0.022,0.8,0.006,0.2,11.556578945646251,0.0,-7.440733565705614,1.2347822470784562,-11.41558485946041
0.022,0.6000000000000001,0.008,0.1,11.565828701743657,0.0,-7.205966848950993,1.3420038002023185,-11.41515450574518
0.022,0.8,0.008,0.30000000000000004,11.575022165350685,0.0,-8.781165214237717,1.2936397248198737,-11.414136044271219
0.022,0.8,0.01,0.5,11.575561146882794,0.0,-8.384676915453838,1.3385656551426481,-11.413489445658538
0.022,0.8,0.008,0.4,11.57679790430262,0.0,-8.871033472878935,1.294269038103049,-11.414947378906508
0.036,0.2,0.004,0.2,11.59257555925044,0.0,-7.248522056304864,1.5723940957202711,-11.41227664487952
0.028999999999999998,0.4,0.004,0.30000000000000004,11.647139236767808,0.0,-13.974044594787756,1.4662280192678587,-11.413606017664963
0.043,0.2,0.002,0.30000000000000004,11.66215925319612,0.0,-14.451488917880852,1.5569272493292454,-11.411928375006383
0.028999999999999998,0.2,0.008,0.1,11.886139399924577,0.0,1.7222723844497523,1.4562552501831627,-11.779240370671014
0.036,0.2,0.006,0.5,11.893692744789725,0.0,-1.2921971715973086,1.543440594023709,-11.780089358533882
0.028999999999999998,0.2,0.01,0.5,11.894633660955032,0.0,2.8347100507812684,1.425745692107345,-11.780322829026701
0.022,1.0,0.006,0.1,11.907387562617535,0.0,-5.956697342811367,1.2433542911905033,-11.782398856777805
0.028999999999999998,0.6000000000000001,0.002,0.5,11.907561588854914,0.0,-4.8782532064165025,1.3530676629177145,-11.781334755338433
0.022,1.0,0.006,0.2,11.908658159280623,0.0,-6.012392832682053,1.2434204901290322,-11.783109475296039
0.022,0.6000000000000001,0.01,0.1,11.91742934918558,0.0,-5.061095031054265,1.41512360265591,-11.78213919885032
0.022,1.0,0.008,0.2,11.936483232399455,0.0,-8.427723192492977,1.2958663961811223,-11.781150935326009
0.022,1.0,0.008,0.30000000000000004,11.937833650681519,0.0,-8.488479285959784,1.2961287962106893,-11.781869408959489
0.022,1.0,0.008,0.4,11.93920653511805,0.0,-8.551983046519581,1.2963987265600716,-11.782582010486381
0.022,1.0,0.008,0.5,11.94059709425953,0.0,-8.618142669964527,1.2966761501749609,-11.78328484680128
0.022,0.8,0.01,0.2,11.941540277721366,0.0,-8.012967958504305,1.3801984810185595,-11.780836707576196
0.022,0.8,0.008,0.1,11.942712962915886,0.0,-8.479533703035031,1.3366368347733955,-11.78234324717345
0.022,0.8,0.01,0.30000000000000004,11.943229673950457,0.0,-8.087059482338645,1.3810023600733352,-11.78169747547527
0.022,0.8,0.008,0.2,11.944438328057437,0.0,-8.56149536657449,1.3372224211461936,-11.783188363995658
0.022,0.8,0.01,0.4,11.944943859824336,0.0,-8.16487155805953,1.381835380967149,-11.782542283367563
0.022,1.0,0.01,0.5,11.949781101541088,0.0,-9.223287488832284,1.3421176243776372,-11.781348404564355
0.036,0.2,0.004,0.1,11.957608437393759,0.0,-6.831432165318802,1.6093214352286567,-11.779872626166078
0.028999999999999998,0.4,0.006,0.4,11.998682799074427,0.0,-11.431712628715559,1.5722623746123212,-11.779904009367092
0.028999999999999998,0.4,0.006,0.5,12.002638607780847,0.0,-11.638488852104729,1.5756108135808133,-11.781361468130271
0.028999999999999998,0.4,0.004,0.1,12.009456998610528,0.0,-13.304012262405195,1.5055461685692655,-11.780603063787641
0.028999999999999998,0.4,0.004,0.2,12.013747139267602,0.0,-13.558589556008428,1.5078264969932949,-11.782070012798272
0.043,0.2,0.002,0.2,12.023417534990932,0.0,-13.665251850475215,1.593791169076559,-11.77943174633366
0.036,0.2,0.006,0.4,12.261653689449378,0.0,-1.1112986604375692,1.5853716444210846,-12.14752420294472
0.028999999999999998,0.2,0.01,0.30000000000000004,12.264889188818376,0.0,3.04078546458004,1.4681811076413647,-12.146068407158843
0.028999999999999998,0.2,0.01,0.4,12.266483204371312,0.0,3.0099267357331883,1.469314854487972,-12.147847781084298
0.028999999999999998,0.6000000000000001,0.002,0.2,12.272492790640372,0.0,-4.414213865552938,1.396495462760288,-12.148348039564397
0.028999999999999998,0.6000000000000001,0.002,0.30000000000000004,12.27467535988374,0.0,-4.516438740246485,1.3964314473394097,-12.149523358507587
0.028999999999999998,0.6000000000000001,0.002,0.4,12.276396846229071,0.0,-4.629113480791148,1.397256561726621,-12.150027152778236
0.022,1.0,0.008,0.1,12.306220169480145,0.0,-8.235523249872585,1.3398089096696155,-12.150217532337999
0.022,0.8,0.01,0.1,12.310870782374225,0.0,-7.80025148544928,1.423513405278248,-12.149760311853248
0.022,1.0,0.01,0.1,12.315741925566847,0.0,-8.841966158273863,1.383433769543558,-12.148807379846302
0.022,1.0,0.01,0.2,12.317096827196162,0.0,-8.89682473504763,1.3838429686353166,-12.14957230536933
0.022,1.0,0.01,0.30000000000000004,12.318029042170915,0.0,-8.961626383780185,1.3853652415044972,-12.149684861136594
0.022,1.0,0.01,0.4,12.319414222690398,0.0,-9.021832960901065,1.3858017490152068,-12.150423272618328
0.043,0.2,0.004,0.5,12.326821526165256,0.0,-6.637466400899939,1.6740110481273163,-12.145626549112437
0.028999999999999998,0.4,0.006,0.30000000000000004,12.366215926949561,0.0,-11.086073382508403,1.6123201828881684,-12.148833464061253
0.043,0.2,0.002,0.1,12.385310646386133,0.0,-12.904161599994495,1.6304548587340284,-12.1473349957443
0.036,0.2,0.006,0.2,12.626462667707676,0.0,-0.8784902179309029,1.6242617905490733,-12.512696185493805
0.036,0.2,0.006,0.30000000000000004,12.629876930595568,0.0,-0.9246223641025608,1.6266982721807837,-12.515357452849997
0.028999999999999998,0.2,0.01,0.2,12.63645444826469,0.0,3.22500743597584,1.511505337759357,-12.513245762514583
0.028999999999999998,0.6000000000000001,0.002,0.1,12.641209901898618,0.0,-4.171571028557992,1.4406169097789943,-12.516863696779216
0.043,0.2,0.004,0.4,12.692365385942598,0.0,-6.266519501372386,1.7109001675559539,-12.513278848063997
0.028999999999999998,0.4,0.008,0.4,12.694061512548037,0.0,-6.9511310699354,1.6616256725432021,-12.514722047386549
0.028999999999999998,0.4,0.008,0.5,12.697236920647057,0.0,-7.070522737824376,1.6646070821782424,-12.516324774592732
0.036,0.4,0.002,0.4,12.720659409091851,0.0,-10.948549645405365,1.5565701529615186,-12.514743178096204
0.036,0.4,0.002,0.5,12.725024765268806,0.0,-11.207306381666967,1.5575108523853163,-12.516417641157005
0.028999999999999998,0.4,0.006,0.1,12.729137490320422,0.0,-10.546505922572578,1.6500561735697596,-12.51536736462996
0.028999999999999998,0.4,0.006,0.2,12.732957623271833,0.0,-10.729530010864437,1.653013735999763,-12.51698424889712
0.028999999999999998,0.6000000000000001,0.004,0.30000000000000004,12.737310065051275,0.0,-12.92036677643955,1.5274107895869082,-12.515245231523027
0.028999999999999998,0.6000000000000001,0.004,0.4,12.740069783316558,0.0,-13.067066733112824,1.5280625906738272,-12.516467983628504
0.028999999999999998,0.6000000000000001,0.004,0.5,12.742856912685372,0.0,-13.21898205955631,1.528735354983576,-12.517663229290845
0.028999999999999998,0.8,0.002,0.30000000000000004,12.988161732466827,0.0,-2.14527318276987,1.4699557758999204,-12.883119665832272
0.028999999999999998,0.8,0.002,0.4,12.989311202880113,0.0,-2.206598974290955,1.4707333626581496,-12.883570615073834
0.028999999999999998,0.8,0.002,0.5,12.990839248506923,0.0,-2.261565762994451,1.4705776943964406,-12.884573114687264
0.036,0.2,0.006,0.1,12.993911048690093,0.0,-0.6649745244785663,1.6650639974574548,-12.880082222110962
0.036,0.2,0.008,0.5,12.996931294926672,0.0,1.653543039494707,1.6098793549022374,-12.880177221708243
0.028999999999999998,0.2,0.01,0.1,13.008354619886596,0.0,3.4167038952282383,1.5540725249370206,-12.880776450684408
0.028999999999999998,0.4,0.01,0.5,13.02336989506822,0.0,-3.316846859632278,1.6811217987050404,-12.880961245117975
0.043,0.2,0.004,0.30000000000000004,13.056809924255079,0.0,-5.865912150692111,1.7480314879008967,-12.880074153835047
0.028999999999999998,0.4,0.008,0.2,13.058860968128947,0.0,-6.571163972219438,1.6992654753604155,-12.881553722844345
0.028999999999999998,0.4,0.008,0.30000000000000004,13.061371144569742,0.0,-6.6662785525422805,1.7024967353070792,-12.882699647313252
0.036,0.4,0.002,0.2,13.083122598543968,0.0,-10.297100888752539,1.5979525561221184,-12.88141618452115
0.036,0.4,0.002,0.30000000000000004,13.087464668666094,0.0,-10.541398064573059,1.5988281464061471,-12.883221205296037
0.028999999999999998,0.6000000000000001,0.004,0.1,13.10301224090922,0.0,-12.48776416884266,1.569206047086071,-12.882917761799163
0.028999999999999998,0.6000000000000001,0.004,0.2,13.10523597920903,0.0,-12.621843692908897,1.5706799202367216,-12.883627631648459
0.028999999999999998,0.6000000000000001,0.006,0.4,13.12937729744425,0.0,-14.212312422190735,1.6457492066515,-12.882557219305767
0.028999999999999998,0.6000000000000001,0.006,0.5,13.131692193898818,0.0,-14.348007356983544,1.6478307674605,-12.883256880326156
0.028999999999999998,1.0,0.002,0.4,13.340489785849265,0.0,-0.6090139743027976,1.5068868880007447,-13.248981312872683
0.028999999999999998,1.0,0.002,0.5,13.341687755136096,0.0,-0.6402020867267311,1.506733676993204,-13.24989053695193
0.028999999999999998,0.8,0.002,0.1,13.355707446677325,0.0,-1.8929541022876037,1.514211614378135,-13.250539916985836
0.028999999999999998,0.8,0.002,0.2,13.357253015443746,0.0,-1.9425066505336872,1.5140661524747816,-13.251613414275742
0.036,0.2,0.008,0.4,13.367926257975123,0.0,1.8290190401926338,1.653597023742263,-13.246826035685752
0.028999999999999998,0.4,0.01,0.4,13.39115756313794,0.0,-3.0879801353953553,1.7227326719715774,-13.24874386547424
0.043,0.2,0.004,0.2,13.42159721572828,0.0,-5.472845465441424,1.7849621546998329,-13.247154055949592
0.028999999999999998,0.4,0.008,0.1,13.426064419946645,0.0,-6.292771656516379,1.7403256761955592,-13.249327873293641
0.036,0.4,0.002,0.1,13.449283160970312,0.0,-9.896027587077697,1.6409120734996137,-13.249095391892066
0.028999999999999998,0.8,0.004,0.30000000000000004,13.45138544093099,0.0,-10.888454781401379,1.5748753185670301,-13.249230083812254
0.028999999999999998,0.8,0.004,0.4,13.453315639122781,0.0,-10.97176365006817,1.5750354974393785,-13.250315876890873
0.028999999999999998,0.8,0.004,0.5,13.455255239438822,0.0,-11.057959042320363,1.5752010941474037,-13.251381425739252
0.028999999999999998,0.6000000000000001,0.008,0.5,13.48616797888101,0.0,-12.390787938970334,1.7352601847320237,-13.24910816084393
0.028999999999999998,0.6000000000000001,0.006,0.2,13.494107095699855,0.0,-13.768824306670012,1.6869995069973813,-13.24945120487505
0.028999999999999998,0.6000000000000001,0.006,0.30000000000000004,13.496937015035215,0.0,-13.903389755330409,1.6882196297728875,-13.25079205850286
0.036,0.4,0.004,0.4,13.508501399390054,0.0,-14.507512683769619,1.756215463601231,-13.24752312650748
0.036,0.4,0.004,0.5,13.513402402618278,0.0,-14.775967003978167,1.758955320456248,-13.249395527176588
0.028999999999999998,1.0,0.002,0.1,13.70768086384449,0.0,-0.357706943665562,1.5502906800567164,-13.616132329528547
0.028999999999999998,1.0,0.002,0.2,13.708897644593351,0.0,-0.3857737304597322,1.5501470515738327,-13.617090841250722
0.028999999999999998,1.0,0.002,0.30000000000000004,13.70978513617901,0.0,-0.4237073413369217,1.5509613445430142,-13.617509559699686
0.043,0.2,0.006,0.5,13.726380363369394,0.0,0.16492548480209734,1.7506866405372359,-13.612616952219685
0.036,0.2,0.008,0.30000000000000004,13.739145045834391,0.0,2.0110464977674383,1.6964586406248454,-13.613740775826155
0.028999999999999998,0.4,0.01,0.2,13.756754828205496,0.0,-2.818850232856221,1.762008986515608,-13.615023235214853
0.028999999999999998,0.4,0.01,0.30000000000000004,13.758794530681875,0.0,-2.8577770199026418,1.7643916975545362,-13.616378895559743
0.043,0.2,0.004,0.1,13.785316414750643,0.0,-5.051016494951,1.8221707300233252,-13.61339768574409
0.028999999999999998,1.0,0.004,0.30000000000000004,13.79797749805024,0.0,-8.9900038443634,1.5943930561111808,-13.615039420479075
0.028999999999999998,1.0,0.004,0.4,13.79944883916375,0.0,-9.041012178234269,1.5943972297499103,-13.616006757799008
0.028999999999999998,1.0,0.004,0.5,13.800550734176168,0.0,-9.097836462125997,1.5953555601073135,-13.616431808403334
0.028999999999999998,0.8,0.004,0.1,13.817991278340319,0.0,-10.56887599227639,1.6184109777276,-13.616460122358205
0.028999999999999998,0.8,0.004,0.2,13.819894911612199,0.0,-10.646200491014952,1.6185574002776988,-13.617581063780193
0.028999999999999998,0.6000000000000001,0.01,0.5,13.826808025135303,0.0,-9.443580867830406,1.7946855726517001,-13.614593287595335
0.028999999999999998,0.6000000000000001,0.008,0.2,13.84886343027395,0.0,-11.89384992211717,1.7734868611391026,-13.614902973055358
0.028999999999999998,0.6000000000000001,0.008,0.30000000000000004,13.850978503214217,0.0,-11.986294032873502,1.7756913889942172,-13.615816343222601
0.028999999999999998,0.6000000000000001,0.008,0.4,13.853668965424315,0.0,-12.097194413725447,1.777259767177065,-13.617206585729697
0.028999999999999998,0.8,0.006,0.30000000000000004,13.859435691785526,0.0,-14.023069975278304,1.6825082577190538,-13.615643634295196
0.028999999999999998,0.8,0.006,0.4,13.86107985291499,0.0,-14.10899589190376,1.6838921383793934,-13.616263435967122
0.028999999999999998,0.6000000000000001,0.006,0.1,13.861593668734963,0.0,-13.466746772090573,1.7295165725861645,-13.617535582961992
0.028999999999999998,0.8,0.006,0.5,13.863187556073512,0.0,-14.203042517782706,1.6844125988437026,-13.617375195227094
0.036,0.4,0.004,0.30000000000000004,13.874415699466395,0.0,-14.083111562347767,1.7965932661833086,-13.615564555224019
0.043,0.2,0.006,0.4,14.097127679301218,0.0,0.35788727761155315,1.7924657462022386,-13.979098129371465
0.036,0.2,0.008,0.2,14.109749725916236,0.0,2.20916209739471,1.7394670393891956,-13.97985569670248
0.036,0.2,0.01,0.5,14.11253582766405,0.0,3.0372721160015317,1.7129015970137116,-13.97759943184563
0.028999999999999998,0.4,0.01,0.1,14.124217979980056,0.0,-2.590720320550645,1.803797917289853,-13.982441840826594
0.036,0.6000000000000001,0.002,0.4,14.154829157030159,0.0,-7.188978932320424,1.6952764177311959,-13.980530000754436
0.036,0.6000000000000001,0.002,0.5,14.157494426685513,0.0,-7.299847457150463,1.6953775754587799,-13.982085720726626
0.028999999999999998,1.0,0.004,0.1,14.165347957555959,0.0,-8.729319644563475,1.6381955291877923,-13.982415430281357
0.028999999999999998,1.0,0.004,0.2,14.166818507325731,0.0,-8.776864510482937,1.6381952042137942,-13.983417375441288
0.028999999999999998,0.6000000000000001,0.01,0.30000000000000004,14.1919648395529,0.0,-9.102847085224766,1.835047716713906,-13.981023079572104
0.028999999999999998,0.6000000000000001,0.01,0.4,14.19440413030505,0.0,-9.179340682647762,1.8366071213254742,-13.982507053453233
0.036,0.4,0.006,0.4,14.211395247120688,0.0,-10.558438586378543,1.8853944180927562,-13.979241322109646
0.028999999999999998,1.0,0.006,0.30000000000000004,14.213892301591827,0.0,-13.064102517997071,1.6914252404609382,-13.981310638509102
0.028999999999999998,1.0,0.006,0.4,14.215508751686537,0.0,-13.124300677328847,1.6916232953052819,-13.982308543302755
0.036,0.4,0.006,0.5,14.21574280134791,0.0,-10.742347044896178,1.8886834662692948,-13.981328588759293
0.028999999999999998,0.6000000000000001,0.008,0.1,14.21629365715187,0.0,-11.610884876455657,1.8156112986071304,-13.982802553245415
0.028999999999999998,1.0,0.006,0.5,14.217145887233034,0.0,-13.186849739743593,1.691828016295246,-13.983302796975128
0.028999999999999998,0.8,0.006,0.1,14.225480024025945,0.0,-13.67890663342996,1.725244683932249,-13.98265867715814
0.028999999999999998,0.8,0.006,0.2,14.227555903044266,0.0,-13.76301107584186,1.7257119051137302,-13.983845224138841
0.028999999999999998,0.8,0.008,0.30000000000000004,14.234736264201967,0.0,-14.08219293976299,1.7782308266404836,-13.981284504793853
0.036,0.4,0.004,0.1,14.234788718168785,0.0,-13.403178801514969,1.835132536584163,-13.980830968738802
0.028999999999999998,0.8,0.008,0.4,14.236859668088986,0.0,-14.165980179109283,1.7790045194712016,-13.982481975335608
0.028999999999999998,0.8,0.008,0.5,14.238998545162444,0.0,-14.25307487246937,1.7798045101414732,-13.983658328266127
0.036,0.4,0.004,0.2,14.23960926866879,0.0,-13.646990333044414,1.837588646509268,-13.982911282146373
0.043,0.2,0.006,0.30000000000000004,14.467350080961507,0.0,0.5785436947703602,1.834169769631023,-14.344778604396854
0.036,0.2,0.008,0.1,14.480505980238197,0.0,2.413961841884884,1.7816533295245036,-14.346157666794836
0.036,0.2,0.01,0.4,14.483200578564322,0.0,3.2422106358385463,1.7551701550247945,-14.343792252388514
0.036,0.6000000000000001,0.002,0.2,14.519960214349133,0.0,-6.8043695890119125,1.7379916952149186,-14.347030212691145
0.036,0.6000000000000001,0.002,0.30000000000000004,14.522645585436983,0.0,-6.908668399737508,1.7380785734649469,-14.348674077762244
0.028999999999999998,0.6000000000000001,0.01,0.1,14.557571484573112,0.0,-8.789112634616686,1.874994227824322,-14.347684353751449
0.028999999999999998,0.6000000000000001,0.01,0.2,14.559457153836034,0.0,-8.842594703010946,1.8770587504099656,-14.348776764444427
0.043,0.4,0.002,0.4,14.569345919110035,0.0,-11.05719924766936,1.8046603439541635,-14.345708225962612
0.043,0.4,0.002,0.5,14.574289640392939,0.0,-11.312728575895562,1.8057099806934573,-14.347983416240316
0.036,0.4,0.006,0.30000000000000004,14.577482705835843,0.0,-10.207359013564655,1.9252046765998005,-14.34681344480699
0.028999999999999998,1.0,0.006,0.1,14.580774228120745,0.0,-12.776399820293136,1.7347400832875892,-14.348525413767938
0.028999999999999998,1.0,0.006,0.2,14.58238685463576,0.0,-12.832464538169006,1.7349217056222255,-14.34956309524257
0.028999999999999998,0.8,0.01,0.30000000000000004,14.592691308349847,0.0,-12.598871532937665,1.8559403942063741,-14.347158923217457
0.028999999999999998,0.8,0.01,0.4,14.594249733354657,0.0,-12.654279887076882,1.8576158242767933,-14.34795481563521
0.028999999999999998,0.8,0.01,0.5,14.596305836106753,0.0,-12.726155712141463,1.8585706801912432,-14.349179675994437
0.028999999999999998,0.8,0.008,0.1,14.600540985324908,0.0,-13.742722702669653,1.8203435683447,-14.348101229035887
0.028999999999999998,1.0,0.008,0.2,14.600730988479237,0.0,-14.354181493493343,1.7832338168037865,-14.34679044087053
0.028999999999999998,1.0,0.008,0.30000000000000004,14.602411039822027,0.0,-14.412604583348184,1.7836024096842233,-14.347848877499477
0.028999999999999998,0.8,0.008,0.2,14.60262600386679,0.0,-13.819637952123685,1.8210604081545616,-14.349336686672915
0.028999999999999998,1.0,0.008,0.4,14.603700099023206,0.0,-14.467097479285712,1.7848819550922517,-14.34843962323874
0.036,0.6000000000000001,0.004,0.5,14.604682339997368,0.0,-14.32709367064217,1.8232121585928702,-14.346020953560346
0.028999999999999998,1.0,0.008,0.5,14.605398168944102,0.0,-14.530178455435362,1.7852759549238555,-14.349466094967164
0.028999999999999998,1.0,0.01,0.5,14.606353617252843,0.0,-14.406513577012447,1.8247367607653193,-14.34671125643572
0.043,0.2,0.006,0.2,14.837665980673865,0.0,0.8069769671037648,1.8750936982629687,-14.71057264025177
0.036,0.2,0.01,0.30000000000000004,14.853266398669351,0.0,3.4562582461030615,1.7979378952283755,-14.709228467782015
0.036,0.8,0.002,0.5,14.865779119598056,0.0,-4.839509514632027,1.767104811018103,-14.711635188345115
0.036,0.6000000000000001,0.002,0.1,14.887228992848645,0.0,-6.525229584072349,1.7815326873061261,-14.714521211738615
0.036,0.4,0.008,0.4,14.897802498076452,0.0,-5.756049960713881,1.9598803688484305,-14.710256677330108
0.036,0.4,0.008,0.5,14.90089050311532,0.0,-5.834967080675597,1.9629962314034584,-14.71216041763557
0.043,0.4,0.002,0.2,14.929687302591878,0.0,-10.387533417404939,1.8455354778704323,-14.710496229658704
0.043,0.4,0.002,0.30000000000000004,14.934267273596673,0.0,-10.623177653120365,1.847188004118518,-14.71252980216775
0.036,0.4,0.006,0.1,14.938503157623389,0.0,-9.67292590111083,1.9626152332393085,-14.711437519963365
0.036,0.4,0.006,0.2,14.942841592078409,0.0,-9.838760978802384,1.9655424120226508,-14.713750611549628
0.028999999999999998,0.8,0.01,0.1,14.958423349726484,0.0,-12.280450982428647,1.8976679421579543,-14.713750125109744
0.028999999999999998,0.8,0.01,0.2,14.960451806133875,0.0,-12.343155212511647,1.898520590403091,-14.715053162856108
0.036,0.6000000000000001,0.004,0.30000000000000004,14.968072959772586,0.0,-13.85105178705544,1.8651315396465349,-14.711805006799374
0.028999999999999998,1.0,0.008,0.1,14.96895548271495,0.0,-14.115304253532031,1.8264407599904116,-14.714884958953727
0.028999999999999998,1.0,0.01,0.1,14.969429571203296,0.0,-14.002772583534352,1.8661902273973618,-14.711508866413704
0.028999999999999998,1.0,0.01,0.2,14.971102224832418,0.0,-14.053540458032785,1.8666770120087794,-14.712621423213477
0.036,0.6000000000000001,0.004,0.4,14.971296140534866,0.0,-13.99345407565852,1.8659142173090992,-14.713519328733746
0.028999999999999998,1.0,0.01,0.30000000000000004,14.9727975179468,0.0,-14.10676603515185,1.8671819664427574,-14.713729713192176
0.028999999999999998,1.0,0.01,0.4,14.97449600123786,0.0,-14.162151268683374,1.8677042128208592,-14.714817245433906
0.043,0.2,0.006,0.1,15.207487307579745,0.0,1.061795203870588,1.916076661980126,-15.075592473756958
0.043,0.2,0.008,0.5,15.220038668826858,0.0,2.9694460225446164,1.8663066103982624,-15.075259759346576
0.036,0.2,0.01,0.2,15.223381540699748,0.0,3.675703930801319,1.8399401064005916,-15.074753203655785
0.036,0.8,0.002,0.2,15.230005940368,0.0,-4.493878460845735,1.8100562763938464,-15.07680207475095
0.036,0.8,0.002,0.30000000000000004,15.231987172775003,0.0,-4.546968802079391,1.8099922654894214,-15.07827050140744
0.036,0.8,0.002,0.4,15.233956982706495,0.0,-4.601747187988622,1.8099290590273758,-15.079710321681127
0.036,0.4,0.008,0.30000000000000004,15.263692809755181,0.0,-5.461582026853193,2.000596508799091,-15.076923972784142
0.043,0.4,0.002,0.1,15.294412281786125,0.0,-9.962011364462796,1.8880782530823113,-15.077031191293988
0.036,0.8,0.004,0.5,15.317640460161225,0.0,-12.587460959452983,1.8710261546906657,-15.076107282283047
0.036,0.6000000000000001,0.004,0.1,15.33174329956673,0.0,-13.398948784361437,1.9063637687462067,-15.077715281267128
0.036,0.6000000000000001,0.004,0.2,15.334560909563002,0.0,-13.5224633012931,1.9078450564995832,-15.079123001290263
0.043,0.4,0.004,0.5,15.343554700567179,0.0,-13.507628613903307,1.9959338831742184,-15.07693813796833
0.036,0.6000000000000001,0.006,0.4,15.346879005252397,0.0,-14.135980610819388,1.9749858840839123,-15.076712004718146
0.036,0.6000000000000001,0.006,0.5,15.350200001702438,0.0,-14.271460783800649,1.9763640108834966,-15.078514426198772
0.036,1.0,0.002,0.30000000000000004,15.580288707384401,0.0,-2.938021321737324,1.8451997581392454,-15.441048955512029
0.036,1.0,0.002,0.4,15.581644407290533,0.0,-2.9705352201708592,1.8459536980388591,-15.441996739991033
0.036,1.0,0.002,0.5,15.583212204529616,0.0,-3.0029648829922735,1.8458582723020345,-15.443260499308279
0.036,0.4,0.01,0.4,15.588905622701999,0.0,-1.8795615107219419,2.0115730123372932,-15.439621098480345
0.043,0.2,0.008,0.4,15.589685092116724,0.0,3.1790773206626,1.9087295913272546,-15.440363563905054
0.036,0.4,0.01,0.5,15.592077782547895,0.0,-1.9187159005864487,2.013298620656335,-15.442200330162363
0.036,0.2,0.01,0.1,15.593184848117533,0.0,3.9031298520771998,1.8817635326636009,-15.43990474878556
0.036,0.8,0.002,0.1,15.597697671835162,0.0,-4.25721359719455,1.8536526246605123,-15.444283809343608
0.036,0.4,0.008,0.1,15.626165918818451,0.0,-5.097377071570008,2.0385312309098595,-15.441211120599533
0.036,0.4,0.008,0.2,15.629420604002336,0.0,-5.166718587961441,2.0413784911368045,-15.443418514427373
0.036,0.8,0.004,0.2,15.68020266688186,0.0,-12.150654299834514,1.9137537307049175,-15.440549592989264
0.036,0.8,0.004,0.30000000000000004,15.682546615494363,0.0,-12.229799758122226,1.9139855440834106,-15.442085234459352
0.036,0.8,0.004,0.4,15.684890959719503,0.0,-12.311547969510684,1.914227039174443,-15.443593847715045
0.036,0.6000000000000001,0.008,0.5,15.693753064653244,0.0,-11.674658916437693,2.054309238638204,-15.440950239200559
0.043,0.4,0.004,0.30000000000000004,15.702508129511308,0.0,-12.815219799328133,2.03330873525957,-15.44105625495639
0.036,0.6000000000000001,0.006,0.1,15.70684646159414,0.0,-13.571800810180775,2.0137887647818924,-15.440359326323875
0.043,0.4,0.004,0.4,15.707523630454526,0.0,-13.047281520406614,2.036509344656059,-15.443352673238529
0.036,0.6000000000000001,0.006,0.2,15.709726730613886,0.0,-13.677274719333127,2.0156963945566346,-15.441951425085675
0.036,0.6000000000000001,0.006,0.30000000000000004,15.713025450815156,0.0,-13.803404356709962,2.0169768758875017,-15.443838953381569
0.036,1.0,0.002,0.1,15.946625074961068,0.0,-2.689246020419887,1.8888715145335333,-15.807278416189721
0.036,1.0,0.002,0.2,15.948228458699122,0.0,-2.7187068382327197,1.8887747233637011,-15.808608066384684
0.036,0.4,0.01,0.2,15.951710194153993,0.0,-1.6003335881109706,2.0516154719487436,-15.803089160922491
0.043,0.2,0.008,0.2,15.954471578351358,0.0,3.436983921693809,1.9497608342887833,-15.80025544329788
0.036,0.4,0.01,0.30000000000000004,15.954996387245442,0.0,-1.6364708236219485,2.0531952322297653,-15.805833389526327
0.043,0.2,0.008,0.30000000000000004,15.958781527848364,0.0,3.4041428006548813,1.9513800993335324,-15.804729132618341
0.043,0.6000000000000001,0.002,0.4,15.998643135476215,0.0,-7.513021923562974,1.9434534395197014,-15.80446937806201
0.043,0.6000000000000001,0.002,0.5,16.001841049323804,0.0,-7.622955509063559,1.9436059972446798,-15.806565002957669
0.036,1.0,0.004,0.30000000000000004,16.028843898901744,0.0,-10.556419481706598,1.933670323067996,-15.805434369741352
0.036,1.0,0.004,0.4,16.030686859118575,0.0,-10.606958244244652,1.9337267747049112,-15.806775008501928
0.036,1.0,0.004,0.5,16.032526308285185,0.0,-10.659083947723047,1.9337872746896008,-15.808095626383457
0.043,0.4,0.006,0.5,16.034028301766508,0.0,-8.897870345687352,2.1130420296328905,-15.804419004618904
0.036,0.8,0.004,0.1,16.047592001827997,0.0,-11.884445165680972,1.9561130143067813,-15.808182071077757
0.036,0.6000000000000001,0.008,0.2,16.05399894568485,0.0,-11.187926767602221,2.0923214487043467,-15.804220030841382
0.036,0.6000000000000001,0.008,0.30000000000000004,16.05715215041255,0.0,-11.282879575151128,2.093808516298038,-15.806246016529895
0.036,0.6000000000000001,0.008,0.4,16.060309332334505,0.0,-11.381818993751494,2.0953533007490277,-15.808228056919782
0.043,0.4,0.004,0.1,16.06078913640368,0.0,-12.12850826229078,2.0715517125578318,-15.804317858822392
0.043,0.4,0.004,0.2,16.066290120525622,0.0,-12.364485444117236,2.074006656157791,-15.80716402364504
0.036,0.8,0.006,0.2,16.076788320946456,0.0,-14.434242108814487,2.016873490363647,-15.804273272624092
0.036,0.8,0.006,0.30000000000000004,16.079305803664788,0.0,-14.51780766454931,2.017415032682178,-15.805899626622745
0.036,0.8,0.006,0.4,16.081823929345934,0.0,-14.604281114955484,2.017976022262825,-15.807494824311554
0.036,0.8,0.006,0.5,16.08434525162463,0.0,-14.69364573550456,2.018556399930458,-15.809061614655098
0.036,0.4,0.01,0.1,16.317904368003543,0.0,-1.3710414490501535,2.0928844920415113,-16.169309662961602
0.043,0.2,0.008,0.1,16.323016312989445,0.0,3.6812174149840757,1.9918340046176426,-16.16394266724567
0.043,0.2,0.01,0.5,16.3264374534952,0.0,4.223319425702812,1.97318867160549,-16.16421463674738
0.043,0.6000000000000001,0.002,0.2,16.361710622751335,0.0,-7.107676142767559,1.9857794515054559,-16.169150613859827
0.043,0.6000000000000001,0.002,0.30000000000000004,16.3647333475409,0.0,-7.207366803410878,1.9866778484382503,-16.171081304561888
0.036,0.6000000000000001,0.01,0.30000000000000004,16.39023742756125,0.0,-8.063965689632369,2.1438527861506587,-16.168081972583895
0.036,0.6000000000000001,0.01,0.4,16.39276002578581,0.0,-8.107543432814055,2.1458196915076346,-16.16992616132602
0.043,0.4,0.006,0.30000000000000004,16.393585911903862,0.0,-8.369321947620847,2.1496172770290114,-16.16761408497875
0.036,1.0,0.004,0.1,16.39445079484634,0.0,-10.262220770236127,1.9769484906764887,-16.1714363424556
0.036,0.6000000000000001,0.01,0.5,16.395670154725444,0.0,-8.17413305070886,2.1473268395654257,-16.171990017488397
0.036,1.0,0.004,0.2,16.39631381378383,0.0,-10.309702633684537,1.976993700325763,-16.17282935022863
0.043,0.4,0.006,0.4,16.398590243754768,0.0,-8.534001477295078,2.1526235530141054,-16.170601252655523
0.036,0.6000000000000001,0.008,0.1,16.419953319769714,0.0,-10.883587497709868,2.1340702684904085,-16.17090895364151
0.036,1.0,0.006,0.2,16.43380526592608,0.0,-13.878359536064636,2.0274569010967043,-16.168399727814514
0.036,1.0,0.006,0.30000000000000004,16.43555053317402,0.0,-13.925539379974907,2.0285116209381893,-16.169550886568004
0.043,0.6000000000000001,0.004,0.5,16.435792743835925,0.0,-13.673543160508416,2.0676415651126625,-16.16737850195894
0.036,1.0,0.006,0.4,16.43755466370366,0.0,-13.983771149263248,2.0287515790349397,-16.170953740733722
0.036,1.0,0.006,0.5,16.43955209538428,0.0,-14.043810698479774,2.0290008222193983,-16.172330458850777
0.036,0.8,0.006,0.1,16.443485753375775,0.0,-14.147631083013493,2.059623584860127,-16.171377880487956
0.036,0.8,0.008,0.30000000000000004,16.445383997694417,0.0,-13.948148533934273,2.1062262060069856,-16.16930016764971
0.036,0.8,0.008,0.4,16.447573978176095,0.0,-14.008465833382616,2.1077234828718097,-16.17070529187025
0.036,0.8,0.008,0.5,16.4501097647122,0.0,-14.088415517958765,2.108544227671354,-16.172349279637395
0.043,0.2,0.01,0.4,16.69475800440168,0.0,4.461268716541326,2.0144535440514577,-16.527834583028213
0.043,0.8,0.002,0.5,16.70596136473742,0.0,-5.197000830694833,2.0148832640056167,-16.531656708645112
0.043,0.4,0.008,0.5,16.712265820766593,0.0,-3.8869123224535542,2.177778391065755,-16.530560750108066
0.043,0.6000000000000001,0.002,0.1,16.727582057844845,0.0,-6.803745373511447,2.028963770631685,-16.535529396840783
0.043,0.4,0.006,0.1,16.75274820386278,0.0,-7.855081473627706,2.186538897540549,-16.530211923054562
0.036,0.6000000000000001,0.01,0.1,16.753283873070856,0.0,-7.727737840460122,2.184246706787712,-16.53233979006112
0.036,0.6000000000000001,0.01,0.2,16.75623253665424,0.0,-7.784914797368856,2.185569925418466,-16.534562484714307
0.043,0.4,0.006,0.2,16.757469943072625,0.0,-7.990205843607782,2.189821339274902,-16.533177342807303
0.036,0.8,0.01,0.30000000000000004,16.79480846156618,0.0,-11.9932941267557,2.177803114364558,-16.532049092974482
0.043,0.6000000000000001,0.004,0.30000000000000004,16.797267508558928,0.0,-13.182274413265532,2.109211520042271,-16.53143296752777
0.036,0.8,0.01,0.4,16.797289338434055,0.0,-12.054145536780197,2.1787013893227756,-16.533819286889454
0.036,0.8,0.01,0.5,16.79976997081059,0.0,-12.117564424368084,2.179632825833783,-16.535558939894887
0.036,1.0,0.006,0.1,16.800897901086895,0.0,-13.616992833348377,2.0704860042836706,-16.5356054050626
0.043,0.6000000000000001,0.004,0.4,16.80105770010187,0.0,-13.320336839379706,2.110012690944731,-16.533759840613744
0.036,0.8,0.008,0.1,16.809282838066025,0.0,-13.587506960807332,2.147874800611022,-16.534483979071563
0.036,0.8,0.008,0.2,16.811827072301984,0.0,-13.65893315826861,2.14860947711655,-16.536233882730194
0.036,1.0,0.008,0.2,16.813488811207996,0.0,-14.637282566948215,2.116590324262318,-16.532174710988045
0.036,1.0,0.01,0.5,16.81374702062808,0.0,-14.235249848476542,2.153726820513479,-16.53169247522924
0.036,1.0,0.008,0.30000000000000004,16.815562610345275,0.0,-14.692401492918634,2.1169823153229594,-16.533659561670085
0.036,1.0,0.008,0.4,16.817630285461174,0.0,-14.749419329598368,2.11738842866254,-16.535117283329882
0.036,1.0,0.008,0.5,16.81969781241047,0.0,-14.808405398564446,2.1178087740013454,-16.53655318701158
0.043,0.2,0.01,0.30000000000000004,17.06259738982075,0.0,4.709377273668451,2.0563839206359353,-16.89078590575201
0.043,0.8,0.002,0.2,17.06774384493209,0.0,-4.83041322371264,2.057474044913572,-16.894618335096098
0.043,0.8,0.002,0.30000000000000004,17.070229151587498,0.0,-4.883443771460861,2.0574293016615943,-16.89659322686453
0.043,0.4,0.008,0.30000000000000004,17.07224492442462,0.0,-3.4976295291921815,2.2160545380259444,-16.892531622753406
0.043,0.8,0.002,0.4,17.07269042684812,0.0,-4.938027126325778,2.0573878222558903,-16.89852786493758
0.043,0.4,0.008,0.4,17.076690109363742,0.0,-3.580235776014433,2.2184038565971274,-16.895873451579487
0.043,0.6000000000000001,0.004,0.1,17.158772184934232,0.0,-12.715973267581376,2.1501261706187167,-16.895347885567332
0.036,0.8,0.01,0.1,17.158942769610217,0.0,-11.6767716053605,2.218519507579593,-16.897156617329323
0.036,0.8,0.01,0.2,17.161116660086122,0.0,-11.713019972188249,2.2200069759421535,-16.89878822542752
0.043,0.6000000000000001,0.004,0.2,17.162600710137163,0.0,-12.845726651632958,2.1508662272064325,-16.897805103933276
0.043,0.6000000000000001,0.006,0.4,17.165984752014168,0.0,-12.81887920859117,2.2124613534111264,-16.89353444166761
0.043,0.6000000000000001,0.006,0.5,17.169865518457154,0.0,-12.946383702105777,2.213802799177296,-16.895986701907795
0.036,1.0,0.01,0.1,17.174521425680144,0.0,-13.835071062289444,2.1940256170216625,-16.89429975537391
0.036,1.0,0.01,0.2,17.176606629639995,0.0,-13.881583695038444,2.194513339762391,-16.895870095886266
0.036,1.0,0.01,0.30000000000000004,17.17841093072531,0.0,-13.912816236404524,2.195755681208845,-16.89721320953879
0.036,1.0,0.008,0.1,17.18028628202197,0.0,-14.368134140637267,2.1593580116440942,-16.899203557569102
0.036,1.0,0.01,0.4,17.180494354441695,0.0,-13.963270779084723,2.196280106786083,-16.89873721178099
0.043,0.4,0.01,0.5,17.397783149639324,0.0,-0.03785062585529886,2.223541438607066,-17.25472549176961
0.043,1.0,0.002,0.30000000000000004,17.415426984382954,0.0,-3.260629196910031,2.092369912385178,-17.25643194215874
0.043,1.0,0.002,0.4,17.417380051360954,0.0,-3.289883435079446,2.093113520164726,-17.258014456370194
0.043,1.0,0.002,0.5,17.41936894943964,0.0,-3.322173497284439,2.0930296016392607,-17.259702837817727
0.043,0.2,0.01,0.2,17.43011724574203,0.0,4.963574521736518,2.0974865517741406,-17.25345436007545
0.043,0.4,0.008,0.1,17.432023683033222,0.0,-3.131743890520738,2.254189461123879,-17.254078001092775
0.043,0.8,0.002,0.1,17.434092494030104,0.0,-4.568939947560466,2.100739744595572,-17.26103863341337
0.043,0.4,0.008,0.2,17.43664154179078,0.0,-3.209485361586303,2.256359642407066,-17.25766747231436
0.043,0.6000000000000001,0.008,0.5,17.50560672703856,0.0,-9.995295859249836,2.28396580709712,-17.25515236962664
0.043,0.8,0.004,0.30000000000000004,17.51110134622351,0.0,-11.870221355100512,2.1600800635579875,-17.257740341922133
0.043,0.8,0.004,0.4,17.51395298565019,0.0,-11.949881135889882,2.1603325382031446,-17.259779817422366
0.043,0.8,0.004,0.5,17.51679167548846,0.0,-12.031868045392002,2.1605963063204356,-17.261781375862704
0.043,0.6000000000000001,0.006,0.2,17.527070235584823,0.0,-12.368994351728361,2.2522941895429778,-17.25702223658751
0.043,0.6000000000000001,0.006,0.30000000000000004,17.530732551431836,0.0,-12.469986659356437,2.254190356442149,-17.25944957588687
0.043,0.4,0.01,0.30000000000000004,17.762945723224803,0.0,0.23561607975443621,2.2633131432621014,-17.61578710193039
0.043,0.4,0.01,0.4,17.766542471886726,0.0,0.2053275248472346,2.2646711468970575,-17.619544290755343
0.043,1.0,0.002,0.1,17.780007451427153,0.0,-2.9868653591961447,2.1357164964960815,-17.621184477469402
0.043,1.0,0.002,0.2,17.782072278719017,0.0,-3.016492799279604,2.1356251116534577,-17.62297704620995
0.043,0.2,0.01,0.1,17.797178956299675,0.0,5.226688178710447,2.138418410545897,-17.61559170830263
0.043,1.0,0.004,0.30000000000000004,17.85646688218154,0.0,-10.363475287803794,2.18042976589658,-17.618421457304933
0.043,1.0,0.004,0.4,17.858770354912025,0.0,-10.412977615606906,2.1804905095217144,-17.620236185099603
0.043,1.0,0.004,0.5,17.86105421369219,0.0,-10.463853947990174,2.180556837267832,-17.622016612035534
0.043,0.6000000000000001,0.008,0.30000000000000004,17.86650152047573,0.0,-9.579083964109032,2.3239453160609385,-17.61809967816872
0.043,0.6000000000000001,0.008,0.4,17.87028213738384,0.0,-9.669150101227387,2.3253901793780747,-17.62081396028478
0.043,0.8,0.004,0.1,17.87407687373862,0.0,-11.506854101615772,2.201904237650854,-17.621974767032242
0.043,0.8,0.004,0.2,17.87697004891894,0.0,-11.581761430064034,2.202130454789115,-17.62410727571294
0.043,0.6000000000000001,0.006,0.1,17.891612043812202,0.0,-12.024231064114247,2.294059761097129,-17.622680613504386
0.043,0.8,0.006,0.30000000000000004,17.898935245137316,0.0,-13.604430570603654,2.260046967391415,-17.618526675954342
0.043,0.8,0.006,0.4,17.901976827691833,0.0,-13.686933509678056,2.260597505587702,-17.62069076799169
0.043,0.8,0.006,0.5,17.90500750191282,0.0,-13.772022041831406,2.2611681138106907,-17.622815215062612
0.043,0.4,0.01,0.2,18.13220801894843,0.0,0.49541938006814235,2.304975523047177,-17.980111764933138
0.043,0.6000000000000001,0.01,0.4,18.19663865098509,0.0,-6.2396287146602845,2.369006257900276,-17.978836321087744
0.043,0.6000000000000001,0.01,0.5,18.200220000045924,0.0,-6.2968242233437195,2.370352874256704,-17.98169426327161
0.043,1.0,0.004,0.1,18.220351052525576,0.0,-10.053650575416668,2.2225525761006564,-17.982990275698228
0.043,1.0,0.004,0.2,18.22263233058652,0.0,-10.093185799107232,2.2234393570030027,-17.984780939566548
0.043,0.6000000000000001,0.008,0.1,18.227344593248294,0.0,-9.19365637011424,2.363524470329842,-17.980733479931104
0.043,0.6000000000000001,0.008,0.2,18.231185842051108,0.0,-9.27673477418648,2.364854960354413,-17.983594926798887
0.043,1.0,0.006,0.30000000000000004,18.256043166986323,0.0,-13.287369774276613,2.2725570590104835,-17.980121134866234
0.043,0.8,0.008,0.30000000000000004,18.25718502607535,0.0,-12.625689620092999,2.3442923266580054,-17.978733223946676
0.043,1.0,0.006,0.4,18.258506622284465,0.0,-13.34314130293933,2.2727918555347175,-17.98201236020507
0.043,0.8,0.008,0.4,18.260275834388835,0.0,-12.697478298860005,2.3450460652054823,-17.981027945386693
0.043,1.0,0.006,0.5,18.26087554640547,0.0,-13.38868487094578,2.2738344104637624,-17.983809282801843
0.043,0.8,0.006,0.1,18.26130001964239,0.0,-13.231960410072588,2.3012180482135243,-17.982333730683276
0.043,0.8,0.008,0.5,18.26335408854355,0.0,-12.771771445981813,2.3458271151840364,-17.983281175543475
0.043,0.8,0.006,0.2,18.264245811444894,0.0,-13.29428200575967,2.302481657382455,-17.98451351532499
0.043,0.4,0.01,0.1,18.50108142063112,0.0,0.7444447179886993,2.3461319714904283,-18.344216344072947
0.043,0.6000000000000001,0.01,0.2,18.557628891096183,0.0,-5.912736919160125,2.4087777030252013,-18.341001841047692
0.043,0.6000000000000001,0.01,0.30000000000000004,18.561129189908733,0.0,-5.943968070052051,2.410542878338873,-18.34398532835313
0.043,0.8,0.01,0.4,18.603091729605005,0.0,-10.443071584173595,2.4117954392780234,-18.340766125252316
0.043,0.8,0.01,0.5,18.606122868341338,0.0,-10.499890324306307,2.41265175313412,-18.343137667532034
0.043,0.8,0.008,0.1,18.619097284352964,0.0,-12.251104406858758,2.3857257631763162,-18.342083173053002
0.043,1.0,0.006,0.1,18.61930635154388,0.0,-12.94931091447279,2.3150629740319197,-18.344309122042876
0.043,1.0,0.006,0.2,18.62180323623029,0.0,-13.001747562367655,2.315274343722161,-18.34627061093004
0.043,0.8,0.008,0.2,18.622218905462727,0.0,-12.31777712275607,2.386420484140583,-18.34446838038647
0.043,1.0,0.008,0.30000000000000004,18.629069029770378,0.0,-13.663877971118836,2.3589253151009864,-18.341358943957232
0.043,1.0,0.008,0.4,18.63161302655129,0.0,-13.717595175936367,2.359311394861358,-18.343332643102656
0.043,1.0,0.008,0.5,18.63414002202405,0.0,-13.772995433309461,2.3597118961562598,-18.345270375748562
0.043,0.6000000000000001,0.01,0.1,18.921861634022424,0.0,-5.618372851534332,2.4503717095811313,-18.705867563928237
0.043,0.8,0.01,0.1,18.96191330031975,0.0,-10.061934805600686,2.4515643859783025,-18.701289838273286
0.043,0.8,0.01,0.2,18.96501790616667,0.0,-10.112043999188245,2.4523221244694633,-18.703816290056775
0.043,0.8,0.01,0.30000000000000004,18.968100153810017,0.0,-10.164407084878803,2.45311174861889,-18.706293269354372
0.043,1.0,0.01,0.2,18.983246663769616,0.0,-12.557192415438294,2.433022373394118,-18.70006146288525
0.043,1.0,0.01,0.30000000000000004,18.985853899434588,0.0,-12.601947709672459,2.4334912435538074,-18.70217834386003
0.043,1.0,0.01,0.4,18.988439648314703,0.0,-12.648333491803896,2.4339780698856797,-18.70425477595405
0.043,1.0,0.01,0.5,18.991006883865516,0.0,-12.696341060212035,2.4344827753410145,-18.706293854682688
0.043,1.0,0.008,0.1,18.991981614444736,0.0,-13.337800010528099,2.400268858383031,-18.70523027632255
0.043,1.0,0.008,0.2,18.994577050327226,0.0,-13.388143562797723,2.400623130416175,-18.70729396935982
0.043,1.0,0.01,0.1,19.34843849165961,0.0,-12.266811104193039,2.475317881465239,-19.065755901981294
