"{""K_h"": 0.008, ""K_p"": 0.5, ""K_diffx"": 0.001, ""K_px"": 0.0}",6.270561030364709
"{""K_h"": 0.008, ""K_p"": 0.5, ""K_diffx"": 0.008, ""K_px"": 0.0}",6.270561030364709
"{""K_h"": 0.008, ""K_p"": 0.5, ""K_diffx"": 0.015, ""K_px"": 0.0}",6.270561030364709
"{""K_h"": 0.008, ""K_p"": 0.5, ""K_diffx"": 0.022000000000000002, ""K_px"": 0.0}",6.270561030364709
"{""K_h"": 0.008, ""K_p"": 0.5, ""K_diffx"": 0.029, ""K_px"": 0.0}",6.270561030364709
"{""K_h"": 0.008, ""K_p"": 0.5, ""K_diffx"": 0.036000000000000004, ""K_px"": 0.0}",6.270561030364709
"{""K_h"": 0.008, ""K_p"": 0.5, ""K_diffx"": 0.043000000000000003, ""K_px"": 0.0}",6.270561030364709
"{""K_h"": 0.008, ""K_p"": 0.5, ""K_diffx"": 0.05, ""K_px"": 0.0}",6.270561030364709
"{""K_h"": 0.008, ""K_p"": 0.5, ""K_diffx"": 0.036000000000000004, ""K_px"": 0.1}",6.270563457366541
"{""K_h"": 0.008, ""K_p"": 0.5, ""K_diffx"": 0.043000000000000003, ""K_px"": 0.1}",6.270563532531337
"{""K_h"": 0.008, ""K_p"": 0.5, ""K_diffx"": 0.029, ""K_px"": 0.1}",6.270563621244793
"{""K_h"": 0.008, ""K_p"": 0.5, ""K_diffx"": 0.022000000000000002, ""K_px"": 0.1}",6.270563690639915
"{""K_h"": 0.008, ""K_p"": 0.5, ""K_diffx"": 0.008, ""K_px"": 0.1}",6.270563710365324
"{""K_h"": 0.008, ""K_p"": 0.5, ""K_diffx"": 0.015, ""K_px"": 0.1}",6.2705637262156175
"{""K_h"": 0.008, ""K_p"": 0.5, ""K_diffx"": 0.05, ""K_px"": 0.1}",6.270563737012424
"{""K_h"": 0.008, ""K_p"": 0.5, ""K_diffx"": 0.001, ""K_px"": 0.1}",6.270563849837924
"{""K_h"": 0.008, ""K_p"": 0.5, ""K_diffx"": 0.036000000000000004, ""K_px"": 0.2}",6.2705707513088225
"{""K_h"": 0.008, ""K_p"": 0.5, ""K_diffx"": 0.043000000000000003, ""K_px"": 0.2}",6.270571024186286
"{""K_h"": 0.008, ""K_p"": 0.5, ""K_diffx"": 0.029, ""K_px"": 0.2}",6.270571388084045
"{""K_h"": 0.008, ""K_p"": 0.5, ""K_diffx"": 0.022000000000000002, ""K_px"": 0.2}",6.270571684489415
"{""K_h"": 0.008, ""K_p"": 0.5, ""K_diffx"": 0.008, ""K_px"": 0.2}",6.270571740214169
"{""K_h"": 0.008, ""K_p"": 0.5, ""K_diffx"": 0.015, ""K_px"": 0.2}",6.27057182763676
"{""K_h"": 0.008, ""K_p"": 0.5, ""K_diffx"": 0.05, ""K_px"": 0.2}",6.270571847051169
"{""K_h"": 0.008, ""K_p"": 0.5, ""K_diffx"": 0.001, ""K_px"": 0.2}",6.270572302017243
"{""K_h"": 0.008, ""K_p"": 0.5, ""K_diffx"": 0.036000000000000004, ""K_px"": 0.30000000000000004}",6.270582882001912
"{""K_h"": 0.008, ""K_p"": 0.5, ""K_diffx"": 0.043000000000000003, ""K_px"": 0.30000000000000004}",6.270583478163342
"{""K_h"": 0.008, ""K_p"": 0.5, ""K_diffx"": 0.029, ""K_px"": 0.30000000000000004}",6.270584284799607
"{""K_h"": 0.008, ""K_p"": 0.5, ""K_diffx"": 0.022000000000000002, ""K_px"": 0.30000000000000004}",6.270584971419613
"{""K_h"": 0.008, ""K_p"": 0.5, ""K_diffx"": 0.015, ""K_px"": 0.30000000000000004}",6.270585329957114
"{""K_h"": 0.008, ""K_p"": 0.5, ""K_diffx"": 0.05, ""K_px"": 0.30000000000000004}",6.270585346131994
"{""K_h"": 0.008, ""K_p"": 0.5, ""K_diffx"": 0.008, ""K_px"": 0.30000000000000004}",6.270585683341686
"{""K_h"": 0.008, ""K_p"": 0.5, ""K_diffx"": 0.001, ""K_px"": 0.30000000000000004}",6.270586373492164
"{""K_h"": 0.008, ""K_p"": 0.5, ""K_diffx"": 0.036000000000000004, ""K_px"": 0.4}",6.270599808545437
"{""K_h"": 0.008, ""K_p"": 0.5, ""K_diffx"": 0.043000000000000003, ""K_px"": 0.4}",6.270601304423364
"{""K_h"": 0.008, ""K_p"": 0.5, ""K_diffx"": 0.029, ""K_px"": 0.4}",6.270602319795753
"{""K_h"": 0.008, ""K_p"": 0.5, ""K_diffx"": 0.022000000000000002, ""K_px"": 0.4}",6.270603562156824
"{""K_h"": 0.008, ""K_p"": 0.5, ""K_diffx"": 0.015, ""K_px"": 0.4}",6.270604183573595
"{""K_h"": 0.008, ""K_p"": 0.5, ""K_diffx"": 0.05, ""K_px"": 0.4}",6.270604211628633
"{""K_h"": 0.008, ""K_p"": 0.5, ""K_diffx"": 0.008, ""K_px"": 0.4}",6.270604806825149
"{""K_h"": 0.008, ""K_p"": 0.5, ""K_diffx"": 0.001, ""K_px"": 0.4}",6.270606043911142
"{""K_h"": 0.008, ""K_p"": 0.5, ""K_diffx"": 0.036000000000000004, ""K_px"": 0.5}",6.270621922522841
"{""K_h"": 0.008, ""K_p"": 0.5, ""K_diffx"": 0.043000000000000003, ""K_px"": 0.5}",6.270623787147381
"{""K_h"": 0.008, ""K_p"": 0.5, ""K_diffx"": 0.029, ""K_px"": 0.5}",6.270625479215834
"{""K_h"": 0.008, ""K_p"": 0.5, ""K_diffx"": 0.022000000000000002, ""K_px"": 0.5}",6.2706275275472265
"{""K_h"": 0.008, ""K_p"": 0.5, ""K_diffx"": 0.001, ""K_px"": 0.5}",6.270627955336379
"{""K_h"": 0.008, ""K_p"": 0.5, ""K_diffx"": 0.05, ""K_px"": 0.5}",6.270628414019125
"{""K_h"": 0.008, ""K_p"": 0.5, ""K_diffx"": 0.015, ""K_px"": 0.5}",6.270628447150013
"{""K_h"": 0.008, ""K_p"": 0.5, ""K_diffx"": 0.008, ""K_px"": 0.5}",6.270629336802685
"{""K_h"": 0.022000000000000002, ""K_p"": 0.5, ""K_i"": 0.0045000000000000005, ""K_diffx"": 0.001, ""K_px"": 0.0, ""K_ix"": 0.0}",9.698674225064156
"{""K_h"": 0.022000000000000002, ""K_p"": 0.5, ""K_i"": 0.0045000000000000005, ""K_diffx"": 0.008, ""K_px"": 0.0, ""K_ix"": 0.0}",9.698674225064156
"{""K_h"": 0.022000000000000002, ""K_p"": 0.5, ""K_i"": 0.0045000000000000005, ""K_diffx"": 0.015, ""K_px"": 0.0, ""K_ix"": 0.0}",9.698674225064156
"{""K_h"": 0.022000000000000002, ""K_p"": 0.5, ""K_i"": 0.0045000000000000005, ""K_diffx"": 0.022000000000000002, ""K_px"": 0.0, ""K_ix"": 0.0}",9.698674225064156
"{""K_h"": 0.022000000000000002, ""K_p"": 0.5, ""K_i"": 0.0045000000000000005, ""K_diffx"": 0.029, ""K_px"": 0.0, ""K_ix"": 0.0}",9.698674225064156
"{""K_h"": 0.022000000000000002, ""K_p"": 0.5, ""K_i"": 0.0045000000000000005, ""K_diffx"": 0.036000000000000004, ""K_px"": 0.0, ""K_ix"": 0.0}",9.698674225064156
"{""K_h"": 0.022000000000000002, ""K_p"": 0.5, ""K_i"": 0.0045000000000000005, ""K_diffx"": 0.043000000000000003, ""K_px"": 0.0, ""K_ix"": 0.0}",9.698674225064156
"{""K_h"": 0.022000000000000002, ""K_p"": 0.5, ""K_i"": 0.0045000000000000005, ""K_diffx"": 0.05, ""K_px"": 0.0, ""K_ix"": 0.0}",9.698674225064156
"{""K_h"": 0.022000000000000002, ""K_p"": 0.5, ""K_i"": 0.0045000000000000005, ""K_diffx"": 0.001, ""K_px"": 0.0, ""K_ix"": 0.001}",9.698678492175832
"{""K_h"": 0.022000000000000002, ""K_p"": 0.5, ""K_i"": 0.0045000000000000005, ""K_diffx"": 0.043000000000000003, ""K_px"": 0.0, ""K_ix"": 0.001}",9.698682031398306
"{""K_h"": 0.022000000000000002, ""K_p"": 0.5, ""K_i"": 0.0045000000000000005, ""K_diffx"": 0.036000000000000004, ""K_px"": 0.0, ""K_ix"": 0.001}",9.698682514201144
"{""K_h"": 0.022000000000000002, ""K_p"": 0.5, ""K_i"": 0.0045000000000000005, ""K_diffx"": 0.029, ""K_px"": 0.0, ""K_ix"": 0.001}",9.698682869595961
"{""K_h"": 0.022000000000000002, ""K_p"": 0.5, ""K_i"": 0.0045000000000000005, ""K_diffx"": 0.015, ""K_px"": 0.0, ""K_ix"": 0.001}",9.69868299354584
"{""K_h"": 0.022000000000000002, ""K_p"": 0.5, ""K_i"": 0.0045000000000000005, ""K_diffx"": 0.008, ""K_px"": 0.1, ""K_ix"": 0.002}",9.698686468993131
"{""K_h"": 0.022000000000000002, ""K_p"": 0.5, ""K_i"": 0.0045000000000000005, ""K_diffx"": 0.001, ""K_px"": 0.0, ""K_ix"": 0.002}",9.698686707910477
"{""K_h"": 0.022000000000000002, ""K_p"": 0.5, ""K_i"": 0.0045000000000000005, ""K_diffx"": 0.001, ""K_px"": 0.1, ""K_ix"": 0.0}",9.698687863289102
"{""K_h"": 0.022000000000000002, ""K_p"": 0.5, ""K_i"": 0.0045000000000000005, ""K_diffx"": 0.008, ""K_px"": 0.0, ""K_ix"": 0.001}",9.698688879038171
"{""K_h"": 0.022000000000000002, ""K_p"": 0.5, ""K_i"": 0.0045000000000000005, ""K_diffx"": 0.001, ""K_px"": 0.1, ""K_ix"": 0.001}",9.698689088620885
"{""K_h"": 0.022000000000000002, ""K_p"": 0.5, ""K_i"": 0.0045000000000000005, ""K_diffx"": 0.022000000000000002, ""K_px"": 0.1, ""K_ix"": 0.004}",9.698689252881094
"{""K_h"": 0.022000000000000002, ""K_p"": 0.5, ""K_i"": 0.0045000000000000005, ""K_diffx"": 0.043000000000000003, ""K_px"": 0.1, ""K_ix"": 0.005}",9.698689303555238
"{""K_h"": 0.022000000000000002, ""K_p"": 0.5, ""K_i"": 0.0045000000000000005, ""K_diffx"": 0.029, ""K_px"": 0.1, ""K_ix"": 0.0}",9.698689384892893
"{""K_h"": 0.022000000000000002, ""K_p"": 0.5, ""K_i"": 0.0045000000000000005, ""K_diffx"": 0.015, ""K_px"": 0.1, ""K_ix"": 0.0}",9.698689489493672
"{""K_h"": 0.022000000000000002, ""K_p"": 0.5, ""K_i"": 0.0045000000000000005, ""K_diffx"": 0.036000000000000004, ""K_px"": 0.1, ""K_ix"": 0.004}",9.698689502485347
"{""K_h"": 0.022000000000000002, ""K_p"": 0.5, ""K_i"": 0.0045000000000000005, ""K_diffx"": 0.022000000000000002, ""K_px"": 0.1, ""K_ix"": 0.005}",9.698689972936773
"{""K_h"": 0.022000000000000002, ""K_p"": 0.5, ""K_i"": 0.0045000000000000005, ""K_diffx"": 0.036000000000000004, ""K_px"": 0.1, ""K_ix"": 0.0}",9.69868998287881
"{""K_h"": 0.022000000000000002, ""K_p"": 0.5, ""K_i"": 0.0045000000000000005, ""K_diffx"": 0.008, ""K_px"": 0.1, ""K_ix"": 0.0}",9.698689993025415
"{""K_h"": 0.022000000000000002, ""K_p"": 0.5, ""K_i"": 0.0045000000000000005, ""K_diffx"": 0.036000000000000004, ""K_px"": 0.1, ""K_ix"": 0.001}",9.69869001446013
"{""K_h"": 0.022000000000000002, ""K_p"": 0.5, ""K_i"": 0.0045000000000000005, ""K_diffx"": 0.001, ""K_px"": 0.1, ""K_ix"": 0.004}",9.698690016802841
"{""K_h"": 0.022000000000000002, ""K_p"": 0.5, ""K_i"": 0.0045000000000000005, ""K_diffx"": 0.015, ""K_px"": 0.1, ""K_ix"": 0.005}",9.698690031164785
"{""K_h"": 0.022000000000000002, ""K_p"": 0.5, ""K_i"": 0.0045000000000000005, ""K_diffx"": 0.043000000000000003, ""K_px"": 0.1, ""K_ix"": 0.003}",9.698690051282272
"{""K_h"": 0.022000000000000002, ""K_p"": 0.5, ""K_i"": 0.0045000000000000005, ""K_diffx"": 0.001, ""K_px"": 0.1, ""K_ix"": 0.005}",9.698690061692428
"{""K_h"": 0.022000000000000002, ""K_p"": 0.5, ""K_i"": 0.0045000000000000005, ""K_diffx"": 0.022000000000000002, ""K_px"": 0.1, ""K_ix"": 0.001}",9.698690061827556
"{""K_h"": 0.022000000000000002, ""K_p"": 0.5, ""K_i"": 0.0045000000000000005, ""K_diffx"": 0.05, ""K_px"": 0.1, ""K_ix"": 0.002}",9.698690080837777
"{""K_h"": 0.022000000000000002, ""K_p"": 0.5, ""K_i"": 0.0045000000000000005, ""K_diffx"": 0.001, ""K_px"": 0.1, ""K_ix"": 0.003}",9.698690161332252
"{""K_h"": 0.022000000000000002, ""K_p"": 0.5, ""K_i"": 0.0045000000000000005, ""K_diffx"": 0.008, ""K_px"": 0.1, ""K_ix"": 0.001}",9.698690187476776
"{""K_h"": 0.022000000000000002, ""K_p"": 0.5, ""K_i"": 0.0045000000000000005, ""K_diffx"": 0.008, ""K_px"": 0.1, ""K_ix"": 0.005}",9.698690341546923
"{""K_h"": 0.022000000000000002, ""K_p"": 0.5, ""K_i"": 0.0045000000000000005, ""K_diffx"": 0.036000000000000004, ""K_px"": 0.1, ""K_ix"": 0.005}",9.698690463720425
"{""K_h"": 0.022000000000000002, ""K_p"": 0.5, ""K_i"": 0.0045000000000000005, ""K_diffx"": 0.015, ""K_px"": 0.1, ""K_ix"": 0.004}",9.698690494368009
"{""K_h"": 0.022000000000000002, ""K_p"": 0.5, ""K_i"": 0.0045000000000000005, ""K_diffx"": 0.008, ""K_px"": 0.1, ""K_ix"": 0.003}",9.698690504080854
"{""K_h"": 0.022000000000000002, ""K_p"": 0.5, ""K_i"": 0.0045000000000000005, ""K_diffx"": 0.05, ""K_px"": 0.1, ""K_ix"": 0.004}",9.69869051699896
"{""K_h"": 0.022000000000000002, ""K_p"": 0.5, ""K_i"": 0.0045000000000000005, ""K_diffx"": 0.05, ""K_px"": 0.1, ""K_ix"": 0.005}",9.698690545296085
"{""K_h"": 0.022000000000000002, ""K_p"": 0.5, ""K_i"": 0.0045000000000000005, ""K_diffx"": 0.015, ""K_px"": 0.1, ""K_ix"": 0.003}",9.698690569917511
"{""K_h"": 0.022000000000000002, ""K_p"": 0.5, ""K_i"": 0.0045000000000000005, ""K_diffx"": 0.008, ""K_px"": 0.1, ""K_ix"": 0.004}",9.698690573266786
"{""K_h"": 0.022000000000000002, ""K_p"": 0.5, ""K_i"": 0.0045000000000000005, ""K_diffx"": 0.029, ""K_px"": 0.1, ""K_ix"": 0.001}",9.698690590267695
"{""K_h"": 0.022000000000000002, ""K_p"": 0.5, ""K_i"": 0.0045000000000000005, ""K_diffx"": 0.029, ""K_px"": 0.1, ""K_ix"": 0.002}",9.698690617420441
"{""K_h"": 0.022000000000000002, ""K_p"": 0.5, ""K_i"": 0.0045000000000000005, ""K_diffx"": 0.036000000000000004, ""K_px"": 0.1, ""K_ix"": 0.002}",9.698690619851114
"{""K_h"": 0.022000000000000002, ""K_p"": 0.5, ""K_i"": 0.0045000000000000005, ""K_diffx"": 0.029, ""K_px"": 0.1, ""K_ix"": 0.004}",9.698690641895634
"{""K_h"": 0.022000000000000002, ""K_p"": 0.5, ""K_i"": 0.0045000000000000005, ""K_diffx"": 0.05, ""K_px"": 0.1, ""K_ix"": 0.0}",9.698690674739497
"{""K_h"": 0.022000000000000002, ""K_p"": 0.5, ""K_i"": 0.0045000000000000005, ""K_diffx"": 0.029, ""K_px"": 0.1, ""K_ix"": 0.005}",9.698690674964189
"{""K_h"": 0.022000000000000002, ""K_p"": 0.5, ""K_i"": 0.0045000000000000005, ""K_diffx"": 0.022000000000000002, ""K_px"": 0.1, ""K_ix"": 0.003}",9.698690702178723
"{""K_h"": 0.022000000000000002, ""K_p"": 0.5, ""K_i"": 0.0045000000000000005, ""K_diffx"": 0.043000000000000003, ""K_px"": 0.1, ""K_ix"": 0.001}",9.698690740097339
"{""K_h"": 0.022000000000000002, ""K_p"": 0.5, ""K_i"": 0.0045000000000000005, ""K_diffx"": 0.05, ""K_px"": 0.1, ""K_ix"": 0.003}",9.698690743347381
"{""K_h"": 0.022000000000000002, ""K_p"": 0.5, ""K_i"": 0.0045000000000000005, ""K_diffx"": 0.043000000000000003, ""K_px"": 0.1, ""K_ix"": 0.004}",9.698691063038194
"{""K_h"": 0.022000000000000002, ""K_p"": 0.5, ""K_i"": 0.0045000000000000005, ""K_diffx"": 0.036000000000000004, ""K_px"": 0.1, ""K_ix"": 0.003}",9.698691104741286
"{""K_h"": 0.022000000000000002, ""K_p"": 0.5, ""K_i"": 0.0045000000000000005, ""K_diffx"": 0.043000000000000003, ""K_px"": 0.1, ""K_ix"": 0.002}",9.698691380809821
"{""K_h"": 0.022000000000000002, ""K_p"": 0.5, ""K_i"": 0.0045000000000000005, ""K_diffx"": 0.015, ""K_px"": 0.1, ""K_ix"": 0.002}",9.698691479116203
"{""K_h"": 0.022000000000000002, ""K_p"": 0.5, ""K_i"": 0.0045000000000000005, ""K_diffx"": 0.029, ""K_px"": 0.1, ""K_ix"": 0.003}",9.698691741630563
"{""K_h"": 0.022000000000000002, ""K_p"": 0.5, ""K_i"": 0.0045000000000000005, ""K_diffx"": 0.05, ""K_px"": 0.1, ""K_ix"": 0.001}",9.698691824489975
"{""K_h"": 0.022000000000000002, ""K_p"": 0.5, ""K_i"": 0.0045000000000000005, ""K_diffx"": 0.043000000000000003, ""K_px"": 0.1, ""K_ix"": 0.0}",9.698691867929899
"{""K_h"": 0.022000000000000002, ""K_p"": 0.5, ""K_i"": 0.0045000000000000005, ""K_diffx"": 0.022000000000000002, ""K_px"": 0.1, ""K_ix"": 0.002}",9.698691893924277
"{""K_h"": 0.022000000000000002, ""K_p"": 0.5, ""K_i"": 0.0045000000000000005, ""K_diffx"": 0.015, ""K_px"": 0.1, ""K_ix"": 0.001}",9.698693809310623
"{""K_h"": 0.022000000000000002, ""K_p"": 0.5, ""K_i"": 0.0045000000000000005, ""K_diffx"": 0.001, ""K_px"": 0.1, ""K_ix"": 0.002}",9.698694015553471
"{""K_h"": 0.022000000000000002, ""K_p"": 0.5, ""K_i"": 0.0045000000000000005, ""K_diffx"": 0.022000000000000002, ""K_px"": 0.1, ""K_ix"": 0.0}",9.698694627603997
"{""K_h"": 0.022000000000000002, ""K_p"": 0.5, ""K_i"": 0.0045000000000000005, ""K_diffx"": 0.022000000000000002, ""K_px"": 0.0, ""K_ix"": 0.001}",9.698695699139467
"{""K_h"": 0.022000000000000002, ""K_p"": 0.5, ""K_i"": 0.0045000000000000005, ""K_diffx"": 0.001, ""K_px"": 0.0, ""K_ix"": 0.003}",9.698697150620461
"{""K_h"": 0.022000000000000002, ""K_p"": 0.5, ""K_i"": 0.0045000000000000005, ""K_diffx"": 0.015, ""K_px"": 0.0, ""K_ix"": 0.002}",9.698698334925318
"{""K_h"": 0.022000000000000002, ""K_p"": 0.5, ""K_i"": 0.0045000000000000005, ""K_diffx"": 0.043000000000000003, ""K_px"": 0.0, ""K_ix"": 0.002}",9.698701895128586
"{""K_h"": 0.022000000000000002, ""K_p"": 0.5, ""K_i"": 0.0045000000000000005, ""K_diffx"": 0.036000000000000004, ""K_px"": 0.0, ""K_ix"": 0.002}",9.698703877157
"{""K_h"": 0.022000000000000002, ""K_p"": 0.5, ""K_i"": 0.0045000000000000005, ""K_diffx"": 0.029, ""K_px"": 0.0, ""K_ix"": 0.002}",9.698705305757327
"{""K_h"": 0.022000000000000002, ""K_p"": 0.5, ""K_i"": 0.0045000000000000005, ""K_diffx"": 0.05, ""K_px"": 0.0, ""K_ix"": 0.001}",9.698706112582219
"{""K_h"": 0.022000000000000002, ""K_p"": 0.5, ""K_i"": 0.0045000000000000005, ""K_diffx"": 0.001, ""K_px"": 0.0, ""K_ix"": 0.004}",9.698709634423388
"{""K_h"": 0.022000000000000002, ""K_p"": 0.5, ""K_i"": 0.0045000000000000005, ""K_diffx"": 0.015, ""K_px"": 0.0, ""K_ix"": 0.003}",9.69871793668829
"{""K_h"": 0.022000000000000002, ""K_p"": 0.5, ""K_i"": 0.0045000000000000005, ""K_diffx"": 0.008, ""K_px"": 0.2, ""K_ix"": 0.004}",9.698721649804117
"{""K_h"": 0.022000000000000002, ""K_p"": 0.5, ""K_i"": 0.0045000000000000005, ""K_diffx"": 0.001, ""K_px"": 0.0, ""K_ix"": 0.005}",9.69872412320426
"{""K_h"": 0.022000000000000002, ""K_p"": 0.5, ""K_i"": 0.0045000000000000005, ""K_diffx"": 0.008, ""K_px"": 0.0, ""K_ix"": 0.002}",9.698725823775133
"{""K_h"": 0.022000000000000002, ""K_p"": 0.5, ""K_i"": 0.0045000000000000005, ""K_diffx"": 0.001, ""K_px"": 0.2, ""K_ix"": 0.0}",9.698728655023995
"{""K_h"": 0.022000000000000002, ""K_p"": 0.5, ""K_i"": 0.0045000000000000005, ""K_diffx"": 0.008, ""K_px"": 0.2, ""K_ix"": 0.001}",9.698730416666805
"{""K_h"": 0.022000000000000002, ""K_p"": 0.5, ""K_i"": 0.0045000000000000005, ""K_diffx"": 0.001, ""K_px"": 0.2, ""K_ix"": 0.001}",9.698730421612263
"{""K_h"": 0.022000000000000002, ""K_p"": 0.5, ""K_i"": 0.0045000000000000005, ""K_diffx"": 0.029, ""K_px"": 0.2, ""K_ix"": 0.001}",9.698730476928386
"{""K_h"": 0.022000000000000002, ""K_p"": 0.5, ""K_i"": 0.0045000000000000005, ""K_diffx"": 0.001, ""K_px"": 0.2, ""K_ix"": 0.002}",9.698731141568913
"{""K_h"": 0.022000000000000002, ""K_p"": 0.5, ""K_i"": 0.0045000000000000005, ""K_diffx"": 0.008, ""K_px"": 0.2, ""K_ix"": 0.0}",9.69873231536867
"{""K_h"": 0.022000000000000002, ""K_p"": 0.5, ""K_i"": 0.0045000000000000005, ""K_diffx"": 0.043000000000000003, ""K_px"": 0.0, ""K_ix"": 0.003}",9.698732662118417
"{""K_h"": 0.022000000000000002, ""K_p"": 0.5, ""K_i"": 0.0045000000000000005, ""K_diffx"": 0.022000000000000002, ""K_px"": 0.2, ""K_ix"": 0.001}",9.698733294655288
"{""K_h"": 0.022000000000000002, ""K_p"": 0.5, ""K_i"": 0.0045000000000000005, ""K_diffx"": 0.029, ""K_px"": 0.2, ""K_ix"": 0.0}",9.69873329667417
"{""K_h"": 0.022000000000000002, ""K_p"": 0.5, ""K_i"": 0.0045000000000000005, ""K_diffx"": 0.008, ""K_px"": 0.2, ""K_ix"": 0.005}",9.698733472253517
"{""K_h"": 0.022000000000000002, ""K_p"": 0.5, ""K_i"": 0.0045000000000000005, ""K_diffx"": 0.015, ""K_px"": 0.2, ""K_ix"": 0.0}",9.698733732398818
"{""K_h"": 0.022000000000000002, ""K_p"": 0.5, ""K_i"": 0.0045000000000000005, ""K_diffx"": 0.036000000000000004, ""K_px"": 0.2, ""K_ix"": 0.005}",9.698733875713744
"{""K_h"": 0.022000000000000002, ""K_p"": 0.5, ""K_i"": 0.0045000000000000005, ""K_diffx"": 0.036000000000000004, ""K_px"": 0.2, ""K_ix"": 0.002}",9.698734397567836
"{""K_h"": 0.022000000000000002, ""K_p"": 0.5, ""K_i"": 0.0045000000000000005, ""K_diffx"": 0.029, ""K_px"": 0.2, ""K_ix"": 0.003}",9.698734547570329
"{""K_h"": 0.022000000000000002, ""K_p"": 0.5, ""K_i"": 0.0045000000000000005, ""K_diffx"": 0.036000000000000004, ""K_px"": 0.2, ""K_ix"": 0.001}",9.698736266050808
"{""K_h"": 0.022000000000000002, ""K_p"": 0.5, ""K_i"": 0.0045000000000000005, ""K_diffx"": 0.036000000000000004, ""K_px"": 0.0, ""K_ix"": 0.003}",9.698736522074219
"{""K_h"": 0.022000000000000002, ""K_p"": 0.5, ""K_i"": 0.0045000000000000005, ""K_diffx"": 0.015, ""K_px"": 0.2, ""K_ix"": 0.003}",9.698736546635356
"{""K_h"": 0.022000000000000002, ""K_p"": 0.5, ""K_i"": 0.0045000000000000005, ""K_diffx"": 0.022000000000000002, ""K_px"": 0.2, ""K_ix"": 0.005}",9.69873656233915
"{""K_h"": 0.022000000000000002, ""K_p"": 0.5, ""K_i"": 0.0045000000000000005, ""K_diffx"": 0.008, ""K_px"": 0.2, ""K_ix"": 0.002}",9.698736641209397
"{""K_h"": 0.022000000000000002, ""K_p"": 0.5, ""K_i"": 0.0045000000000000005, ""K_diffx"": 0.043000000000000003, ""K_px"": 0.2, ""K_ix"": 0.003}",9.698736800760061
"{""K_h"": 0.022000000000000002, ""K_p"": 0.5, ""K_i"": 0.0045000000000000005, ""K_diffx"": 0.05, ""K_px"": 0.2, ""K_ix"": 0.005}",9.69873707174493
"{""K_h"": 0.022000000000000002, ""K_p"": 0.5, ""K_i"": 0.0045000000000000005, ""K_diffx"": 0.015, ""K_px"": 0.2, ""K_ix"": 0.001}",9.69873719931428
"{""K_h"": 0.022000000000000002, ""K_p"": 0.5, ""K_i"": 0.0045000000000000005, ""K_diffx"": 0.022000000000000002, ""K_px"": 0.2, ""K_ix"": 0.002}",9.698737427669302
"{""K_h"": 0.022000000000000002, ""K_p"": 0.5, ""K_i"": 0.0045000000000000005, ""K_diffx"": 0.05, ""K_px"": 0.2, ""K_ix"": 0.004}",9.69873756755214
"{""K_h"": 0.022000000000000002, ""K_p"": 0.5, ""K_i"": 0.0045000000000000005, ""K_diffx"": 0.022000000000000002, ""K_px"": 0.2, ""K_ix"": 0.003}",9.69873770305568
"{""K_h"": 0.022000000000000002, ""K_p"": 0.5, ""K_i"": 0.0045000000000000005, ""K_diffx"": 0.036000000000000004, ""K_px"": 0.2, ""K_ix"": 0.003}",9.69873771463161
"{""K_h"": 0.022000000000000002, ""K_p"": 0.5, ""K_i"": 0.0045000000000000005, ""K_diffx"": 0.029, ""K_px"": 0.2, ""K_ix"": 0.005}",9.698737872539091
"{""K_h"": 0.022000000000000002, ""K_p"": 0.5, ""K_i"": 0.0045000000000000005, ""K_diffx"": 0.008, ""K_px"": 0.2, ""K_ix"": 0.003}",9.698738067313501
"{""K_h"": 0.022000000000000002, ""K_p"": 0.5, ""K_i"": 0.0045000000000000005, ""K_diffx"": 0.05, ""K_px"": 0.2, ""K_ix"": 0.001}",9.698738499551565
"{""K_h"": 0.022000000000000002, ""K_p"": 0.5, ""K_i"": 0.0045000000000000005, ""K_diffx"": 0.015, ""K_px"": 0.2, ""K_ix"": 0.005}",9.698738833898416
"{""K_h"": 0.022000000000000002, ""K_p"": 0.5, ""K_i"": 0.0045000000000000005, ""K_diffx"": 0.043000000000000003, ""K_px"": 0.2, ""K_ix"": 0.005}",9.698739194538176
"{""K_h"": 0.022000000000000002, ""K_p"": 0.5, ""K_i"": 0.0045000000000000005, ""K_diffx"": 0.05, ""K_px"": 0.2, ""K_ix"": 0.0}",9.69873949167195
"{""K_h"": 0.022000000000000002, ""K_p"": 0.5, ""K_i"": 0.0045000000000000005, ""K_diffx"": 0.036000000000000004, ""K_px"": 0.2, ""K_ix"": 0.004}",9.698739499633001
"{""K_h"": 0.022000000000000002, ""K_p"": 0.5, ""K_i"": 0.0045000000000000005, ""K_diffx"": 0.029, ""K_px"": 0.0, ""K_ix"": 0.003}",9.698739583081114
"{""K_h"": 0.022000000000000002, ""K_p"": 0.5, ""K_i"": 0.0045000000000000005, ""K_diffx"": 0.029, ""K_px"": 0.2, ""K_ix"": 0.002}",9.698739629974396
"{""K_h"": 0.022000000000000002, ""K_p"": 0.5, ""K_i"": 0.0045000000000000005, ""K_diffx"": 0.029, ""K_px"": 0.2, ""K_ix"": 0.004}",9.698739732663585
"{""K_h"": 0.022000000000000002, ""K_p"": 0.5, ""K_i"": 0.0045000000000000005, ""K_diffx"": 0.043000000000000003, ""K_px"": 0.2, ""K_ix"": 0.002}",9.698739893027774
"{""K_h"": 0.022000000000000002, ""K_p"": 0.5, ""K_i"": 0.0045000000000000005, ""K_diffx"": 0.022000000000000002, ""K_px"": 0.2, ""K_ix"": 0.004}",9.698739977693116
"{""K_h"": 0.022000000000000002, ""K_p"": 0.5, ""K_i"": 0.0045000000000000005, ""K_diffx"": 0.05, ""K_px"": 0.2, ""K_ix"": 0.003}",9.698739977952826
"{""K_h"": 0.022000000000000002, ""K_p"": 0.5, ""K_i"": 0.0045000000000000005, ""K_diffx"": 0.043000000000000003, ""K_px"": 0.2, ""K_ix"": 0.0}",9.698740021040972
"{""K_h"": 0.022000000000000002, ""K_p"": 0.5, ""K_i"": 0.0045000000000000005, ""K_diffx"": 0.015, ""K_px"": 0.2, ""K_ix"": 0.004}",9.698740075318698
"{""K_h"": 0.022000000000000002, ""K_p"": 0.5, ""K_i"": 0.0045000000000000005, ""K_diffx"": 0.05, ""K_px"": 0.2, ""K_ix"": 0.002}",9.698740403830916
"{""K_h"": 0.022000000000000002, ""K_p"": 0.5, ""K_i"": 0.0045000000000000005, ""K_diffx"": 0.001, ""K_px"": 0.2, ""K_ix"": 0.003}",9.698740411473425
"{""K_h"": 0.022000000000000002, ""K_p"": 0.5, ""K_i"": 0.0045000000000000005, ""K_diffx"": 0.036000000000000004, ""K_px"": 0.2, ""K_ix"": 0.0}",9.69874050108282
"{""K_h"": 0.022000000000000002, ""K_p"": 0.5, ""K_i"": 0.0045000000000000005, ""K_diffx"": 0.015, ""K_px"": 0.0, ""K_ix"": 0.004}",9.69874163916089
"{""K_h"": 0.022000000000000002, ""K_p"": 0.5, ""K_i"": 0.0045000000000000005, ""K_diffx"": 0.043000000000000003, ""K_px"": 0.2, ""K_ix"": 0.001}",9.698742726097898
"{""K_h"": 0.022000000000000002, ""K_p"": 0.5, ""K_i"": 0.0045000000000000005, ""K_diffx"": 0.043000000000000003, ""K_px"": 0.2, ""K_ix"": 0.004}",9.698742805370728
"{""K_h"": 0.022000000000000002, ""K_p"": 0.5, ""K_i"": 0.0045000000000000005, ""K_diffx"": 0.001, ""K_px"": 0.2, ""K_ix"": 0.005}",9.698743345604193
"{""K_h"": 0.022000000000000002, ""K_p"": 0.5, ""K_i"": 0.0045000000000000005, ""K_diffx"": 0.015, ""K_px"": 0.2, ""K_ix"": 0.002}",9.69874545086609
"{""K_h"": 0.022000000000000002, ""K_p"": 0.5, ""K_i"": 0.0045000000000000005, ""K_diffx"": 0.001, ""K_px"": 0.2, ""K_ix"": 0.004}",9.698745796846364
"{""K_h"": 0.022000000000000002, ""K_p"": 0.5, ""K_i"": 0.0045000000000000005, ""K_diffx"": 0.022000000000000002, ""K_px"": 0.0, ""K_ix"": 0.002}",9.698747213405525
"{""K_h"": 0.022000000000000002, ""K_p"": 0.5, ""K_i"": 0.0045000000000000005, ""K_diffx"": 0.022000000000000002, ""K_px"": 0.2, ""K_ix"": 0.0}",9.698747716158763
"{""K_h"": 0.022000000000000002, ""K_p"": 0.5, ""K_i"": 0.0045000000000000005, ""K_diffx"": 0.05, ""K_px"": 0.0, ""K_ix"": 0.002}",9.698764649872881
"{""K_h"": 0.022000000000000002, ""K_p"": 0.5, ""K_i"": 0.0045000000000000005, ""K_diffx"": 0.015, ""K_px"": 0.0, ""K_ix"": 0.005}",9.698769323693229
"{""K_h"": 0.022000000000000002, ""K_p"": 0.5, ""K_i"": 0.0045000000000000005, ""K_diffx"": 0.043000000000000003, ""K_px"": 0.0, ""K_ix"": 0.004}",9.698773807168724
"{""K_h"": 0.022000000000000002, ""K_p"": 0.5, ""K_i"": 0.0045000000000000005, ""K_diffx"": 0.008, ""K_px"": 0.0, ""K_ix"": 0.003}",9.69877961853232
"{""K_h"": 0.022000000000000002, ""K_p"": 0.5, ""K_i"": 0.0045000000000000005, ""K_diffx"": 0.036000000000000004, ""K_px"": 0.0, ""K_ix"": 0.004}",9.698780302628377
"{""K_h"": 0.022000000000000002, ""K_p"": 0.5, ""K_i"": 0.0045000000000000005, ""K_diffx"": 0.029, ""K_px"": 0.0, ""K_ix"": 0.004}",9.698785119631882
"{""K_h"": 0.022000000000000002, ""K_p"": 0.5, ""K_i"": 0.0045000000000000005, ""K_diffx"": 0.022000000000000002, ""K_px"": 0.30000000000000004, ""K_ix"": 0.002}",9.698788012062748
"{""K_h"": 0.022000000000000002, ""K_p"": 0.5, ""K_i"": 0.0045000000000000005, ""K_diffx"": 0.001, ""K_px"": 0.30000000000000004, ""K_ix"": 0.001}",9.69879082236389
"{""K_h"": 0.022000000000000002, ""K_p"": 0.5, ""K_i"": 0.0045000000000000005, ""K_diffx"": 0.015, ""K_px"": 0.30000000000000004, ""K_ix"": 0.004}",9.698795956862778
"{""K_h"": 0.022000000000000002, ""K_p"": 0.5, ""K_i"": 0.0045000000000000005, ""K_diffx"": 0.001, ""K_px"": 0.30000000000000004, ""K_ix"": 0.0}",9.698796361321333
"{""K_h"": 0.022000000000000002, ""K_p"": 0.5, ""K_i"": 0.0045000000000000005, ""K_diffx"": 0.001, ""K_px"": 0.30000000000000004, ""K_ix"": 0.002}",9.69879831477072
"{""K_h"": 0.022000000000000002, ""K_p"": 0.5, ""K_i"": 0.0045000000000000005, ""K_diffx"": 0.001, ""K_px"": 0.30000000000000004, ""K_ix"": 0.003}",9.698798940908008
"{""K_h"": 0.022000000000000002, ""K_p"": 0.5, ""K_i"": 0.0045000000000000005, ""K_diffx"": 0.008, ""K_px"": 0.30000000000000004, ""K_ix"": 0.0}",9.698799292662136
"{""K_h"": 0.022000000000000002, ""K_p"": 0.5, ""K_i"": 0.0045000000000000005, ""K_diffx"": 0.008, ""K_px"": 0.30000000000000004, ""K_ix"": 0.001}",9.698800246333416
"{""K_h"": 0.022000000000000002, ""K_p"": 0.5, ""K_i"": 0.0045000000000000005, ""K_diffx"": 0.001, ""K_px"": 0.30000000000000004, ""K_ix"": 0.004}",9.698803600160504
"{""K_h"": 0.022000000000000002, ""K_p"": 0.5, ""K_i"": 0.0045000000000000005, ""K_diffx"": 0.043000000000000003, ""K_px"": 0.30000000000000004, ""K_ix"": 0.001}",9.698803716929886
"{""K_h"": 0.022000000000000002, ""K_p"": 0.5, ""K_i"": 0.0045000000000000005, ""K_diffx"": 0.029, ""K_px"": 0.30000000000000004, ""K_ix"": 0.0}",9.698804502725912
"{""K_h"": 0.022000000000000002, ""K_p"": 0.5, ""K_i"": 0.0045000000000000005, ""K_diffx"": 0.029, ""K_px"": 0.30000000000000004, ""K_ix"": 0.005}",9.69880492658943
"{""K_h"": 0.022000000000000002, ""K_p"": 0.5, ""K_i"": 0.0045000000000000005, ""K_diffx"": 0.036000000000000004, ""K_px"": 0.30000000000000004, ""K_ix"": 0.002}",9.698805137004666
"{""K_h"": 0.022000000000000002, ""K_p"": 0.5, ""K_i"": 0.0045000000000000005, ""K_diffx"": 0.015, ""K_px"": 0.30000000000000004, ""K_ix"": 0.0}",9.698805782269492
"{""K_h"": 0.022000000000000002, ""K_p"": 0.5, ""K_i"": 0.0045000000000000005, ""K_diffx"": 0.036000000000000004, ""K_px"": 0.30000000000000004, ""K_ix"": 0.003}",9.698805933692032
"{""K_h"": 0.022000000000000002, ""K_p"": 0.5, ""K_i"": 0.0045000000000000005, ""K_diffx"": 0.008, ""K_px"": 0.30000000000000004, ""K_ix"": 0.002}",9.698806259449173
"{""K_h"": 0.022000000000000002, ""K_p"": 0.5, ""K_i"": 0.0045000000000000005, ""K_diffx"": 0.001, ""K_px"": 0.30000000000000004, ""K_ix"": 0.005}",9.698807844747769
"{""K_h"": 0.022000000000000002, ""K_p"": 0.5, ""K_i"": 0.0045000000000000005, ""K_diffx"": 0.043000000000000003, ""K_px"": 0.30000000000000004, ""K_ix"": 0.005}",9.69881003877176
"{""K_h"": 0.022000000000000002, ""K_p"": 0.5, ""K_i"": 0.0045000000000000005, ""K_diffx"": 0.008, ""K_px"": 0.30000000000000004, ""K_ix"": 0.003}",9.698812572425838
"{""K_h"": 0.022000000000000002, ""K_p"": 0.5, ""K_i"": 0.0045000000000000005, ""K_diffx"": 0.015, ""K_px"": 0.30000000000000004, ""K_ix"": 0.001}",9.698813044145037
"{""K_h"": 0.022000000000000002, ""K_p"": 0.5, ""K_i"": 0.0045000000000000005, ""K_diffx"": 0.043000000000000003, ""K_px"": 0.30000000000000004, ""K_ix"": 0.004}",9.698815834812395
"{""K_h"": 0.022000000000000002, ""K_p"": 0.5, ""K_i"": 0.0045000000000000005, ""K_diffx"": 0.022000000000000002, ""K_px"": 0.30000000000000004, ""K_ix"": 0.003}",9.698816154128021
"{""K_h"": 0.022000000000000002, ""K_p"": 0.5, ""K_i"": 0.0045000000000000005, ""K_diffx"": 0.05, ""K_px"": 0.30000000000000004, ""K_ix"": 0.002}",9.698816865043009
"{""K_h"": 0.022000000000000002, ""K_p"": 0.5, ""K_i"": 0.0045000000000000005, ""K_diffx"": 0.029, ""K_px"": 0.30000000000000004, ""K_ix"": 0.004}",9.698816893696552
"{""K_h"": 0.022000000000000002, ""K_p"": 0.5, ""K_i"": 0.0045000000000000005, ""K_diffx"": 0.043000000000000003, ""K_px"": 0.30000000000000004, ""K_ix"": 0.0}",9.698816959345805
"{""K_h"": 0.022000000000000002, ""K_p"": 0.5, ""K_i"": 0.0045000000000000005, ""K_diffx"": 0.05, ""K_px"": 0.30000000000000004, ""K_ix"": 0.005}",9.698817121574221
"{""K_h"": 0.022000000000000002, ""K_p"": 0.5, ""K_i"": 0.0045000000000000005, ""K_diffx"": 0.015, ""K_px"": 0.30000000000000004, ""K_ix"": 0.005}",9.698818151891915
"{""K_h"": 0.022000000000000002, ""K_p"": 0.5, ""K_i"": 0.0045000000000000005, ""K_diffx"": 0.029, ""K_px"": 0.30000000000000004, ""K_ix"": 0.001}",9.698818678687509
"{""K_h"": 0.022000000000000002, ""K_p"": 0.5, ""K_i"": 0.0045000000000000005, ""K_diffx"": 0.022000000000000002, ""K_px"": 0.30000000000000004, ""K_ix"": 0.004}",9.698818760118295
"{""K_h"": 0.022000000000000002, ""K_p"": 0.5, ""K_i"": 0.0045000000000000005, ""K_diffx"": 0.036000000000000004, ""K_px"": 0.30000000000000004, ""K_ix"": 0.0}",9.698818940349561
"{""K_h"": 0.022000000000000002, ""K_p"": 0.5, ""K_i"": 0.0045000000000000005, ""K_diffx"": 0.029, ""K_px"": 0.30000000000000004, ""K_ix"": 0.002}",9.698819021349546
"{""K_h"": 0.022000000000000002, ""K_p"": 0.5, ""K_i"": 0.0045000000000000005, ""K_diffx"": 0.05, ""K_px"": 0.30000000000000004, ""K_ix"": 0.003}",9.698819177256677
"{""K_h"": 0.022000000000000002, ""K_p"": 0.5, ""K_i"": 0.0045000000000000005, ""K_diffx"": 0.05, ""K_px"": 0.30000000000000004, ""K_ix"": 0.0}",9.698820304880602
"{""K_h"": 0.022000000000000002, ""K_p"": 0.5, ""K_i"": 0.0045000000000000005, ""K_diffx"": 0.022000000000000002, ""K_px"": 0.30000000000000004, ""K_ix"": 0.005}",9.69882064879092
"{""K_h"": 0.022000000000000002, ""K_p"": 0.5, ""K_i"": 0.0045000000000000005, ""K_diffx"": 0.036000000000000004, ""K_px"": 0.30000000000000004, ""K_ix"": 0.005}",9.69882117127698
"{""K_h"": 0.022000000000000002, ""K_p"": 0.5, ""K_i"": 0.0045000000000000005, ""K_diffx"": 0.05, ""K_px"": 0.30000000000000004, ""K_ix"": 0.004}",9.698821266564535
"{""K_h"": 0.022000000000000002, ""K_p"": 0.5, ""K_i"": 0.0045000000000000005, ""K_diffx"": 0.029, ""K_px"": 0.30000000000000004, ""K_ix"": 0.003}",9.698821270789644
"{""K_h"": 0.022000000000000002, ""K_p"": 0.5, ""K_i"": 0.0045000000000000005, ""K_diffx"": 0.043000000000000003, ""K_px"": 0.30000000000000004, ""K_ix"": 0.003}",9.698821274431296
"{""K_h"": 0.022000000000000002, ""K_p"": 0.5, ""K_i"": 0.0045000000000000005, ""K_diffx"": 0.036000000000000004, ""K_px"": 0.30000000000000004, ""K_ix"": 0.001}",9.698821700035833
"{""K_h"": 0.022000000000000002, ""K_p"": 0.5, ""K_i"": 0.0045000000000000005, ""K_diffx"": 0.043000000000000003, ""K_px"": 0.30000000000000004, ""K_ix"": 0.002}",9.69882196856319
"{""K_h"": 0.022000000000000002, ""K_p"": 0.5, ""K_i"": 0.0045000000000000005, ""K_diffx"": 0.05, ""K_px"": 0.30000000000000004, ""K_ix"": 0.001}",9.69882247034679
"{""K_h"": 0.022000000000000002, ""K_p"": 0.5, ""K_i"": 0.0045000000000000005, ""K_diffx"": 0.022000000000000002, ""K_px"": 0.0, ""K_ix"": 0.003}",9.698822729090882
"{""K_h"": 0.022000000000000002, ""K_p"": 0.5, ""K_i"": 0.0045000000000000005, ""K_diffx"": 0.036000000000000004, ""K_px"": 0.30000000000000004, ""K_ix"": 0.004}",9.698824005431401
"{""K_h"": 0.022000000000000002, ""K_p"": 0.5, ""K_i"": 0.0045000000000000005, ""K_diffx"": 0.008, ""K_px"": 0.30000000000000004, ""K_ix"": 0.005}",9.698824724131383
"{""K_h"": 0.022000000000000002, ""K_p"": 0.5, ""K_i"": 0.0045000000000000005, ""K_diffx"": 0.015, ""K_px"": 0.30000000000000004, ""K_ix"": 0.003}",9.698826866866108
"{""K_h"": 0.022000000000000002, ""K_p"": 0.5, ""K_i"": 0.0045000000000000005, ""K_diffx"": 0.022000000000000002, ""K_px"": 0.30000000000000004, ""K_ix"": 0.0}",9.698830980914913
"{""K_h"": 0.022000000000000002, ""K_p"": 0.5, ""K_i"": 0.0045000000000000005, ""K_diffx"": 0.022000000000000002, ""K_px"": 0.30000000000000004, ""K_ix"": 0.001}",9.698833581236451
"{""K_h"": 0.022000000000000002, ""K_p"": 0.5, ""K_i"": 0.0045000000000000005, ""K_diffx"": 0.043000000000000003, ""K_px"": 0.0, ""K_ix"": 0.005}",9.698833853697288
"{""K_h"": 0.022000000000000002, ""K_p"": 0.5, ""K_i"": 0.0045000000000000005, ""K_diffx"": 0.008, ""K_px"": 0.30000000000000004, ""K_ix"": 0.004}",9.698834727297154
"{""K_h"": 0.022000000000000002, ""K_p"": 0.5, ""K_i"": 0.0045000000000000005, ""K_diffx"": 0.015, ""K_px"": 0.30000000000000004, ""K_ix"": 0.002}",9.698835619635982
"{""K_h"": 0.022000000000000002, ""K_p"": 0.5, ""K_i"": 0.0045000000000000005, ""K_diffx"": 0.036000000000000004, ""K_px"": 0.0, ""K_ix"": 0.005}",9.698836049552927
"{""K_h"": 0.022000000000000002, ""K_p"": 0.5, ""K_i"": 0.0045000000000000005, ""K_diffx"": 0.029, ""K_px"": 0.0, ""K_ix"": 0.005}",9.69884178625686
"{""K_h"": 0.022000000000000002, ""K_p"": 0.5, ""K_i"": 0.0045000000000000005, ""K_diffx"": 0.05, ""K_px"": 0.0, ""K_ix"": 0.003}",9.698847038092133
"{""K_h"": 0.022000000000000002, ""K_p"": 0.5, ""K_i"": 0.0045000000000000005, ""K_diffx"": 0.008, ""K_px"": 0.0, ""K_ix"": 0.004}",9.698847525692392
"{""K_h"": 0.022000000000000002, ""K_p"": 0.5, ""K_i"": 0.0045000000000000005, ""K_diffx"": 0.015, ""K_px"": 0.4, ""K_ix"": 0.005}",9.698859131154762
"{""K_h"": 0.022000000000000002, ""K_p"": 0.5, ""K_i"": 0.0045000000000000005, ""K_diffx"": 0.043000000000000003, ""K_px"": 0.4, ""K_ix"": 0.001}",9.698877747916697
"{""K_h"": 0.022000000000000002, ""K_p"": 0.5, ""K_i"": 0.0045000000000000005, ""K_diffx"": 0.001, ""K_px"": 0.4, ""K_ix"": 0.001}",9.698881309862593
"{""K_h"": 0.022000000000000002, ""K_p"": 0.5, ""K_i"": 0.0045000000000000005, ""K_diffx"": 0.001, ""K_px"": 0.4, ""K_ix"": 0.002}",9.698884929747521
"{""K_h"": 0.022000000000000002, ""K_p"": 0.5, ""K_i"": 0.0045000000000000005, ""K_diffx"": 0.008, ""K_px"": 0.4, ""K_ix"": 0.001}",9.69888984060168
"{""K_h"": 0.022000000000000002, ""K_p"": 0.5, ""K_i"": 0.0045000000000000005, ""K_diffx"": 0.008, ""K_px"": 0.4, ""K_ix"": 0.0}",9.698890565499951
"{""K_h"": 0.022000000000000002, ""K_p"": 0.5, ""K_i"": 0.0045000000000000005, ""K_diffx"": 0.001, ""K_px"": 0.4, ""K_ix"": 0.0}",9.698890715361765
"{""K_h"": 0.022000000000000002, ""K_p"": 0.5, ""K_i"": 0.0045000000000000005, ""K_diffx"": 0.001, ""K_px"": 0.4, ""K_ix"": 0.003}",9.698891851487437
"{""K_h"": 0.022000000000000002, ""K_p"": 0.5, ""K_i"": 0.0045000000000000005, ""K_diffx"": 0.001, ""K_px"": 0.4, ""K_ix"": 0.004}",9.698892110945113
"{""K_h"": 0.022000000000000002, ""K_p"": 0.5, ""K_i"": 0.0045000000000000005, ""K_diffx"": 0.001, ""K_px"": 0.4, ""K_ix"": 0.005}",9.698896032797446
"{""K_h"": 0.022000000000000002, ""K_p"": 0.5, ""K_i"": 0.0045000000000000005, ""K_diffx"": 0.029, ""K_px"": 0.4, ""K_ix"": 0.002}",9.698896881260517
"{""K_h"": 0.022000000000000002, ""K_p"": 0.5, ""K_i"": 0.0045000000000000005, ""K_diffx"": 0.029, ""K_px"": 0.4, ""K_ix"": 0.0}",9.698902400408741
"{""K_h"": 0.022000000000000002, ""K_p"": 0.5, ""K_i"": 0.0045000000000000005, ""K_diffx"": 0.022000000000000002, ""K_px"": 0.4, ""K_ix"": 0.003}",9.698902855302972
"{""K_h"": 0.022000000000000002, ""K_p"": 0.5, ""K_i"": 0.0045000000000000005, ""K_diffx"": 0.022000000000000002, ""K_px"": 0.4, ""K_ix"": 0.002}",9.698903352672973
"{""K_h"": 0.022000000000000002, ""K_p"": 0.5, ""K_i"": 0.0045000000000000005, ""K_diffx"": 0.036000000000000004, ""K_px"": 0.4, ""K_ix"": 0.004}",9.698904317804963
"{""K_h"": 0.022000000000000002, ""K_p"": 0.5, ""K_i"": 0.0045000000000000005, ""K_diffx"": 0.008, ""K_px"": 0.4, ""K_ix"": 0.002}",9.698905129192273
"{""K_h"": 0.022000000000000002, ""K_p"": 0.5, ""K_i"": 0.0045000000000000005, ""K_diffx"": 0.036000000000000004, ""K_px"": 0.4, ""K_ix"": 0.003}",9.698907050951455
"{""K_h"": 0.022000000000000002, ""K_p"": 0.5, ""K_i"": 0.0045000000000000005, ""K_diffx"": 0.008, ""K_px"": 0.4, ""K_ix"": 0.003}",9.698909670353036
"{""K_h"": 0.022000000000000002, ""K_p"": 0.5, ""K_i"": 0.0045000000000000005, ""K_diffx"": 0.015, ""K_px"": 0.4, ""K_ix"": 0.001}",9.698910732563947
"{""K_h"": 0.022000000000000002, ""K_p"": 0.5, ""K_i"": 0.0045000000000000005, ""K_diffx"": 0.015, ""K_px"": 0.4, ""K_ix"": 0.0}",9.698913146971876
"{""K_h"": 0.022000000000000002, ""K_p"": 0.5, ""K_i"": 0.0045000000000000005, ""K_diffx"": 0.05, ""K_px"": 0.4, ""K_ix"": 0.001}",9.698916868713333
"{""K_h"": 0.022000000000000002, ""K_p"": 0.5, ""K_i"": 0.0045000000000000005, ""K_diffx"": 0.008, ""K_px"": 0.4, ""K_ix"": 0.004}",9.698916938959742
"{""K_h"": 0.022000000000000002, ""K_p"": 0.5, ""K_i"": 0.0045000000000000005, ""K_diffx"": 0.036000000000000004, ""K_px"": 0.4, ""K_ix"": 0.0}",9.698920771824838
"{""K_h"": 0.022000000000000002, ""K_p"": 0.5, ""K_i"": 0.0045000000000000005, ""K_diffx"": 0.022000000000000002, ""K_px"": 0.4, ""K_ix"": 0.005}",9.698921585495038
"{""K_h"": 0.022000000000000002, ""K_p"": 0.5, ""K_i"": 0.0045000000000000005, ""K_diffx"": 0.029, ""K_px"": 0.4, ""K_ix"": 0.005}",9.69892165387386
"{""K_h"": 0.022000000000000002, ""K_p"": 0.5, ""K_i"": 0.0045000000000000005, ""K_diffx"": 0.015, ""K_px"": 0.4, ""K_ix"": 0.002}",9.69892232327107
"{""K_h"": 0.022000000000000002, ""K_p"": 0.5, ""K_i"": 0.0045000000000000005, ""K_diffx"": 0.043000000000000003, ""K_px"": 0.4, ""K_ix"": 0.0}",9.698922633297325
"{""K_h"": 0.022000000000000002, ""K_p"": 0.5, ""K_i"": 0.0045000000000000005, ""K_diffx"": 0.05, ""K_px"": 0.4, ""K_ix"": 0.004}",9.69892711682501
"{""K_h"": 0.022000000000000002, ""K_p"": 0.5, ""K_i"": 0.0045000000000000005, ""K_diffx"": 0.036000000000000004, ""K_px"": 0.4, ""K_ix"": 0.002}",9.698927196417344
"{""K_h"": 0.022000000000000002, ""K_p"": 0.5, ""K_i"": 0.0045000000000000005, ""K_diffx"": 0.022000000000000002, ""K_px"": 0.4, ""K_ix"": 0.001}",9.698927459070712
"{""K_h"": 0.022000000000000002, ""K_p"": 0.5, ""K_i"": 0.0045000000000000005, ""K_diffx"": 0.008, ""K_px"": 0.0, ""K_ix"": 0.005}",9.698927586540892
"{""K_h"": 0.022000000000000002, ""K_p"": 0.5, ""K_i"": 0.0045000000000000005, ""K_diffx"": 0.043000000000000003, ""K_px"": 0.4, ""K_ix"": 0.003}",9.698928192257032
"{""K_h"": 0.022000000000000002, ""K_p"": 0.5, ""K_i"": 0.0045000000000000005, ""K_diffx"": 0.022000000000000002, ""K_px"": 0.4, ""K_ix"": 0.004}",9.698930132939742
"{""K_h"": 0.022000000000000002, ""K_p"": 0.5, ""K_i"": 0.0045000000000000005, ""K_diffx"": 0.05, ""K_px"": 0.4, ""K_ix"": 0.002}",9.698930282794372
"{""K_h"": 0.022000000000000002, ""K_p"": 0.5, ""K_i"": 0.0045000000000000005, ""K_diffx"": 0.05, ""K_px"": 0.4, ""K_ix"": 0.003}",9.69893040798204
"{""K_h"": 0.022000000000000002, ""K_p"": 0.5, ""K_i"": 0.0045000000000000005, ""K_diffx"": 0.022000000000000002, ""K_px"": 0.0, ""K_ix"": 0.004}",9.698931478182613
"{""K_h"": 0.022000000000000002, ""K_p"": 0.5, ""K_i"": 0.0045000000000000005, ""K_diffx"": 0.05, ""K_px"": 0.4, ""K_ix"": 0.0}",9.69893302627667
"{""K_h"": 0.022000000000000002, ""K_p"": 0.5, ""K_i"": 0.0045000000000000005, ""K_diffx"": 0.043000000000000003, ""K_px"": 0.4, ""K_ix"": 0.005}",9.69893415091958
"{""K_h"": 0.022000000000000002, ""K_p"": 0.5, ""K_i"": 0.0045000000000000005, ""K_diffx"": 0.036000000000000004, ""K_px"": 0.4, ""K_ix"": 0.001}",9.698934715540751
"{""K_h"": 0.022000000000000002, ""K_p"": 0.5, ""K_i"": 0.0045000000000000005, ""K_diffx"": 0.043000000000000003, ""K_px"": 0.4, ""K_ix"": 0.004}",9.698934716477876
"{""K_h"": 0.022000000000000002, ""K_p"": 0.5, ""K_i"": 0.0045000000000000005, ""K_diffx"": 0.036000000000000004, ""K_px"": 0.4, ""K_ix"": 0.005}",9.698935091167158
"{""K_h"": 0.022000000000000002, ""K_p"": 0.5, ""K_i"": 0.0045000000000000005, ""K_diffx"": 0.029, ""K_px"": 0.4, ""K_ix"": 0.004}",9.698935473362663
"{""K_h"": 0.022000000000000002, ""K_p"": 0.5, ""K_i"": 0.0045000000000000005, ""K_diffx"": 0.015, ""K_px"": 0.4, ""K_ix"": 0.004}",9.698937451439374
"{""K_h"": 0.022000000000000002, ""K_p"": 0.5, ""K_i"": 0.0045000000000000005, ""K_diffx"": 0.015, ""K_px"": 0.4, ""K_ix"": 0.003}",9.698937898353838
"{""K_h"": 0.022000000000000002, ""K_p"": 0.5, ""K_i"": 0.0045000000000000005, ""K_diffx"": 0.029, ""K_px"": 0.4, ""K_ix"": 0.003}",9.698940262042994
"{""K_h"": 0.022000000000000002, ""K_p"": 0.5, ""K_i"": 0.0045000000000000005, ""K_diffx"": 0.008, ""K_px"": 0.4, ""K_ix"": 0.005}",9.698942705215671
"{""K_h"": 0.022000000000000002, ""K_p"": 0.5, ""K_i"": 0.0045000000000000005, ""K_diffx"": 0.022000000000000002, ""K_px"": 0.4, ""K_ix"": 0.0}",9.698943603950516
"{""K_h"": 0.022000000000000002, ""K_p"": 0.5, ""K_i"": 0.0045000000000000005, ""K_diffx"": 0.05, ""K_px"": 0.4, ""K_ix"": 0.005}",9.698944595292037
"{""K_h"": 0.022000000000000002, ""K_p"": 0.5, ""K_i"": 0.0045000000000000005, ""K_diffx"": 0.043000000000000003, ""K_px"": 0.4, ""K_ix"": 0.002}",9.698947473336403
"{""K_h"": 0.022000000000000002, ""K_p"": 0.5, ""K_i"": 0.0045000000000000005, ""K_diffx"": 0.029, ""K_px"": 0.4, ""K_ix"": 0.001}",9.698952198823259
"{""K_h"": 0.022000000000000002, ""K_p"": 0.5, ""K_i"": 0.0045000000000000005, ""K_diffx"": 0.05, ""K_px"": 0.0, ""K_ix"": 0.004}",9.698954708226179
"{""K_h"": 0.022000000000000002, ""K_p"": 0.5, ""K_i"": 0.0045000000000000005, ""K_diffx"": 0.001, ""K_px"": 0.5, ""K_ix"": 0.002}",9.69899265638283
"{""K_h"": 0.022000000000000002, ""K_p"": 0.5, ""K_i"": 0.0045000000000000005, ""K_diffx"": 0.001, ""K_px"": 0.5, ""K_ix"": 0.001}",9.69899826624223
"{""K_h"": 0.022000000000000002, ""K_p"": 0.5, ""K_i"": 0.0045000000000000005, ""K_diffx"": 0.001, ""K_px"": 0.5, ""K_ix"": 0.003}",9.69900075681873
"{""K_h"": 0.022000000000000002, ""K_p"": 0.5, ""K_i"": 0.0045000000000000005, ""K_diffx"": 0.022000000000000002, ""K_px"": 0.5, ""K_ix"": 0.003}",9.699003449317594
"{""K_h"": 0.022000000000000002, ""K_p"": 0.5, ""K_i"": 0.0045000000000000005, ""K_diffx"": 0.008, ""K_px"": 0.5, ""K_ix"": 0.0}",9.699006184874847
"{""K_h"": 0.022000000000000002, ""K_p"": 0.5, ""K_i"": 0.0045000000000000005, ""K_diffx"": 0.001, ""K_px"": 0.5, ""K_ix"": 0.005}",9.699010459282016
"{""K_h"": 0.022000000000000002, ""K_p"": 0.5, ""K_i"": 0.0045000000000000005, ""K_diffx"": 0.001, ""K_px"": 0.5, ""K_ix"": 0.004}",9.69901107786355
"{""K_h"": 0.022000000000000002, ""K_p"": 0.5, ""K_i"": 0.0045000000000000005, ""K_diffx"": 0.008, ""K_px"": 0.5, ""K_ix"": 0.001}",9.699018548925912
"{""K_h"": 0.022000000000000002, ""K_p"": 0.5, ""K_i"": 0.0045000000000000005, ""K_diffx"": 0.008, ""K_px"": 0.5, ""K_ix"": 0.002}",9.699019935234812
"{""K_h"": 0.022000000000000002, ""K_p"": 0.5, ""K_i"": 0.0045000000000000005, ""K_diffx"": 0.036000000000000004, ""K_px"": 0.5, ""K_ix"": 0.005}",9.69902142163239
"{""K_h"": 0.022000000000000002, ""K_p"": 0.5, ""K_i"": 0.0045000000000000005, ""K_diffx"": 0.029, ""K_px"": 0.5, ""K_ix"": 0.0}",9.69902249606677
"{""K_h"": 0.022000000000000002, ""K_p"": 0.5, ""K_i"": 0.0045000000000000005, ""K_diffx"": 0.001, ""K_px"": 0.5, ""K_ix"": 0.0}",9.699023058654845
"{""K_h"": 0.022000000000000002, ""K_p"": 0.5, ""K_i"": 0.0045000000000000005, ""K_diffx"": 0.043000000000000003, ""K_px"": 0.5, ""K_ix"": 0.002}",9.699028921144224
"{""K_h"": 0.022000000000000002, ""K_p"": 0.5, ""K_i"": 0.0045000000000000005, ""K_diffx"": 0.036000000000000004, ""K_px"": 0.5, ""K_ix"": 0.004}",9.699034441397298
"{""K_h"": 0.022000000000000002, ""K_p"": 0.5, ""K_i"": 0.0045000000000000005, ""K_diffx"": 0.008, ""K_px"": 0.5, ""K_ix"": 0.003}",9.699034921836434
"{""K_h"": 0.022000000000000002, ""K_p"": 0.5, ""K_i"": 0.0045000000000000005, ""K_diffx"": 0.022000000000000002, ""K_px"": 0.5, ""K_ix"": 0.004}",9.699035568307066
"{""K_h"": 0.022000000000000002, ""K_p"": 0.5, ""K_i"": 0.0045000000000000005, ""K_diffx"": 0.029, ""K_px"": 0.5, ""K_ix"": 0.001}",9.699040137719429
"{""K_h"": 0.022000000000000002, ""K_p"": 0.5, ""K_i"": 0.0045000000000000005, ""K_diffx"": 0.015, ""K_px"": 0.5, ""K_ix"": 0.0}",9.69904129867528
"{""K_h"": 0.022000000000000002, ""K_p"": 0.5, ""K_i"": 0.0045000000000000005, ""K_diffx"": 0.043000000000000003, ""K_px"": 0.5, ""K_ix"": 0.004}",9.699044596206276
"{""K_h"": 0.022000000000000002, ""K_p"": 0.5, ""K_i"": 0.0045000000000000005, ""K_diffx"": 0.05, ""K_px"": 0.5, ""K_ix"": 0.001}",9.699048134288335
"{""K_h"": 0.022000000000000002, ""K_p"": 0.5, ""K_i"": 0.0045000000000000005, ""K_diffx"": 0.029, ""K_px"": 0.5, ""K_ix"": 0.003}",9.699049466210507
"{""K_h"": 0.022000000000000002, ""K_p"": 0.5, ""K_i"": 0.0045000000000000005, ""K_diffx"": 0.008, ""K_px"": 0.5, ""K_ix"": 0.005}",9.699049808195157
"{""K_h"": 0.022000000000000002, ""K_p"": 0.5, ""K_i"": 0.0045000000000000005, ""K_diffx"": 0.043000000000000003, ""K_px"": 0.5, ""K_ix"": 0.0}",9.69905138910054
"{""K_h"": 0.022000000000000002, ""K_p"": 0.5, ""K_i"": 0.0045000000000000005, ""K_diffx"": 0.008, ""K_px"": 0.5, ""K_ix"": 0.004}",9.69905407987746
"{""K_h"": 0.022000000000000002, ""K_p"": 0.5, ""K_i"": 0.0045000000000000005, ""K_diffx"": 0.029, ""K_px"": 0.5, ""K_ix"": 0.002}",9.69905443683921
"{""K_h"": 0.022000000000000002, ""K_p"": 0.5, ""K_i"": 0.0045000000000000005, ""K_diffx"": 0.036000000000000004, ""K_px"": 0.5, ""K_ix"": 0.003}",9.699055508491998
"{""K_h"": 0.022000000000000002, ""K_p"": 0.5, ""K_i"": 0.0045000000000000005, ""K_diffx"": 0.043000000000000003, ""K_px"": 0.5, ""K_ix"": 0.005}",9.699055738128871
"{""K_h"": 0.022000000000000002, ""K_p"": 0.5, ""K_i"": 0.0045000000000000005, ""K_diffx"": 0.05, ""K_px"": 0.5, ""K_ix"": 0.005}",9.699055860067352
"{""K_h"": 0.022000000000000002, ""K_p"": 0.5, ""K_i"": 0.0045000000000000005, ""K_diffx"": 0.036000000000000004, ""K_px"": 0.5, ""K_ix"": 0.0}",9.699056812635385
"{""K_h"": 0.022000000000000002, ""K_p"": 0.5, ""K_i"": 0.0045000000000000005, ""K_diffx"": 0.022000000000000002, ""K_px"": 0.5, ""K_ix"": 0.001}",9.699059456617773
"{""K_h"": 0.022000000000000002, ""K_p"": 0.5, ""K_i"": 0.0045000000000000005, ""K_diffx"": 0.015, ""K_px"": 0.5, ""K_ix"": 0.004}",9.699060164676244
"{""K_h"": 0.022000000000000002, ""K_p"": 0.5, ""K_i"": 0.0045000000000000005, ""K_diffx"": 0.015, ""K_px"": 0.5, ""K_ix"": 0.002}",9.69906056346619
"{""K_h"": 0.022000000000000002, ""K_p"": 0.5, ""K_i"": 0.0045000000000000005, ""K_diffx"": 0.015, ""K_px"": 0.5, ""K_ix"": 0.001}",9.69906227275588
"{""K_h"": 0.022000000000000002, ""K_p"": 0.5, ""K_i"": 0.0045000000000000005, ""K_diffx"": 0.05, ""K_px"": 0.5, ""K_ix"": 0.003}",9.699066614516399
"{""K_h"": 0.022000000000000002, ""K_p"": 0.5, ""K_i"": 0.0045000000000000005, ""K_diffx"": 0.036000000000000004, ""K_px"": 0.5, ""K_ix"": 0.002}",9.699067806835039
"{""K_h"": 0.022000000000000002, ""K_p"": 0.5, ""K_i"": 0.0045000000000000005, ""K_diffx"": 0.022000000000000002, ""K_px"": 0.5, ""K_ix"": 0.005}",9.699069744806355
"{""K_h"": 0.022000000000000002, ""K_p"": 0.5, ""K_i"": 0.0045000000000000005, ""K_diffx"": 0.043000000000000003, ""K_px"": 0.5, ""K_ix"": 0.001}",9.699069761206417
"{""K_h"": 0.022000000000000002, ""K_p"": 0.5, ""K_i"": 0.0045000000000000005, ""K_diffx"": 0.05, ""K_px"": 0.5, ""K_ix"": 0.004}",9.699071255983789
"{""K_h"": 0.022000000000000002, ""K_p"": 0.5, ""K_i"": 0.0045000000000000005, ""K_diffx"": 0.05, ""K_px"": 0.5, ""K_ix"": 0.0}",9.69907332361969
"{""K_h"": 0.022000000000000002, ""K_p"": 0.5, ""K_i"": 0.0045000000000000005, ""K_diffx"": 0.029, ""K_px"": 0.5, ""K_ix"": 0.005}",9.699073611881204
"{""K_h"": 0.022000000000000002, ""K_p"": 0.5, ""K_i"": 0.0045000000000000005, ""K_diffx"": 0.022000000000000002, ""K_px"": 0.5, ""K_ix"": 0.002}",9.699074164772025
"{""K_h"": 0.022000000000000002, ""K_p"": 0.5, ""K_i"": 0.0045000000000000005, ""K_diffx"": 0.015, ""K_px"": 0.5, ""K_ix"": 0.005}",9.699074740363514
"{""K_h"": 0.022000000000000002, ""K_p"": 0.5, ""K_i"": 0.0045000000000000005, ""K_diffx"": 0.036000000000000004, ""K_px"": 0.5, ""K_ix"": 0.001}",9.69907527023853
"{""K_h"": 0.022000000000000002, ""K_p"": 0.5, ""K_i"": 0.0045000000000000005, ""K_diffx"": 0.043000000000000003, ""K_px"": 0.5, ""K_ix"": 0.003}",9.699080580348662
"{""K_h"": 0.022000000000000002, ""K_p"": 0.5, ""K_i"": 0.0045000000000000005, ""K_diffx"": 0.05, ""K_px"": 0.5, ""K_ix"": 0.002}",9.699086422063145
"{""K_h"": 0.022000000000000002, ""K_p"": 0.5, ""K_i"": 0.0045000000000000005, ""K_diffx"": 0.022000000000000002, ""K_px"": 0.5, ""K_ix"": 0.0}",9.699087292523382
"{""K_h"": 0.022000000000000002, ""K_p"": 0.5, ""K_i"": 0.0045000000000000005, ""K_diffx"": 0.015, ""K_px"": 0.5, ""K_ix"": 0.003}",9.699087800066618
"{""K_h"": 0.022000000000000002, ""K_p"": 0.5, ""K_i"": 0.0045000000000000005, ""K_diffx"": 0.029, ""K_px"": 0.5, ""K_ix"": 0.004}",9.69909028876508
"{""K_h"": 0.022000000000000002, ""K_p"": 0.5, ""K_i"": 0.0045000000000000005, ""K_diffx"": 0.05, ""K_px"": 0.0, ""K_ix"": 0.005}",9.699130930616931
"{""K_h"": 0.022000000000000002, ""K_p"": 0.5, ""K_i"": 0.0045000000000000005, ""K_diffx"": 0.022000000000000002, ""K_px"": 0.0, ""K_ix"": 0.005}",9.699158989829439
