0.025000000000000005,0.25,0.012,0.35000000000000003,1.2058668835931656,273.3954252210983,3.6431087112118803,-0.2129894077329122,-1.149876338692489,1
0.025000000000000005,0.25,0.011000000000000001,0.2,1.2209531240176814,273.0665689503848,8.40198977396949,-0.4558386825440426,-1.0415508900247663,1
0.025000000000000005,0.25,0.013,0.5,1.2783872998360597,273.73485598251887,-0.7290661531874321,0.016590805814502403,-1.2709883591404865,1
0.025000000000000005,0.25,0.01,0.05,1.318154026424572,272.7461379524843,13.61857340022243,-0.7119915639776752,-0.943460151313464,1
0.030000000000000006,0.2,0.009000000000000001,0.35000000000000003,1.4766215236478866,269.9039272624422,-60.85931715434526,0.589429445047611,-0.6372175055410864,1
0.025000000000000005,0.3,0.012,0.45,1.6324738268130852,272.4359037238603,17.39495171759927,-1.1820540571671134,-0.8544245828258479,1
0.035,0.25,0.004,0.15000000000000002,1.6597580178371754,263.00564540221467,-29.251474516865528,-1.3658781918798517,-0.061081352345471504,1
0.025000000000000005,0.3,0.011000000000000001,0.3,1.8851363433019879,272.4540929567626,22.224698379568053,-1.437112016997566,-0.8366062828837015,1
0.030000000000000006,0.3,0.007,0.35000000000000003,2.0882482323085094,268.9710816958397,-5.257677782436076,-2.0026001782735303,-0.36544602416832295,1
0.025000000000000005,0.3,0.01,0.15000000000000002,2.106256661805441,272.14029991574387,27.37023349506262,-1.6670189235884292,-0.7611197469993656,1
0.030000000000000006,0.25,0.009000000000000001,0.5,2.1500820516910535,273.7441188706823,-37.28180285749795,-1.2752685211253971,-1.2378843269422934,1
0.025000000000000005,0.2,0.011000000000000001,0.1,2.3055931227756505,276.00000000001273,-10.092924369290813,0.5902868293863698,-2.1241714334735677,1
0.010000000000000002,0.4,0.002,0.5,2.600547356138609,58.309525812247166,111.79619437541578,-1.4823989940060145,-0.023510159189800456,1
0.025000000000000005,0.2,0.012,0.25,2.617361889200882,276.4000000000127,-14.984733562029305,0.7987247915245919,-2.3346663101042964,1
0.030000000000000006,0.2,0.01,0.5,2.809987641737542,275.60000000001276,-68.49588138870831,-0.2679996070266471,-2.1080616048467506,1
0.025000000000000005,0.2,0.013,0.4,2.8232994553237245,276.4000000000127,-19.353748887550864,1.0676563466738063,-2.4032806589295244,1
0.030000000000000006,0.25,0.007,0.15000000000000002,2.888927225674695,276.0034025296051,-18.796787327492893,-2.001793221626831,-1.8132857803348699,1
0.030000000000000006,0.2,0.008,0.15000000000000002,3.0856003621399477,276.8000000000127,-52.34164647455282,-0.9224656721147708,-2.3903647018472105,1
0.005,0.4,0.011000000000000001,0.5,3.412543258230346,58.63650594404399,223.5353998468422,-1.176937424126389,-0.024348572639199966,1
0.005,0.4,0.011000000000000001,0.3,3.4140130203822556,57.88150708924132,223.73880600691837,-1.176429439890769,-0.021449246840632454,1
0.005,0.4,0.012,0.45,3.4343017881952878,61.88971664716653,225.96454043549784,-1.1737790704371753,-0.04539068076635432,1
0.005,0.35,0.01,0.15000000000000002,3.4394979727621386,60.800670117378495,225.70634142174185,-1.1817836621253437,-0.039228321076207454,1
0.005,0.4,0.012,0.4,3.454038545348909,63.74199948236,227.16071619596096,-1.1810059611323116,-0.0580421932207643,1
0.005,0.35,0.01,0.25,3.4675382527099927,64.22522276810449,227.30327648099137,-1.1929659871844385,-0.060626017883945525,1
0.005,0.3,0.008,0.05,3.475078785708857,63.0063676136181,226.7459893149512,-1.2064912600783162,-0.052174984627647636,1
0.005,0.4,0.01,0.5,3.477506099480551,63.28129848413853,225.94161127586358,-1.2169367981583186,-0.052990990181113494,1
0.035,0.2,0.007,0.45,3.4798416378325756,275.60000000001276,-89.86641667753202,-1.6441993993280632,-1.9897450772254133,1
0.005,0.35,0.008,0.3,3.486102993103595,61.02782092084164,224.94459093617752,-1.2360693794857593,-0.03812127839556625,1
0.005,0.44999999999999996,0.011000000000000001,0.4,3.489462212199925,63.31905689576238,226.60087364723313,-1.2221927481668668,-0.05552741303401862,1
0.005,0.4,0.011000000000000001,0.45,3.494112554517005,66.77239056865535,228.35661642203058,-1.2080271381373981,-0.07805764910587915,1
0.005,0.4,0.01,0.25,3.504876890338889,65.00442306487611,227.78495329139423,-1.2252023572908577,-0.06689782924858176,1
0.005,0.35,0.01,0.2,3.505018306569595,67.76870068321126,229.5203156873872,-1.2067481616839166,-0.08609047976269783,1
0.005,0.44999999999999996,0.012,0.5,3.5114901393014977,67.75417481688542,229.03736955090108,-1.2180636043554613,-0.08629267086486633,1
0.025000000000000005,0.25,0.013,0.45,3.5137902764663944,280.0000000000125,0.33136196558689335,-0.7204078716728518,-3.435761757811999,1
0.005,0.5,0.01,0.4,3.5161905849871697,59.96933388166341,225.27370864849536,-1.2629876316198683,-0.034307218667884144,1
0.005,0.35,0.009000000000000001,0.1,3.520116013359539,66.69590565846899,229.02235403801524,-1.2273694257134682,-0.07873873198841637,1
0.005,0.4,0.011000000000000001,0.35000000000000003,3.5212640001590048,69.02976972112391,229.98528867259665,-1.2176519984953391,-0.0957534259337062,1
0.005,0.4,0.011000000000000001,0.4,3.523832320360688,69.48745009016658,230.09292187157916,-1.2189104712075125,-0.09873833699929631,1
0.005,0.35,0.009000000000000001,0.25,3.5254746149932368,67.86514641237979,229.14137497038882,-1.2310851891285126,-0.08564739544849341,1
0.005,0.4,0.009000000000000001,0.5,3.5313077011180694,65.43258023192787,227.2869978579056,-1.2566522477280475,-0.06701216150240642,1
0.005,0.4,0.01,0.45,3.54257628559893,69.36091139148168,229.692634400089,-1.2419008733007149,-0.09657120636153421,1
0.005,0.5,0.011000000000000001,0.5,3.544131796606763,65.85044036217698,228.18832125744302,-1.2601457045344897,-0.07283056525185191,1
0.005,0.44999999999999996,0.009000000000000001,0.25,3.545340444316772,62.272028264854825,226.9315582669674,-1.2750879032360658,-0.04889055698751571,1
0.005,0.3,0.007,0.05,3.5495635575426987,66.64672293800932,228.93227167308623,-1.2579235682609338,-0.0763889603529438,1
0.005,0.44999999999999996,0.01,0.35000000000000003,3.558340680300427,67.12146053713973,229.12383580500637,-1.2644501736119804,-0.08193932819406949,1
0.005,0.35,0.007,0.3,3.5596569276067043,63.17740807487948,226.85779426126464,-1.290057506596764,-0.05134759163413775,1
0.005,0.44999999999999996,0.011000000000000001,0.45,3.563087209514609,70.52391962699787,230.71494342924552,-1.2513511187564175,-0.10723839245828,1
0.005,0.35,0.009000000000000001,0.2,3.567687288746881,71.64299604788333,231.57370367765134,-1.24661670752293,-0.1154392391405804,1
0.005,0.4,0.008,0.1,3.573882647768249,64.37514565482594,228.54217930318828,-1.286927697768581,-0.06283689126641233,1
0.005,0.4,0.01,0.3,3.5744915698159323,71.80737401781012,231.64807515899201,-1.2525226199682993,-0.11738102590038826,1
0.005,0.4,0.009000000000000001,0.2,3.5751133318955506,68.60818669811026,230.2277721524847,-1.269444777051262,-0.0928463733542314,1
0.005,0.4,0.01,0.4,3.578393161022876,72.51461600354597,231.73965071264774,-1.2550707493003226,-0.12210641010463005,1
0.005,0.35,0.009000000000000001,0.15000000000000002,3.580930666093993,72.6691519245642,232.3729326082862,-1.251039668428089,-0.1243179687137815,1
0.005,0.35,0.008,0.25,3.582190793857573,69.82844778758445,230.44558347373186,-1.2738355634675322,-0.09974759647928093,1
0.005,0.5,0.008,0.25,3.586396693487928,57.88791941691658,226.34066966030332,-1.3228085512042849,-0.021910470517888393,1
0.005,0.55,0.01,0.5,3.5864836688492288,63.32270773219476,227.89950985145742,-1.306295822269495,-0.055835349708066126,1
0.005,0.35,0.008,0.05,3.5922744960752935,70.100211392566,231.3885015077235,-1.2741334528078223,-0.10422864079753603,1
0.005,0.4,0.008,0.5,3.594076290072948,66.95879133712424,228.80401143184054,-1.3037534362305705,-0.07718464806248787,1
0.005,0.4,0.009000000000000001,0.45,3.5950155680251568,71.11040638542264,230.90623507675264,-1.2812810175840963,-0.10952000252881997,1
0.005,0.4,0.01,0.35000000000000003,3.596256245014308,73.97392615090544,232.77919008644403,-1.2612692304999193,-0.1349137523519918,1
0.005,0.44999999999999996,0.011000000000000001,0.5,3.601331564426024,74.17646168399236,232.7556983602194,-1.2663918309617859,-0.13694310214895503,1
0.005,0.5,0.01,0.45,3.6096226017183186,68.60899760762314,230.44982204152075,-1.301811211722762,-0.09293664349836545,1
0.005,0.5,0.009000000000000001,0.35000000000000003,3.6137578284010567,65.00819582081368,229.30221420824773,-1.3190240927946157,-0.06721752556253596,1
0.005,0.44999999999999996,0.01,0.4,3.6181215658536994,72.66727460075191,232.35081438560974,-1.2886054514334937,-0.124578902516527,1
0.005,0.3,0.006,0.05,3.6304200544787095,68.40326964921768,230.90453331541494,-1.318407120557974,-0.0885088618025943,1
0.005,0.44999999999999996,0.009000000000000001,0.3,3.6310177422815006,70.09998871411358,231.62564568289463,-1.3106285112336504,-0.10416402097806307,1
0.005,0.35,0.008,0.2,3.6312316776690525,74.04694753697628,233.22634257565096,-1.291977972350201,-0.13457874437885947,1
0.005,0.4,0.009000000000000001,0.25,3.6331167990035365,73.95717081062712,233.32773511274536,-1.292774712280387,-0.13533711073893231,1
0.005,0.6,0.009000000000000001,0.5,3.633427558609135,60.179985825849116,228.20801253996888,-1.3508732524243479,-0.0357958255418626,1
0.005,0.4,0.009000000000000001,0.4,3.6347315863635723,74.48770897137754,233.15009214751353,-1.2959042577990039,-0.13799391480775527,1
0.005,0.44999999999999996,0.007,0.1,3.6427412903495404,61.2261497832092,229.2478163874357,-1.3495976460758226,-0.042387550355445086,1
0.005,0.44999999999999996,0.008,0.2,3.6435718966339428,66.6997564669811,230.81348306945165,-1.3330946223978477,-0.07906253739188454,1
0.005,0.35,0.006,0.3,3.6486877027528566,64.49404694765896,229.32929242346154,-1.3540849191501538,-0.05957379763481023,1
0.005,0.35,0.008,0.1,3.65086813010221,75.46618766573962,234.48633432761653,-1.2975637543926823,-0.14824576384810614,1
0.005,0.35,0.007,0.25,3.651336881781238,71.16100155069141,232.05689204823557,-1.3262544080193943,-0.10951078498809638,1
0.005,0.4,0.008,0.15000000000000002,3.6514661412988003,71.38328155937504,232.7429171030949,-1.3190905169149858,-0.11434206059463388,1
0.005,0.4,0.008,0.45,3.655582254465497,72.2255939830644,232.284266122831,-1.3275063983036384,-0.11798977008589862,1
0.005,0.35,0.008,0.15000000000000002,3.657086668473514,76.14769794428685,234.71784115445644,-1.3008442377787786,-0.1538307856327426,1
0.005,0.4,0.009000000000000001,0.35000000000000003,3.6580931507146834,76.38035287905252,234.48956451998447,-1.303955621319865,-0.15552307262499399,1
0.005,0.44999999999999996,0.01,0.45,3.6613227723092354,76.54788966328638,234.59178713660276,-1.3058862668133615,-0.15795920857510148,1
0.005,0.5,0.01,0.5,3.6650375732089793,73.52696194736703,233.38843816568533,-1.324623200527375,-0.13168977182767042,1
0.005,0.4,0.009000000000000001,0.3,3.666658088843571,76.98974205289548,235.0330225765747,-1.3063392898532231,-0.1618539554685259,1
0.005,0.44999999999999996,0.01,0.5,3.6679418638954076,77.22315776439123,234.86274689046013,-1.309158141353609,-0.1633873733111608,1
0.005,0.4,0.007,0.5,3.668151084816197,67.85433884103445,230.731352365754,-1.3582941439754357,-0.08316180795461262,1
0.005,0.55,0.009000000000000001,0.45,3.671766164662469,66.70032109592282,231.30193447237525,-1.3564383167931606,-0.0791707864613702,1
0.005,0.4,0.007,0.05,3.674448142364024,68.18596206925646,232.34439912645485,-1.3480041550658355,-0.08998341076697249,1
0.005,0.55,0.008,0.35000000000000003,3.6761398002616055,62.273925650763836,230.33344925439724,-1.3719262480614873,-0.04912008527716039,1
0.005,0.5,0.009000000000000001,0.4,3.681657764463041,70.95600185558538,232.9585794858258,-1.3475037616266194,-0.11105054431684398,1
0.005,0.44999999999999996,0.009000000000000001,0.35000000000000003,3.6822681890489655,74.60463890416861,234.31019121867848,-1.3317246612720133,-0.14098135921055413,1
0.005,0.4,0.008,0.4,3.696521200635245,75.60918127726318,234.60009517596836,-1.342457786962909,-0.14735003510538025,1
0.005,0.35,0.007,0.2,3.702199300977518,75.3887102862149,234.9407317755299,-1.3449327681631864,-0.1456090621878027,1
0.005,0.4,0.008,0.2,3.7034533036805186,75.9005587296734,235.43529365434324,-1.3404699217989156,-0.15235547040336153,1
0.005,0.5,0.008,0.3,3.7043986475040676,68.1854699159979,232.87301880407222,-1.3727249295497554,-0.08994430585019475,1
0.005,0.44999999999999996,0.008,0.25,3.707753401897541,72.24119317535406,234.23126103399773,-1.3600352913956084,-0.12137776323449019,1
0.025000000000000005,0.25,0.012,0.3,3.7190482868314247,280.4000000000125,5.164054542553458,-1.015949353277032,-3.5238794606654515,1
0.005,0.5,0.007,0.2,3.721876355449697,64.16650352924066,232.59248373032187,-1.394587574370479,-0.06169390915577397,1
0.005,0.44999999999999996,0.009000000000000001,0.4,3.722907263805873,78.06759844857652,236.36334811234565,-1.348333218153395,-0.1721126059063482,1
0.005,0.6,0.007,0.35000000000000003,3.7270418740881244,57.888678409486594,231.49882121241126,-1.4118812288995193,-0.022066711290044894,1
0.005,0.4,0.008,0.35000000000000003,3.7281028558913833,78.15175330515329,236.38591725896868,-1.353468739366783,-0.17112334436152013,1
0.005,0.35,0.007,0.05,3.7292929617846613,77.41674196877756,236.79550852814145,-1.3511748919090794,-0.1660338082345174,1
0.005,0.4,0.007,0.45,3.73160362231007,73.12944975690536,234.33242126272853,-1.3826650486686747,-0.12472803429554938,1
0.005,0.55,0.009000000000000001,0.5,3.7321124675558073,71.81241591563492,234.52306572724456,-1.3818598700308837,-0.11791715436306507,1
0.005,0.5,0.009000000000000001,0.45,3.732455682813157,75.25153356141784,235.5978553859004,-1.3686580543454518,-0.14650739506656413,1
0.005,0.44999999999999996,0.009000000000000001,0.5,3.7326464376080204,78.99127775884817,236.66882613792268,-1.3540812090119447,-0.17973819462496404,1
0.005,0.3,0.004,0.1,3.7343808706595203,58.51379493270584,230.91304737428754,-1.4250933589788786,-0.02115684535443666,1
0.005,0.35,0.007,0.15000000000000002,3.7363805759246,78.13930372251504,236.89287777685195,-1.356650052884836,-0.1715373262233864,1
0.005,0.3,0.005,0.05,3.736609485085961,69.52877803436814,233.9743406761313,-1.3935462725102359,-0.09624773839892962,1
0.005,0.35,0.006,0.25,3.7391238726893854,72.06994971683133,234.4718225958709,-1.3895662183427724,-0.11607253109570147,1
0.005,0.4,0.007,0.1,3.7399155438710965,73.7446212223468,235.7938338054596,-1.3754880423774665,-0.13376712104619418,1
0.005,0.44999999999999996,0.009000000000000001,0.45,3.740981349981791,79.60721198485484,237.2027692646975,-1.3562191129464811,-0.18628964976355875,1
0.005,0.6,0.008,0.45,3.7415245738356733,64.58766766048313,233.17935448704839,-1.4082531710533486,-0.06453355906378512,1
0.005,0.44999999999999996,0.007,0.15000000000000002,3.74163075571044,69.67567666777899,234.65532635854788,-1.391405223741423,-0.10115687015102881,1
0.005,0.4,0.008,0.3,3.7443754487936727,79.4088351956638,237.35519920894194,-1.3583941120183647,-0.18418030807997945,1
0.005,0.4,0.008,0.25,3.7447404572156753,79.37410556337075,237.49124902029098,-1.3573498372164643,-0.18447243322178059,1
0.005,0.35,0.007,0.1,3.7526285767912286,79.39188706922221,237.8833973412452,-1.3613487396751576,-0.18450263211539852,1
0.005,0.44999999999999996,0.008,0.3,3.75684604335839,76.33377581529726,236.75125269901037,-1.3805146743061756,-0.1562909265747129,1
0.005,0.55,0.008,0.4,3.7589228854006986,69.24980210577111,234.8616459682171,-1.4068971846231246,-0.0980026852820659,1
0.005,0.4,0.006,0.5,3.7610388783043787,68.53933325270204,233.68643340628523,-1.4214732470085811,-0.08767519891303813,1
0.005,0.5,0.008,0.35000000000000003,3.7633495537202046,73.0994621267366,235.9904031499832,-1.3975607850601544,-0.1283868603185725,1
0.005,0.35,0.005,0.3,3.764474550491287,65.60299254246198,233.31327245914827,-1.4297937826446088,-0.06655194723678297,1
0.005,0.5,0.009000000000000001,0.5,3.7694065860214665,78.28531176719636,237.44781694522726,-1.3840110738483489,-0.17417989211553495,1
0.005,0.44999999999999996,0.006,0.05,3.775141075021053,66.06659265756821,235.24976196188436,-1.420674124895138,-0.074829352878205,1
0.005,0.4,0.007,0.4,3.7760660127572514,76.73373433811399,236.8596226621421,-1.3987312977195965,-0.15659487751805432,1
0.025000000000000005,0.3,0.012,0.4,3.7840716492156283,279.6000000000125,20.543553966550462,-1.8219829787333628,-3.080099743479413,1
0.005,0.55,0.007,0.3,3.7867161212698877,66.06643695541399,235.42838935989766,-1.4304757629939147,-0.07484102055173732,1
0.005,0.4,0.007,0.15000000000000002,3.787436764607759,77.63520297777688,238.1963591648423,-1.3953632499274569,-0.16827430184157544,1
0.005,0.35,0.006,0.2,3.7938507014369343,76.51958651474793,237.59799685733105,-1.409393130028927,-0.1548173767330188,1
0.005,0.44999999999999996,0.008,0.35000000000000003,3.79716576542677,79.59138311969197,238.75090891062064,-1.3972524963467992,-0.18659422967438316,1
0.025000000000000005,0.25,0.011000000000000001,0.15000000000000002,3.7977728370806303,280.4000000000125,10.368064965589838,-1.2604109855075345,-3.472417203736378,1
0.005,0.5,0.007,0.25,3.7987739288860713,70.53014619527198,236.7676185688847,-1.4270236515269414,-0.10790851943615765,1
0.005,0.44999999999999996,0.007,0.2,3.7992400384036156,74.39080521256719,237.67111470643567,-1.4156914194360524,-0.13930632300809062,1
0.005,0.55,0.006,0.2,3.801317679866954,61.01750967108284,235.5400546581286,-1.4453288804275473,-0.04124055929660196,1
0.005,0.44999999999999996,0.008,0.5,3.8062040550346055,80.33268597811285,238.84806234876942,-1.4046131751943067,-0.1923578863153716,1
0.005,0.4,0.007,0.35000000000000003,3.8080856202433075,79.28055795140669,238.69749414949683,-1.409504868785214,-0.181250065167827,1
0.005,0.6,0.008,0.5,3.8086257502433174,70.10298069400437,236.8330262864174,-1.4364920573668043,-0.10460239044500304,1
0.005,0.5,0.008,0.4,3.80879814072339,76.76631346633187,238.31468600545168,-1.4166324173050855,-0.16010674037387781,1
0.005,0.55,0.008,0.45,3.814284521067969,73.74428087637153,237.78567054195992,-1.4301858691124247,-0.13376565089545428,1
0.005,0.44999999999999996,0.008,0.45,3.8197463168198214,81.38243610593238,239.671846361598,-1.4083787977680768,-0.20366009179826863,1
0.005,0.44999999999999996,0.008,0.4,3.822241620538718,81.567682949966,239.92290351281054,-1.4079743437080345,-0.20633241552631879,1
0.005,0.4,0.006,0.45,3.825835383088716,73.82139055350719,237.40886253248345,-1.4459236895994019,-0.12989739232638697,1
0.005,0.4,0.007,0.2,3.8286686391376628,80.90278103237777,240.21075565116098,-1.4125142968898416,-0.19969948308649432,1
0.005,0.4,0.007,0.3,3.829668256630383,80.97290047680721,239.9701891238592,-1.4160330589217702,-0.1991335787667752,1
0.005,0.35,0.006,0.15000000000000002,3.8311125735072995,79.4910910497011,239.75274311326393,-1.4217643241800166,-0.1837187168644327,1
0.005,0.5,0.006,0.15000000000000002,3.8397204599953607,67.55005580953936,238.1370105408164,-1.4558388306729018,-0.08555148058076065,1
0.005,0.4,0.006,0.05,3.8418087903703224,75.68684441539091,239.67356567442948,-1.4371874309791717,-0.15076023933131133,1
0.005,0.44999999999999996,0.007,0.25,3.8429837447247297,77.85268687439498,239.87975172733786,-1.4341023146787315,-0.1703655205529252,1
0.005,0.4,0.007,0.25,3.8431158222260056,82.01987428220265,240.80975659277783,-1.4194807758461834,-0.21059848744072704,1
0.005,0.6,0.007,0.4,3.843592315137549,67.54915941985001,238.06969458749973,-1.4603980482928105,-0.0854423896691052,1
0.005,0.5,0.008,0.45,3.844879605765687,79.59263788502993,240.0986711234964,-1.4317563526269013,-0.18681658809865515,1
0.005,0.44999999999999996,0.006,0.1,3.84869538125981,72.02779306886335,239.21484616095404,-1.4516134902073727,-0.11977981545593733,1
0.005,0.35,0.005,0.25,3.8521114275964843,72.76768748363145,238.37805364452834,-1.4633267111965254,-0.12112201372021342,1
0.005,0.55,0.007,0.35000000000000003,3.8525337505078934,71.38523462855316,238.99644439616168,-1.458068311172743,-0.11465503218402881,1
0.005,0.5,0.007,0.3,3.852595691529527,74.82249259031468,239.58907039864926,-1.4496561486590485,-0.14313095887251756,1
0.005,0.35,0.006,0.1,3.8552527853869614,81.39443901458546,241.1936865026214,-1.428849153294446,-0.20384048443951303,1
0.005,0.55,0.008,0.5,3.8554410184226606,76.98333355919421,239.89032927508742,-1.4474842587800216,-0.16214643656026315,1
0.005,0.35,0.006,0.05,3.8628287204368092,82.0041029052195,241.76129198577655,-1.4297370038247237,-0.2109521512988863,1
0.005,0.4,0.006,0.4,3.870691944141178,77.42957972089556,240.00698964660387,-1.461643369848245,-0.1622586407156357,1
0.005,0.6,0.006,0.3,3.8712788637069018,63.74544527840181,239.26065777352642,-1.4774959844230209,-0.05896901995485455,1
0.005,0.5,0.005,0.05,3.8769050240083653,63.32534849726085,239.79542775718573,-1.477880745851611,-0.056247768188525185,1
0.005,0.4,0.005,0.5,3.8779586551064744,69.22560088962184,238.3256200022738,-1.4918540642403366,-0.09223275038150584,1
0.005,0.5,0.008,0.5,3.879274124139374,82.21651940498352,241.75789842806353,-1.4460804911196359,-0.21308189761180998,1
0.005,0.3,0.004,0.05,3.8823164935266696,70.65720943247679,239.4947017745685,-1.4837223638184887,-0.10409565115736748,1
0.005,0.44999999999999996,0.007,0.3,3.8826969162078315,80.90295677989272,241.82836289630632,-1.4507273736078423,-0.1997407402707841,1
0.005,0.4,0.006,0.1,3.889479987877958,79.37508243999211,242.05986846507312,-1.4572226852767376,-0.1847006456008484,1
0.005,0.44999999999999996,0.007,0.5,3.8898400368184882,81.24363926507665,241.61932894547363,-1.4598725700542747,-0.20101446519813407,1
0.005,0.5,0.007,0.35000000000000003,3.894634825286446,78.06954739874199,241.7231124298146,-1.4673160149591309,-0.17235256870258905,1
0.005,0.55,0.006,0.25,3.8973689231200046,68.82472536391023,240.93278062685522,-1.48500827965383,-0.09495669960613354,1
0.005,0.6,0.007,0.45,3.900036091958581,72.02796822847411,241.1311096002005,-1.4838905957857245,-0.11987832716798424,1
0.005,0.44999999999999996,0.006,0.15000000000000002,3.9011259840665335,76.1189876643964,241.94016815968916,-1.473637550878765,-0.15459391051779142,1
0.005,0.55,0.007,0.4,3.902027233705737,75.25382484688741,241.59906144957813,-1.478760737196488,-0.14687244724268209,1
0.005,0.4,0.006,0.35000000000000003,3.902583260852411,79.97986022544009,241.88431974410832,-1.4718264201424012,-0.1876474480046435,1
0.005,0.5,0.006,0.2,3.9042840514005763,72.67155131524646,241.62491029842704,-1.4827656025701672,-0.1251166477453997,1
0.005,0.35,0.005,0.2,3.9072453929097177,77.22233048671256,241.6011974786611,-1.4825719470101397,-0.16049152396836147,1
0.005,0.44999999999999996,0.007,0.45,3.908718146529427,82.72966177974992,242.7426513176406,-1.4652956876221594,-0.2171023972174544,1
0.005,0.35,0.004,0.3,3.9133529257577795,66.71410510274426,239.80676734800454,-1.5134902317897538,-0.07373407656838639,1
0.005,0.44999999999999996,0.007,0.35000000000000003,3.9151228567408927,83.31772299957758,243.36031279653025,-1.4643635908791723,-0.22481098829628787,1
0.005,0.44999999999999996,0.007,0.4,3.9162379444094535,83.34873945929188,243.2755974279362,-1.4663547279619593,-0.2247722569283551,1
0.025000000000000005,0.3,0.011000000000000001,0.25,3.920422532949181,279.6000000000125,25.760513000335777,-2.0412223961071954,-3.0413224848662774,1
0.005,0.4,0.006,0.15000000000000002,3.927531867441026,82.21868580938875,243.89167559922362,-1.4732408154695111,-0.21339271231329032,1
0.005,0.4,0.006,0.3,3.9294040959654213,82.10757914715688,243.46922066256047,-1.4798843587464894,-0.21001408731629567,1
0.005,0.5,0.007,0.4,3.932380187891418,80.90291629982025,243.58804321442176,-1.4831078563824929,-0.199756364824646,1
0.005,0.4,0.005,0.45,3.940454246051189,74.29970132080489,242.00747315324224,-1.5145209779772864,-0.13334194926970666,1
0.005,0.55,0.005,0.15000000000000002,3.941499235720509,65.43264589522077,243.4059156894541,-1.50578832008575,-0.07054875154229459,1
0.005,0.55,0.007,0.45,3.9420047630592365,78.28618490138686,243.6423315122488,-1.4954583668239139,-0.17429793305621305,1
0.005,0.44999999999999996,0.006,0.2,3.9442637958588453,79.37560688723744,244.11246625756985,-1.4917318767998076,-0.18483306453806728,1
0.005,0.6,0.007,0.5,3.944738868603352,75.47043040727903,243.4922364596764,-1.5024555315360275,-0.1489068552064292,1
0.005,0.4,0.006,0.25,3.945080161167009,83.37304544767268,244.45952177421668,-1.4835624590532892,-0.22471647810609885,1
0.005,0.6,0.006,0.35000000000000003,3.9455048385803853,69.67702117213194,243.424813332364,-1.5078452471291195,-0.10148664884405904,1
0.005,0.35,0.005,0.15000000000000002,3.9469572026645365,80.4135242387167,243.95146215127488,-1.495170641961377,-0.19195803418030702,1
0.005,0.5,0.006,0.25,3.9521204533638974,76.33591393876483,244.12680414912074,-1.502707678440122,-0.15666730232765133,1
0.005,0.4,0.006,0.2,3.952204401061673,83.98951904442566,244.99708943021278,-1.4841845551693322,-0.23216742886953434,1
0.005,0.55,0.006,0.3,3.9549043158553294,73.31548997161202,244.05255852687696,-1.508752449680424,-0.130418500360493,1
0.005,0.3,0.003,0.1,3.962193452991965,62.75281290025128,242.28531281435653,-1.538630582614445,-0.046739340473622985,1
0.005,0.5,0.007,0.45,3.9625451667127534,83.09774294844713,245.02565457572382,-1.495785598665672,-0.22280555625008938,1
0.005,0.5,0.005,0.1,3.9645252448052997,70.31668922838298,244.71373224753324,-1.5136569607731665,-0.10634242773134729,1
0.005,0.55,0.004,0.05,3.9655821564951443,59.55510924314157,245.54699221040028,-1.5097671342313859,-0.03228251620543507,1
0.005,0.44999999999999996,0.005,0.05,3.969808988145341,74.17619923588374,245.11905656168392,-1.512366708374675,-0.1376548315276508,1
0.005,0.55,0.007,0.5,3.9745929940201834,80.68596942601292,245.2573413682312,-1.5090982686556864,-0.19790406380941153,1
0.005,0.35,0.005,0.1,3.9760694857582517,82.75393055920738,245.70678537277718,-1.5034029995694265,-0.21712986666258494,1
0.005,0.44999999999999996,0.006,0.25,3.9801789060641672,82.00041889455547,245.86121676917264,-1.506815756529394,-0.21135660670085074,1
0.005,0.5,0.007,0.5,3.981636457651966,84.43042273805376,245.87168897225092,-1.5043413588663155,-0.23715203222129458,1
0.005,0.4,0.005,0.4,3.9849557482514326,77.9114988848131,244.657742300707,-1.5293733289628244,-0.16620797886629068,1
0.005,0.44999999999999996,0.006,0.5,3.9903985130883592,82.15702164079651,245.57495731018616,-1.5202619601808094,-0.20964479823950874,1
0.005,0.35,0.005,0.05,3.9911001745837367,84.01524278218513,246.7062278563717,-1.5062480706491355,-0.23218151987375257,1
0.005,0.5,0.006,0.3,3.9930258790388287,79.37585352980206,246.20900535289184,-1.5197270405180587,-0.1849168033141754,1
0.005,0.35,0.004,0.25,3.993410590452693,73.25215309725,244.58618560189234,-1.5425404300780161,-0.12440300246493052,1
0.005,0.6,0.005,0.25,3.993836078041123,66.9134921869906,246.50111517040568,-1.5266769408513836,-0.08101341655673927,1
0.005,0.55,0.006,0.35000000000000003,3.9977709278962434,76.55244619270502,246.30808478549898,-1.5264663466278363,-0.15866358873319092,1
0.005,0.6,0.006,0.4,3.9981959691420474,73.74578186730135,246.29856255187815,-1.5293432827544984,-0.13408923395098338,1
0.005,0.4,0.005,0.05,4.005090536447953,80.68697968052035,247.1486477982712,-1.520766751198471,-0.1980148898196945,1
0.005,0.44999999999999996,0.006,0.45,4.008682202050186,83.64465987313335,246.70235078362612,-1.5249543639240013,-0.22633099079562033,1
0.005,0.55,0.005,0.2,4.011689019042718,70.95827719602661,247.354434352329,-1.5340986172985496,-0.11149204111255466,1
0.005,0.44999999999999996,0.006,0.3,4.014206974543067,84.41957604055621,247.47744081672909,-1.5210507019380497,-0.2371864004366091,1
0.005,0.44999999999999996,0.005,0.1,4.018921996711333,77.85245588138548,247.68098757785992,-1.5326723981876829,-0.17036758307046512,1
0.005,0.4,0.005,0.35000000000000003,4.018968159095556,80.67999159245991,246.7076329936085,-1.5397448981281863,-0.1937882816378505,1
0.005,0.4,0.004,0.5,4.020386317916351,69.91224726830593,245.3725452460144,-1.5636701674338789,-0.09675678182585665,1
0.005,0.5,0.005,0.15000000000000002,4.02053989554756,74.60722308063467,247.75136214237818,-1.5365335188257172,-0.1414030698442147,1
0.005,0.44999999999999996,0.006,0.4,4.021312846727064,84.70057131404918,247.5232270812221,-1.5274987494771342,-0.23898267210608146,1
0.005,0.44999999999999996,0.006,0.35000000000000003,4.025149622842605,85.10397182680775,247.88335159433473,-1.5268444420267921,-0.2446212425525831,1
0.005,0.5,0.006,0.35000000000000003,4.029375253883154,81.9990691492384,248.00995257576824,-1.5348199846317325,-0.21114662330655237,1
0.005,0.6,0.004,0.15000000000000002,4.0324549330046775,62.694474891385525,249.8966165929255,-1.5326016067374941,-0.05215470997090806,1
0.005,0.55,0.006,0.4,4.0361936355528565,79.37621962915728,248.28413380194843,-1.5422939760188914,-0.18502067935245747,1
0.005,0.6,0.006,0.45,4.038585307962346,76.76871034692317,248.44242483385096,-1.5458406779748537,-0.1606026076043894,1
0.005,0.4,0.005,0.3,4.0449081559176365,82.81013984722432,248.29969454304273,-1.5467889362536715,-0.21681931677978883,1
0.005,0.4,0.005,0.1,4.04515807267027,83.53780249798952,249.09283322600504,-1.537492999604293,-0.227476069386236,1
0.005,0.35,0.004,0.2,4.047681772102863,77.71109790018353,247.87072045496507,-1.5603457911727592,-0.16432347853623036,1
0.005,0.6,0.005,0.3,4.053925408527585,71.60008796889362,249.8940669931253,-1.5506061500952548,-0.11661091095722588,1
0.005,0.44999999999999996,0.005,0.15000000000000002,4.058139832306384,80.68606507325923,249.6607614625009,-1.5489408543326448,-0.19790173479828585,1
0.005,0.5,0.006,0.4,4.0607863272065305,84.19811127449042,249.52143132718902,-1.5478918738278604,-0.23461985796824703,1
0.005,0.55,0.005,0.25,4.062556419744989,74.82379904358389,250.13527854189442,-1.5545982050488967,-0.14346152338379065,1
0.005,0.5,0.005,0.2,4.064395143938566,77.85339342562119,250.06059141606602,-1.5544581443442982,-0.17057735093222962,1
0.005,0.4,0.005,0.25,4.065443336436848,84.51276330683226,249.58314888560108,-1.5517140098019817,-0.2363577454842265,1
0.005,0.3,0.003,0.05,4.069248810907902,71.57425614650714,248.79598438248968,-1.5774171854950034,-0.11058851804531841,1
0.005,0.55,0.006,0.45,4.069852335102141,81.78061132533324,249.97168920292597,-1.556154581599819,-0.20906512803325966,1
0.005,0.6,0.006,0.5,4.074357757009423,79.37637798475473,250.29969988170023,-1.5604226443834277,-0.18508323339106264,1
0.005,0.55,0.004,0.1,4.07510541097939,68.3994429206205,251.99739683934058,-1.552412446320383,-0.09192061917288954,1
0.005,0.4,0.005,0.2,4.077344294272995,85.56518607606505,250.40054991169063,-1.5534514324208273,-0.2493664200587065,1
0.005,0.4,0.005,0.15000000000000002,4.0774753776708,85.74788981400938,250.59556717483474,-1.5511662396185122,-0.25210609506784376,1
0.005,0.4,0.004,0.45,4.079301643821394,74.77911280885719,248.96462404887734,-1.5837586236652337,-0.13679518745409494,1
0.005,0.5,0.006,0.45,4.083960651905663,85.75139254139432,250.5802208286559,-1.5578455717173123,-0.25239106134535066,1
0.005,0.35,0.004,0.15000000000000002,4.0889524178417735,81.12152493537727,250.39286356812272,-1.5725803828797935,-0.19822040610432928,1
0.005,0.5,0.006,0.5,4.089314217046657,85.99801881891398,250.71108235639895,-1.5616228850743241,-0.2543649802158553,1
0.005,0.5,0.004,0.05,4.094371777754059,72.4569187264256,252.68191800140994,-1.562682281856252,-0.123471586423087,1
0.005,0.44999999999999996,0.005,0.2,4.095590240852193,83.31744914414786,251.5078893683817,-1.5643980617507824,-0.22511069036896048,1
0.005,0.35,0.003,0.3,4.096327209694059,67.82702094962357,250.04854964250399,-1.5937793444641652,-0.08110594903441273,1
0.005,0.55,0.006,0.5,4.101394305323784,83.9775521007726,251.51967675313335,-1.5691070419295023,-0.23221912037142675,1
0.005,0.6,0.005,0.35000000000000003,4.102246640674476,75.25446868119975,252.55826945273475,-1.569787258289515,-0.14709576061913948,1
0.005,0.44999999999999996,0.005,0.5,4.1026615042023895,82.63699264608542,250.8188878461383,-1.58001950917296,-0.2141992177162593,1
0.005,0.55,0.005,0.3,4.103714118520364,77.85405576031809,252.3278168973652,-1.5711869609723632,-0.17073173193653135,1
0.005,0.5,0.005,0.25,4.103784123365147,80.68549958362595,252.08585358507753,-1.5705127569837354,-0.19784614163299397,1
0.005,0.6,0.004,0.2,4.114477516168827,69.25099188683704,254.7268308192738,-1.5641182313520612,-0.09838119696943494,1
0.005,0.35,0.004,0.1,4.116449150844484,83.4639394117497,252.13576837449727,-1.5792619164995065,-0.22416196713085756,1
0.005,0.4,0.004,0.4,4.122515098527793,78.39364483469674,251.63142791419068,-1.5971819388129915,-0.16997331121521983,1
0.005,0.44999999999999996,0.005,0.45,4.122919563834198,84.34379452554913,252.08707303452775,-1.5849573340177887,-0.2333896189345979,1
0.005,0.44999999999999996,0.005,0.25,4.125046424209,85.3053562212044,252.90312842141748,-1.576700531079823,-0.24754749521113123,1
0.005,0.55,0.004,0.15000000000000002,4.1332829170110035,72.88658871650244,255.30870334583096,-1.5750764221146858,-0.1270956132023352,1
0.005,0.5,0.005,0.3,4.1354285908410375,82.8798389387019,253.6597025711585,-1.5835013581967072,-0.22087512816855545,1
0.005,0.44999999999999996,0.005,0.4,4.137515315385603,85.61900158795166,253.03978848117686,-1.587753414361884,-0.2487278248134308,1
0.005,0.35,0.004,0.05,4.1386998689175085,85.38044196984247,253.56515972617717,-1.5839767007802747,-0.24653919088794152,1
0.005,0.55,0.005,0.35000000000000003,4.140241255302389,80.46833975274357,254.22958531958238,-1.5858845067227436,-0.1959587697712705,1
0.005,0.6,0.005,0.4,4.140662375525643,78.07000112932074,254.62415909143692,-1.5850545592662992,-0.17256790706718544,1
0.005,0.5,0.004,0.1,4.143413590367286,76.11998590288393,255.37627464798334,-1.5820839439439445,-0.1549199786562911,1
0.005,0.44999999999999996,0.004,0.05,4.146136274290685,79.15921839537039,255.05321093882048,-1.5850633600621802,-0.18310323766261302,1
0.005,0.44999999999999996,0.005,0.3,4.14614946713424,86.64592018949084,253.8388068268041,-1.5861287527216172,-0.26285413345420855,1
0.005,0.44999999999999996,0.005,0.35000000000000003,4.14630024490063,86.45964447960368,253.67621968241156,-1.5884738480467877,-0.25954491379602196,1
0.005,0.4,0.004,0.35000000000000003,4.155042377612943,81.16458275816909,253.67069776113794,-1.606180313993791,-0.19797541725433143,1
0.035,0.2,0.006,0.25,4.156713650551437,277.60000000001264,-76.8242064426181,-2.140516283011737,-2.6267717320200905,1
0.005,0.35,0.003,0.25,4.166330626620173,73.73784024621717,254.42159307613701,-1.6170744480317134,-0.12777447336626405,1
0.005,0.6,0.004,0.25,4.167330343027402,73.31630578846023,257.7539910301366,-1.584409393704208,-0.13069236063787812,1
0.005,0.5,0.005,0.35000000000000003,4.167850679443844,85.08273778984089,255.24921685156505,-1.5967021499584853,-0.24479657502935084,1
0.005,0.6,0.003,0.1,4.171440391809855,66.06728876641407,260.7212086132063,-1.5624194111411465,-0.07520489327809685,1
0.005,0.55,0.005,0.4,4.171809718433645,82.6599837943739,255.832234389738,-1.5986152658192645,-0.2185651840470747,1
0.005,0.6,0.005,0.45,4.1743087529456,80.46763766735862,256.393319628321,-1.5984200221912166,-0.1958644075730282,1
0.005,0.4,0.004,0.05,4.178377583185589,84.64176812342775,256.2166223510212,-1.598299677692779,-0.23995270248715378,1
0.005,0.55,0.004,0.2,4.179521495739992,76.33623132227376,257.87555942991685,-1.5930610346822016,-0.15686940744749214,1
0.005,0.4,0.004,0.3,4.182400303389417,83.51412163294668,255.39476230076207,-1.6130506576841976,-0.2234406140056815,1
0.005,0.5,0.004,0.15000000000000002,4.185411945262385,79.15900718322585,257.6285812626006,-1.5986740509762438,-0.18310704374358414,1
0.005,0.35,0.002,0.35000000000000003,4.186292543991897,58.48731339543577,257.9849302898674,-1.6063286314083285,-0.01918892315752922,1
0.005,0.44999999999999996,0.004,0.1,4.186571159552823,81.99996835013748,257.1398226768497,-1.6012829897470737,-0.21136790093529556,1
0.005,0.4,0.003,0.5,4.187175259329864,70.60016536730545,255.80974991903486,-1.6259155452248237,-0.10145436598513198,1
0.005,0.5,0.005,0.4,4.1949717244176545,86.85671195418031,256.5331487257722,-1.6078497844984418,-0.26560567211374453,1
0.005,0.4,0.004,0.25,4.20133161339206,85.21807824482663,256.6394020462835,-1.6166915708769027,-0.24357606086965958,1
0.005,0.6,0.005,0.5,4.202853714875796,82.44040311710793,257.8580003278953,-1.6098082314016589,-0.21629273750185862,1
0.005,0.55,0.005,0.45,4.204137242433368,84.86074842819144,257.4504137733247,-1.611541393329453,-0.2421536568386291,1
0.005,0.5,0.005,0.45,4.204251646325698,87.32260966458198,256.87075009288947,-1.6130106290177866,-0.27055750260786127,1
0.005,0.5,0.005,0.5,4.204536217029583,87.13317811975013,256.73300303534324,-1.6152672421735212,-0.2671251280800957,1
0.005,0.55,0.003,0.05,4.2063880578798365,70.53144504484024,262.11629427282196,-1.5815172087405258,-0.1083604363457105,1
0.005,0.6,0.004,0.3,4.210717810718169,76.55232814771958,260.18371458365436,-1.6010265861248887,-0.15877929446632508,1
0.005,0.4,0.004,0.1,4.212109324649067,86.85573211521721,257.8251805434861,-1.6121548710045475,-0.26541865983594193,1
0.005,0.4,0.004,0.2,4.217766898890391,86.70944294144019,257.72603065796284,-1.6194853990539975,-0.26178029273798326,1
0.005,0.35,0.003,0.2,4.218158353898605,78.20040838841597,257.69440625731613,-1.632597501831436,-0.16795757519276866,1
0.005,0.55,0.004,0.25,4.218549167506142,79.15871361430183,259.9929354667238,-1.6082316872755296,-0.18308724302241894,1
0.005,0.44999999999999996,0.004,0.15000000000000002,4.219221888542076,84.20149240656943,258.7672101329813,-1.614491937367464,-0.23530935452682614,1
0.005,0.3,0.002,0.1,4.221887912691951,65.75945634631242,259.3300395832325,-1.6272450705862749,-0.06611187732677756,1
0.005,0.4,0.004,0.15000000000000002,4.222332966109619,87.3280276640874,258.1711027573865,-1.6181230696158497,-0.27077310941412513,1
0.005,0.5,0.004,0.2,4.222783761260503,81.78118586506791,259.5857816159396,-1.613415588474455,-0.20923233428597784,1
0.005,0.55,0.005,0.5,4.231123387800933,86.63203111652193,258.75986561660875,-1.622418744406696,-0.2625470649106391,1
0.005,0.44999999999999996,0.004,0.5,4.231968440102384,83.11759236981918,258.1886892949683,-1.635537449959394,-0.21860091956388022,1
0.005,0.6,0.003,0.15000000000000002,4.235711856869206,71.17273259537798,264.563220522301,-1.5860292762617252,-0.11342148570706197,1
0.005,0.4,0.003,0.45,4.241061170767398,75.25881158403337,259.2301242010258,-1.6427959055788295,-0.14011036824119666,1
0.005,0.6,0.004,0.35000000000000003,4.246763991972706,79.15868144686948,262.1577658347387,-1.6148380776867368,-0.18310816982186082,1
0.005,0.44999999999999996,0.004,0.45,4.2507748263028935,84.8259329836459,259.4148482580549,-1.6394069014737127,-0.23823487174471839,1
0.005,0.44999999999999996,0.004,0.2,4.25269784593079,86.41150081087224,260.4116778771304,-1.6279243638198493,-0.2601572614370947,1
0.005,0.55,0.004,0.3,4.252823334068588,81.56259929262974,261.809892558043,-1.6215507741145534,-0.20711585809746888,1
0.025000000000000005,0.2,0.011000000000000001,0.05,4.2550941383369025,281.6000000000124,-9.879056797789417,-0.24574311242350302,-4.149032380167146,1
0.005,0.5,0.004,0.25,4.255195087577303,83.97975283792915,261.23949741197794,-1.6262375168092618,-0.232688099605672,1
0.005,0.35,0.003,0.15000000000000002,4.256791420559679,81.61369703159735,260.1677332166646,-1.642703811500965,-0.20230381429252114,1
0.005,0.55,0.003,0.1,4.259546121530608,74.60788427972095,265.2047433301541,-1.6012433521481733,-0.1416748384839455,1
0.005,0.44999999999999996,0.004,0.4,4.266979107604593,86.3204136236622,260.48103692755376,-1.6423225960326455,-0.25608866675234365,1
0.030000000000000006,0.2,0.009000000000000001,0.3,4.271237800174315,279.6000000000125,-60.17197324813833,-1.209400506159159,-3.464493219047606,1
0.005,0.5,0.003,0.05,4.275772845039118,77.63693575312678,265.30476925985295,-1.6139207509351696,-0.16880974516949313,1
0.005,0.44999999999999996,0.004,0.35000000000000003,4.277464352080103,87.38116781221689,261.2235042344141,-1.6432169086291188,-0.26986449414302416,1
0.005,0.44999999999999996,0.004,0.25,4.277819502751021,87.97289476637403,261.5847425632187,-1.6383478936777927,-0.27922636767367276,1
0.005,0.6,0.004,0.4,4.277932408340771,81.34420413180248,263.82691390178525,-1.626795197542708,-0.20501956496564694,1
0.005,0.4,0.003,0.4,4.278946660976876,78.66081997876395,261.68251505224407,-1.6532074909040229,-0.17190959116395393,1
0.005,0.44999999999999996,0.004,0.3,4.282089696632061,88.00484126693833,261.64407624629393,-1.6421822854826322,-0.27861032490877125,1
0.005,0.6,0.003,0.2,4.283334919732059,74.82399540605995,267.34395453955085,-1.6034752328523347,-0.14363249611203688,1
0.005,0.35,0.003,0.1,4.284624057056447,84.17618658305805,261.9944963689468,-1.6485932130792882,-0.2308612173623253,1
0.005,0.55,0.004,0.35000000000000003,4.2849456376794235,83.75843766222039,263.4819033530921,-1.6340003217957422,-0.23013204490048497,1
0.005,0.5,0.004,0.3,4.2853836803275565,85.96873331340181,262.7461226994278,-1.638172860873445,-0.25514023431114846,1
0.005,0.3,0.002,0.05,4.300305999651632,72.70675568007304,264.41528116714153,-1.6518817800167078,-0.11886953733344426,1
0.005,0.55,0.003,0.15000000000000002,4.300549303649131,77.63747264378145,267.52781325406886,-1.616468660183212,-0.16892439220461142,1
0.005,0.35,0.003,0.05,4.304254307096306,86.09414731110277,263.3350908641137,-1.651451816054111,-0.2542146066232446,1
0.005,0.6,0.002,0.05,4.3055208410904235,68.82516918393286,273.4862606452966,-1.567766758623463,-0.0952611179324301,1
0.005,0.6,0.004,0.45,4.309765553576067,83.53802613661188,265.51152240056444,-1.6389034591494154,-0.22773485621571013,1
0.005,0.35,0.002,0.3,4.31118453181458,69.15460038285144,265.9499238492913,-1.6492201562986564,-0.0902063425337554,1
0.005,0.55,0.004,0.4,4.311853674416422,85.52683423392952,264.84131594450446,-1.644508378162377,-0.2502529540324933,1
0.005,0.4,0.003,0.35000000000000003,4.3120224792442725,81.65005385899538,263.8165219599673,-1.6616272257704348,-0.20197298889548948,1
0.005,0.5,0.004,0.35000000000000003,4.31319962542416,87.74536132853035,264.10235605495154,-1.6491912497397387,-0.276298776185362,1
0.005,0.5,0.003,0.1,4.315382417664495,80.46778475679878,267.48229062776136,-1.6288160656535708,-0.1959431924583875,1
0.005,0.44999999999999996,0.003,0.05,4.324016538015716,83.09945627900802,266.9930993319981,-1.6389494185998865,-0.2232572337965329,1
0.005,0.6,0.003,0.25,4.324055610012227,77.85330664202137,269.67412458139825,-1.6183332106696815,-0.17073271265196543,1
0.005,0.5,0.004,0.5,4.325774635259832,87.8319268114942,264.3357611757524,-1.6597445643820428,-0.2752726320843207,1
0.005,0.5,0.004,0.4,4.32939291729747,88.65044931092592,264.82324822732653,-1.6564769450212147,-0.28702706998461985,1
0.005,0.5,0.004,0.45,4.3305443672436414,88.46013919290634,264.7402460937692,-1.6590300373662012,-0.28387675473685026,1
0.005,0.4,0.003,0.3,4.334013257741633,83.78336251612915,265.29399311341194,-1.6658282038610566,-0.22588475967249017,1
0.005,0.6,0.004,0.5,4.336374938746647,85.30404967903844,266.8821152806581,-1.6490910953650533,-0.24745542667464956,1
0.005,0.55,0.003,0.2,4.336979819301577,80.25050975558105,269.5513499528156,-1.6299607249783814,-0.19400957187327084,1
0.005,0.55,0.004,0.45,4.339294632306991,87.30011993183837,266.2125238711142,-1.6551514606176718,-0.2708704805434863,1
0.005,0.5,0.003,0.15000000000000002,4.35028763675521,82.87907417469627,269.3565126709532,-1.641936555227,-0.22084796558117858,1
0.005,0.4,0.003,0.25,4.353723302206018,85.70707317639803,266.6128289689909,-1.6691896610837256,-0.24856146443172025,1
0.005,0.44999999999999996,0.003,0.1,4.357294639476292,85.30525931211633,268.71048231357645,-1.6517275029707212,-0.24764950744491848,1
0.005,0.6,0.003,0.3,4.357412682848619,80.24971900871998,271.54064178430235,-1.6305194841539787,-0.19388343434101996,1
0.005,0.6,0.002,0.1,4.359051849640335,73.10137745263688,276.74294556209,-1.5863873140997262,-0.12898501776413662,1
0.005,0.4,0.003,0.05,4.3593885767050065,87.74685359873537,267.7108978276365,-1.6593904445764998,-0.27656463934754655,1
0.005,0.55,0.004,0.5,4.361219389100376,88.64074748059724,267.26700804221264,-1.6639019865775282,-0.2874525124279676,1
0.025000000000000005,0.2,0.012,0.2,4.365173755098813,281.6000000000124,-14.971824358247432,0.008411286028855047,-4.2154471198012695,1
0.005,0.35,0.002,0.25,4.368662980244009,74.43737572521508,269.7281432633358,-1.6660967456555027,-0.13280780025856262,1
0.005,0.4,0.003,0.2,4.371041813116568,87.41789287289907,267.7732268898585,-1.6717281899312217,-0.26948482615723246,1
0.005,0.55,0.003,0.25,4.3714480708278,82.65907687670851,271.43206769932976,-1.6426596478932454,-0.21849595094639054,1
0.005,0.4,0.002,0.5,4.372685033509195,71.2888000462727,270.9610530774189,-1.6596777832252543,-0.10623774054352748,1
0.005,0.44999999999999996,0.003,0.5,4.375933722293502,83.59923210782641,268.3928087051204,-1.6772553639915468,-0.222929391631694,1
0.005,0.4,0.003,0.15000000000000002,4.379757501093906,88.4754960215005,268.44382887790334,-1.671369192048077,-0.2839581932547061,1
0.005,0.5,0.003,0.2,4.38014459075523,84.86364349304093,270.91963867137656,-1.6532180940778642,-0.24277115562386856,1
0.005,0.4,0.003,0.1,4.3829045240725595,89.09664900361864,268.7995238715812,-1.6694472872714714,-0.2926828327908,1
0.005,0.55,0.002,0.05,4.386339323580484,76.12002563108665,277.5535303332381,-1.6033235414969946,-0.15505874025344557,1
0.005,0.44999999999999996,0.003,0.15000000000000002,4.388390705356941,87.30089998966388,270.2798840312107,-1.6636632482545366,-0.271006516365357,1
0.005,0.6,0.003,0.35000000000000003,4.388677082996249,82.43941687667588,273.2610169668319,-1.6418945584708384,-0.2161940801302111,1
0.005,0.44999999999999996,0.003,0.45,4.3927812026273925,85.30837937796625,269.53224288305955,-1.6799986291324556,-0.24283923664184812,1
0.005,0.55,0.003,0.3,4.400891136207614,84.641462362162,273.00088406158875,-1.6535460908827677,-0.24006867985681468,1
0.005,0.6,0.002,0.15000000000000002,4.401015772187235,76.33598102964545,279.24242492679787,-1.6009183923258805,-0.15692988472694056,1
0.005,0.44999999999999996,0.003,0.4,4.40715277158073,86.80463997934623,270.5109688506391,-1.6818741270054627,-0.2612471579765347,1
0.005,0.35,0.002,0.2,4.410603621352063,78.47517246561247,272.52130237345546,-1.6768122224448936,-0.16983002442712528,1
0.005,0.5,0.003,0.25,4.410712566692265,86.85618149226852,272.49814289333153,-1.664667288971536,-0.2656544481807911,1
0.005,0.6,0.003,0.4,4.414848244330644,84.20186429680226,274.6669566461387,-1.6514694578234441,-0.23551800605040724,1
0.005,0.44999999999999996,0.003,0.2,4.417163753266572,89.08388225620813,271.69802467949967,-1.67473122820027,-0.29308577066926284,1
0.005,0.4,0.002,0.45,4.417250537463367,75.52472087236751,273.9143284157012,-1.6720998706213612,-0.1418660504399381,1
0.005,0.44999999999999996,0.003,0.35000000000000003,4.418937007733674,88.0848518778497,271.3296801229685,-1.682902821800143,-0.27757270474613466,1
0.005,0.55,0.002,0.1,4.424342487644876,78.94193803513463,279.7625450097689,-1.6165862554257266,-0.18126554833978206,1
0.005,0.44999999999999996,0.003,0.3,4.425058456204245,88.92920169870239,271.82270798010313,-1.6820979577224902,-0.28951650747464514,1
0.005,0.55,0.003,0.35000000000000003,4.428030282332901,86.41253495998866,274.41801996086724,-1.6635814536495446,-0.2604761950038031,1
0.005,0.44999999999999996,0.003,0.25,4.428518114489071,89.5549629996573,272.16305950849346,-1.680638169019212,-0.2981951520956628,1
0.005,0.5,0.003,0.3,4.435874621796532,88.41586125543304,273.7570246746227,-1.6742188003879326,-0.2850072959462574,1
0.005,0.6,0.002,0.2,4.435997476625629,78.94159718918756,281.28551293073906,-1.6129953983632075,-0.1812096148577102,1
0.005,0.6,0.003,0.45,4.44152860930768,85.9698342559262,276.08472479276634,-1.6611557412010487,-0.255443617976609,1
0.005,0.35,0.002,0.15000000000000002,4.445055713696551,81.8901876189282,274.8199514513599,-1.6844934486028367,-0.20445728727471663,1
0.005,0.5,0.002,0.05,4.446872722362389,81.56332614187396,280.08700063602646,-1.6328941080512551,-0.20732045962197296,1
0.005,0.4,0.002,0.4,4.4515579948209725,78.92866644523042,276.20677938212384,-1.6805289225164994,-0.17378055086704539,1
0.005,0.55,0.003,0.4,4.452717271083733,87.96952367283818,275.68044061185947,-1.6727403085910026,-0.2793927443029623,1
0.005,0.5,0.003,0.5,4.456468531013723,88.53175173169599,274.3712567237676,-1.689209867387526,-0.28302476105639923,1
0.005,0.55,0.002,0.15000000000000002,4.457794730221254,81.3446713577567,281.66955461874886,-1.6282249507120874,-0.2051585769957268,1
0.005,0.5,0.003,0.35000000000000003,4.458660993544466,89.76147932495749,274.87156700049536,-1.6831418553837174,-0.3015733810370298,1
0.005,0.5,0.003,0.45,4.459950445217254,89.16089796072448,274.6919969956384,-1.6878941428470915,-0.2923812095791446,1
0.005,0.5,0.003,0.4,4.463725140110153,89.79041786532129,275.0243890621059,-1.6868451599867949,-0.30095082418865327,1
0.005,0.6,0.003,0.5,4.465783915294868,87.52446767629036,277.34772011152745,-1.6699782886421453,-0.27399731809122696,1
0.005,0.35,0.002,0.1,4.469010664148229,84.45333449112461,276.46091425800523,-1.6883604473871947,-0.23328854755951656,1
0.005,0.6,0.002,0.25,4.46906801703547,81.34306615207277,283.1865958577596,-1.6243333522701136,-0.20487005862652483,1
0.005,0.55,0.003,0.45,4.4779162890751545,89.53126843470093,276.954204288264,-1.6820259524625716,-0.2988833556694336,1
0.005,0.5,0.002,0.1,4.478817498975236,83.76149129273149,281.8557281900162,-1.6441439445929869,-0.2307697507481989,1
0.005,0.4,0.002,0.35000000000000003,4.481181036727026,81.91901233001033,278.1763048229873,-1.6871288620765426,-0.20400417244757724,1
0.025000000000000005,0.2,0.013,0.35000000000000003,4.484052833328363,281.6000000000124,-19.598042629720112,0.25459144963381514,-4.280507932677543,1
0.005,0.55,0.003,0.5,4.488509184580504,89.99696001942097,277.4275015628773,-1.6869861698046726,-0.30442806849794846,1
0.005,0.55,0.002,0.2,4.489225939651357,83.5401651024152,283.4315948874646,-1.6391036395917489,-0.2281804905105927,1
0.005,0.35,0.002,0.05,4.491084700156313,86.80992566061052,277.948797555749,-1.6915373322854532,-0.2612753358854055,1
0.005,0.6,0.002,0.3,4.497312764683692,83.31931740768326,284.77860355752637,-1.634016627251206,-0.22567253246628113,1
0.005,0.44999999999999996,0.002,0.05,4.498594381751156,86.19260591967341,281.7891255942063,-1.6607479856797187,-0.2582230143988149,1
0.005,0.4,0.002,0.3,4.503040529780417,84.27180292346901,279.6520567597131,-1.6909276536103535,-0.23016092541052244,1
0.005,0.5,0.002,0.15000000000000002,4.508629787293278,85.74954197633403,283.47683029442624,-1.6546150488696867,-0.2531033560446264,1
0.005,0.55,0.002,0.25,4.518530117778304,85.5260567952408,285.0457911803469,-1.6492072664062205,-0.25016050203553836,1
0.005,0.4,0.002,0.25,4.5198282786805795,86.1965371348902,280.80321387239974,-1.6929733313691298,-0.253154743276057,1
0.005,0.6,0.002,0.35000000000000003,4.523347426750941,85.08488611537354,286.2208231985737,-1.64291883731637,-0.24535916199770275,1
0.005,0.44999999999999996,0.002,0.5,4.526128763415549,83.86350121097173,282.178303809706,-1.6894165534474077,-0.2250912267266123,1
0.005,0.44999999999999996,0.002,0.1,4.529804489037604,88.19188123899289,283.43402191861287,-1.6718410733890705,-0.28203991857939925,1
0.005,0.4,0.002,0.2,4.53441120712135,87.90899746016713,281.79952436413396,-1.6942936160808746,-0.2746869166826216,1
0.005,0.5,0.002,0.2,4.539143385082522,87.74520790641073,285.1141674254359,-1.6652291027552595,-0.27633640928353653,1
0.005,0.44999999999999996,0.002,0.45,4.540598426195755,85.57401569951166,283.16774143596876,-1.6912160392359878,-0.24535552434323796,1
0.005,0.55,0.002,0.3,4.542689272519067,87.08068858511993,286.34339023322127,-1.6576018164749524,-0.26880256010746706,1
0.005,0.4,0.002,0.15000000000000002,4.543688911697439,89.18679305514824,282.47410893049437,-1.6939409947874842,-0.2921395596051477,1
0.005,0.4,0.002,0.05,4.546331750835256,90.43055952959457,282.9032840908558,-1.6890067422227075,-0.3104380304693056,1
0.005,0.6,0.002,0.4,4.547010613192687,86.63656377399941,287.50985383011994,-1.6510129172294636,-0.2635267221922946,1
0.005,0.4,0.002,0.1,4.5475910898301155,90.02711994613259,282.8344045790941,-1.6920479380788884,-0.3046049469073353,1
0.005,0.44999999999999996,0.002,0.4,4.552682876510263,87.0702920262886,283.9990092469134,-1.6922236860018622,-0.2639991837881799,1
0.005,0.44999999999999996,0.002,0.15000000000000002,4.558739430285613,89.97760459071971,284.9279816157823,-1.6821322415181459,-0.30443931148764236,1
0.005,0.5,0.002,0.25,4.564400622872212,89.30757546657092,286.43268471436386,-1.6741027355040072,-0.29602512376149526,1
0.005,0.44999999999999996,0.002,0.35000000000000003,4.5653637387386645,88.57102365831746,284.84352479289555,-1.6934521670555849,-0.28295441408263805,1
0.005,0.55,0.002,0.35000000000000003,4.570272889103961,88.85963065876422,287.81928740866397,-1.6670206214691445,-0.29013277101638296,1
0.005,0.6,0.002,0.45,4.571164098558576,88.19338184610345,288.8103104409697,-1.6592057577850319,-0.2823660095663225,1
0.005,0.44999999999999996,0.002,0.3,4.57261345492174,89.63541911886,285.3656607619355,-1.6930022423426347,-0.29758368623055464,1
0.005,0.44999999999999996,0.002,0.2,4.573592532415056,90.66859728374388,285.63239908431797,-1.6883602636668422,-0.3137688065171995,1
0.005,0.44999999999999996,0.002,0.25,4.577370536346176,90.48183427597908,285.7375926852242,-1.6918937194126373,-0.30964027338229244,1
0.005,0.5,0.002,0.3,4.587247360458872,90.65461801609476,287.5999875012626,-1.6822149842997816,-0.3138800774872242,1
0.005,0.5,0.002,0.5,4.588785132509241,89.01384230862922,287.3456040992646,-1.6909074163663402,-0.2884198354490429,1
0.005,0.55,0.002,0.4,4.592475798670701,90.2033367729197,288.97353348410434,-1.674700334110859,-0.30773995205662874,1
0.005,0.5,0.002,0.45,4.593794386304072,89.86281451831495,287.71460199895455,-1.6901629658410366,-0.30038435789795204,1
0.005,0.6,0.002,0.5,4.595744873601162,89.75383205452813,290.12112580419216,-1.6674810400929596,-0.3015810922302193,1
0.005,0.5,0.002,0.35000000000000003,4.595990771886262,90.90381138988234,287.999529851214,-1.6866151466190684,-0.3161800307350484,1
0.005,0.5,0.002,0.4,4.596214290106205,90.49330646585513,287.93092923935455,-1.6887104135516373,-0.30987079619248614,1
0.005,0.55,0.002,0.45,4.606339893441589,90.88971594590754,289.66391038072834,-1.680081258040174,-0.31686551793831325,1
0.025000000000000005,0.2,0.014,0.5,4.610191961829601,281.6000000000124,-23.82583633107197,0.4924195058367774,-4.344113997137935,1
0.005,0.55,0.002,0.5,4.611744099152991,90.91620524783114,289.89990921868866,-1.6833164476835736,-0.31613477481175284,1
0.025000000000000005,0.25,0.013,0.4,4.8970167011981705,283.6000000000123,1.5724534545615825,-1.1202894838229664,-4.750996178556584,1
0.025000000000000005,0.25,0.012,0.25,4.954779453404398,283.6000000000123,6.454212260001441,-1.3453986368767379,-4.701523546626455,1
0.030000000000000006,0.2,0.01,0.45,4.983077796047136,281.20000000001244,-67.42877134737137,-1.2785319653811795,-4.11473303984373,1
0.025000000000000005,0.3,0.013,0.5,5.012814290091977,283.2000000000123,17.637930355618664,-1.924007707665924,-4.437262412775423,1
0.030000000000000006,0.2,0.008,0.1,5.129426299144038,282.0000000000124,-50.85327018285989,-1.7834951656417937,-4.26283973799663,1
0.025000000000000005,0.25,0.011000000000000001,0.1,5.177803015208413,284.0000000000123,11.935253168311647,-1.6285105312878632,-4.789141336791161,1
0.030000000000000006,0.2,0.009000000000000001,0.25,5.836177772187942,283.6000000000123,-58.86596254582946,-1.8588838880142773,-4.907239284071838,1
0.005,0.35,0.007,0.35000000000000003,6.239909108286846,0.0,188.49821228874816,-0.9129300207494547,-4.258162494007714,1
0.005,0.35,0.006,0.35000000000000003,6.2488708618972675,0.0,188.59779289519383,-0.950321640887412,-4.2581361560200675,1
0.005,0.35,0.005,0.35000000000000003,6.272821401761366,0.0,189.82259772695716,-1.0027556842601608,-4.258117678701292,1
0.005,0.3,0.004,0.15000000000000002,6.29341703309661,0.0,191.27697531420154,-1.0297408282728258,-4.257899061504579,1
0.005,0.35,0.004,0.35000000000000003,6.321628061797251,0.0,193.09840740512755,-1.0706494228631367,-4.258105733827275,1
0.005,0.3,0.003,0.15000000000000002,6.3693629331599295,0.0,196.8187348767583,-1.1151049776476494,-4.2575682511824455,1
0.005,0.35,0.003,0.4,6.407856828229412,0.0,199.72769857215962,-1.1525975405165658,-4.2573152874471765,1
0.005,0.35,0.003,0.35000000000000003,6.4080879102172155,0.0,199.83080772945186,-1.1479370579058537,-4.257745728192112,1
0.005,0.3,0.002,0.15000000000000002,6.5154988736482,0.0,209.07125600306836,-1.2048255740488034,-4.25759665272497,1
0.005,0.35,0.002,0.4,6.5586071986804235,0.0,212.84658798281362,-1.2252435453983768,-4.25733841260733,1
