25.806961291971,-47.01808556898058,"[-2.7735393553847065, -13.4685589563657]",0.19994513506782718,61.070124814991374,-4.754560869791931,0.05348324580619066,-0.14270654524515275,1
-18.490593523165735,-2.2108381224051357,"[1.8105100227879047, -16.906740213122923]",0.22162408126367547,67.02783509866912,-1.5997055082102634,0.0025626773287641884,-0.20561105656356585,1
2.1438679960731477,24.077255502272408,"[3.140776462882105, -15.876374807884263]",0.2913278687707033,73.3727130033235,2.27971832959156,-0.045075568714789765,-0.2647204603852857,1
-5.195278761453199,-74.11861390893137,"[-4.229442789501596, -14.472364926541072]",0.33275756689128416,68.9997722363711,-8.820600376138827,0.10319810526082393,-0.22171066302695358,1
-1.9974264230115324,-91.83628214689489,"[-0.9919751394860041, -12.438498537383625]",0.3419004366015157,55.835684258181836,-15.998910201450599,0.15776161807305317,-0.0905704450369937,1
25.393698795988378,78.97988625954451,"[1.8252304258017071, -10.023838071620592]",0.3451409963664165,64.24747589043216,13.722934445125247,-0.1579001032109279,-0.13525831733416854,1
-16.15057481001637,-0.9189008797264648,"[1.6194196981751894, -16.904630975119893]",0.34950302536841976,80.90495740487705,-0.9567789849425026,-0.004929738068863454,-0.33989948812836834,1
2.2227420149307804,-10.739526022277289,"[2.728187724647265, -17.41096003551838]",0.3500610048688405,77.02662753361913,-4.541798807401392,0.026480114983789247,-0.30348998532455446,1
-19.465419223107745,-5.469019594554709,"[-3.6491250154252963, -15.869235697897105]",0.3540172710570229,77.06669435913199,4.954473928889001,-0.03677262790593373,-0.30224376989143786,1
15.185420314466782,-20.337217907662307,"[0.061564717244324996, -17.01146081210443]",0.3879790636660387,82.24493483485085,-3.3921929786993132,0.027972820454845004,-0.35295038655092215,1
17.761397654081257,85.93774127890526,"[-0.8303213719824862, -13.224443743210834]",0.3903326004647429,52.13360145129702,18.7665599603979,-0.19143000885880165,-0.06654671251245999,1
-21.586220033692918,17.214570416355684,"[3.1579234573914867, -13.635217055806583]",0.3903473050737247,85.52411681713889,0.5230189357616837,-0.03347952945676583,-0.38365911161452637,1
-11.095864658675087,-63.26030952607147,"[-2.445208675758679, -11.013581191349882]",0.39270591109331615,78.72455707026948,-9.001314628996624,0.09590342099757906,-0.2870983171411097,1
-19.807837553961726,-113.84485277046113,"[-2.684836028719947, -10.534051186508735]",0.3929074654387916,60.10667747539719,-17.874706677906943,0.18387081911838096,-0.10980072053874129,1
0.23444049064508832,13.436116309101465,"[-4.6102551424057765, -17.823871397495825]",0.39868759630551914,74.67003659416707,10.072227337582262,-0.08421252628862835,-0.2858173963996688,1
-3.749826422526702,19.139237921814583,"[-0.18659525232139984, -19.67961520882955]",0.4154828399450838,81.45669263135812,6.158126037021248,-0.06560373281904017,-0.3477678511101866,1
-25.006846783930467,88.55916818540953,"[3.4633882353602417, -16.311645284996935]",0.4439660130356543,68.71131894491131,15.71056770467294,-0.1801822026930047,-0.22321116951527284,1
-21.415731164000675,81.9168712021077,"[-2.029685419523396, -17.182916178852402]",0.4475220713343184,58.59567035201419,20.48054716347451,-0.20240839088399268,-0.13394846422962728,1
29.93964652941675,-2.0656366094623593,"[-0.5032605404986725, -13.48072475407173]",0.4483919726490069,90.3531053011017,1.5576302292365654,-0.02065741072066268,-0.43232242121891684,1
-26.962371970205535,20.733764996086165,"[-0.45738471190102103, -11.733922799068997]",0.47073728546064786,88.42973044878893,6.656788239776233,-0.07402208823546468,-0.39733315596042357,1
16.564410530632152,-0.13115532140039932,"[-3.334145571518751, -18.6862470293243]",0.47762639763333625,87.68602549488823,5.53107234124127,-0.04246440290683514,-0.42017532433311594,1
12.897521968455557,38.98852798784969,"[3.090778083550788, -11.106645795141839]",0.48553207647936913,90.82856330762155,5.107653216425206,-0.08537530660935698,-0.42598436239785015,1
-22.103998865125906,35.902564574226915,"[0.2067549627494767, -12.637174743942765]",0.4947494532858535,87.15789831800335,9.153291322695623,-0.10282152513325851,-0.3898862810440232,1
3.1237998865183485,49.14577934105807,"[-4.951919378129391, -11.99554976470662]",0.5014012337210667,74.02027461604308,19.31808220156927,-0.17513446334742902,-0.25362914252868957,1
-23.074066160259036,57.497688838814156,"[-1.8029743363462902, -11.235978303969215]",0.5081281750715265,80.06177889623005,16.60037086662851,-0.16626940664973291,-0.2990044061973284,1
7.564009505402957,57.69221329387517,"[0.04009717136522983, -12.747374871337326]",0.5145206765034835,82.74670417018824,14.112872249911106,-0.15141045689633337,-0.34131572606261057,1
3.960498711666112,-10.726655637242231,"[3.567736229967764, -11.846233287376066]",0.5563080198775476,94.95648816347646,-7.0072538615886515,0.033906569243878575,-0.48505184032211374,1
27.47530048735203,-62.67637913053281,"[-1.2090307097916488, -15.177377287250277]",0.5613728913442824,89.19056586932675,-11.745064198624277,0.11905749858072504,-0.427659064567562,1
-11.081406519649622,-97.44987970543235,"[3.3742750444302594, -18.250508979996077]",0.5726974100060311,70.78178173981998,-24.240336423944427,0.2232921486517704,-0.2433819488362599,1
5.316558201111533,46.82543229921674,"[-1.539782391879462, -15.447906104073088]",0.5800277412621155,87.76427309173542,14.486513068673048,-0.14354026246137003,-0.4108073644608933,1
-21.051731149732117,-114.44556138746088,"[-2.982112189710786, -10.721254325179746]",0.5832072429366726,82.41606061515255,-19.655474264794975,0.20780290555116585,-0.3260645770764038,1
-10.930722014932591,82.92248413177435,"[-2.0830110490228804, -15.30622813227356]",0.5956883454774913,77.04046413356456,22.560938558191992,-0.222685407906221,-0.2955835679854817,1
-15.740627762455764,42.807999182299625,"[4.776453555637778, -19.74172088263251]",0.5979344420526357,96.3003908883247,6.8481566918280805,-0.10193511648304986,-0.5195474752278388,1
-19.590636345331486,25.833600385994202,"[-2.901215220198099, -11.604309628991619]",0.5994223381654593,93.81886954760536,12.020457301596252,-0.10993830780802856,-0.4664367426684839,1
19.51868118838516,110.28534103215179,"[1.5903924126087352, -17.041410265669285]",0.6035026903166641,73.41002848347456,23.650044677838196,-0.2510740719643015,-0.2676797660440499,1
5.958220907474178,75.78405591486853,"[0.2476146470952676, -18.44342730894621]",0.6066695018702188,83.46810635250488,18.87543887497486,-0.1963197569604899,-0.3689330492128207,1
15.669155163555239,26.767051778600035,"[-4.285050428004822, -10.616401382820252]",0.6215965181416867,93.37542113599517,14.616040687250461,-0.12613870852587625,-0.458397777165407,1
-21.894103894427666,-25.106983397676686,"[0.9703323438248344, -18.73475341576307]",0.6222860743527862,100.42986054968028,-5.789063265869572,0.04743707446548235,-0.5623983806619857,1
-7.511337059944783,66.07209618854478,"[1.513965889391736, -16.60745395636221]",0.6311119634431789,90.59456234187574,15.317283748953741,-0.16985236954427357,-0.4467392759513386,1
0.04957942017647099,14.466430835091558,"[4.30575902989839, -15.441463322690662]",0.6315204769939327,104.69401399348814,-0.5594106040571205,-0.03340206368874744,-0.6250344982448393,1
-25.88971772035819,-24.815661890641593,"[-0.1350528481968425, -16.535120989346623]",0.6319537220744803,102.31242629255297,-4.4291408388389755,0.0397714383880981,-0.5863149559881881,1
9.876165229822327,53.15352120963058,"[-1.2369046235410295, -18.177201126852047]",0.6332047525057305,90.65031801409893,15.90792046243132,-0.15840707850050278,-0.446880557458914,1
-29.799010621192362,-53.457950525499115,"[-2.7981156818853847, -14.436803186754565]",0.6363088455584401,99.17382494339795,-7.68708719658207,0.09070452430972996,-0.5520358100405824,1
-22.46623737576863,-97.40163481799442,"[2.9127791333323003, -13.136590958885659]",0.6415774390852366,80.19603067695056,-25.08586394334816,0.22712716982518255,-0.3179220488240961,1
5.3277981425233705,55.92315429923508,"[-2.2761489769736185, -10.22514559609192]",0.649590908650848,92.6337097758932,18.024228058470726,-0.17676314124708614,-0.43479066982173303,1
-16.27793221211386,19.60125317617309,"[-2.0129273008317172, -18.51419663219364]",0.6575720526442633,100.08293301054006,9.10398637578055,-0.08399791798812456,-0.5602705335979588,1
-27.644935312293732,-71.12335363275596,"[1.4231449720014853, -16.46247047300883]",0.6625652421609727,91.91289261868506,-17.506852295743556,0.16156712945249913,-0.45994468571197966,1
-5.600335728666472,25.85763948340383,"[-3.439094768140445, -14.749669001806131]",0.6646094659994687,97.22430063920407,12.710720214286084,-0.11135407781846986,-0.5258411861048701,1
29.860551693775925,-90.01570642683777,"[2.7847499917756044, -13.790111759715504]",0.6656670645535698,84.97672867200549,-23.5630900864071,0.21235910794497187,-0.3739447972008665,1
-9.727119729661968,177.0014839861273,"[2.912949104489229, -13.32096926720487]",0.6763801268509435,56.038798769689386,32.00467358488095,-0.34107294863772675,-0.10316360429262995,1
5.460077562920517,70.56406014307407,"[1.295658396270535, -17.334461201125784]",0.6949180302448277,94.11303579321745,17.171762939013206,-0.18688104297446212,-0.4886861316134226,1
-2.993494707911154,-19.293056232738138,"[3.42166515163046, -14.306944849517038]",0.7053803761321747,104.73930167766522,-8.190622104323666,0.04885436567050074,-0.621557135763719,1
-28.863633937387718,-37.5471623720226,"[3.9663609701718414, -16.00251550250428]",0.7062979134428059,100.24252455737428,-13.104636522532019,0.09838287705462745,-0.5667761050265513,1
-13.481175324779375,157.69723274344074,"[-2.241618640574333, -10.72983652793986]",0.7182747244029082,57.59899715261478,35.38437842640087,-0.353961134619847,-0.08672615124143719,1
-26.071735936844362,4.0878407993687915,"[1.2206363097680049, -13.804462922631302]",0.7185995029949621,111.41184816502677,1.0082620517173382,-0.027860925010245775,-0.7079688846366189,1
7.079963646580154,-84.49013748458273,"[1.8533399530481462, -16.4558288240942]",0.723748756656522,92.77276442945002,-21.367797345542385,0.197727907880295,-0.47018706736857757,1
-19.816954179816413,71.7707524616427,"[-3.0761297741436158, -19.48670151197794]",0.7247636818101052,90.58856551073201,22.64711407323921,-0.21567365149996018,-0.4491996577718622,1
28.994464544882184,-176.15171829210232,"[0.4960750682959949, -15.849190296448425]",0.7254542720609722,57.73249051979211,-35.53681606603186,0.34907770499749713,-0.12291658035162438,1
4.647096114123329,-149.15050156527036,"[-1.0206625958695623, -14.781000242425641]",0.7301790791786509,76.82945359302748,-30.56696083647239,0.3062580829952817,-0.29396305449966914,1
-25.62916904715363,-122.05541635750639,"[-4.321003592136194, -17.572323978671754]",0.7434101187716109,90.65106671421994,-22.380744895122916,0.24605268725511792,-0.45765162468738574,1
-5.92907983321367,-23.765261215808465,"[2.8310816042668954, -16.439976834001882]",0.7519507577172508,108.41003808961324,-8.096332865676686,0.055048649330273855,-0.6687254864023882,1
-2.8756061675303,-28.033003165156487,"[3.708484554371987, -13.934562616967805]",0.7557962647335579,106.29014871349752,-10.920029828472252,0.07318053885672009,-0.6424414000985176,1
13.526031105305954,-24.069137198880156,"[-0.387825666847343, -19.780068033051702]",0.7568528257576198,112.61240532675652,-4.079744731149731,0.04006601722233449,-0.7149335768206437,1
-17.990495857114368,180.21314615305602,"[4.1479658546691365, -17.550315730089153]",0.7568982184496614,64.09483356738022,34.314718068420916,-0.3675654643185801,-0.18996197170027296,1
29.510362705808845,-56.64159114272704,"[-1.85531585147762, -15.663946633333843]",0.7639802746949826,106.98931029442556,-10.367022722553884,0.11280900273150815,-0.6506024036935475,1
28.573474559566463,124.93566911936972,"[-2.783351914690523, -12.950311462912342]",0.7668882977510949,78.07737787287554,32.91615194344695,-0.32401485911382655,-0.29431123581830726,1
-17.387608810351523,-30.507934692346964,"[-3.2542812894154025, -11.80541177442624]",0.7690867359439839,114.3283409400909,-1.25353156600886,0.03461384363735528,-0.7557591768296485,1
-22.168534335340944,-85.83893287657213,"[-2.0595627693474117, -12.216053595616232]",0.7804535820110388,102.6831164438577,-16.63080901802732,0.17618176760295137,-0.5883321085070511,1
30.285018981398608,-50.80647937942413,"[4.87821072632263, -18.690685172807264]",0.7806560568989721,102.43050474047277,-17.121703133735537,0.1360599357930654,-0.5940569162542255,1
-17.75631936881785,47.59659375960371,"[-0.062384107214946916, -13.844344810365731]",0.7813756703298732,105.59899111129755,13.746088092451828,-0.1463823046939038,-0.62705540176881,1
28.095756718656823,-87.67037478228573,"[-2.1867813152906033, -11.68801985296604]",0.7826995317483744,102.78387592008595,-16.806822749415915,0.17882765515695276,-0.5880410784293081,1
1.2010472833608148,208.65418065092194,"[3.354492092461822, -12.782733242888533]",0.7923795251374992,57.04303712990875,37.65090296486915,-0.4008792413983403,-0.11065307421846717,1
-4.594550476796812,91.94971398114217,"[-3.16648730416171, -12.959549049018001]",0.7931911310196933,91.00446108660148,27.740770745761438,-0.2672471560665423,-0.44114793164624944,1
-4.687011225774288,-167.43171429733565,"[-1.3999188657277175, -19.037989742337096]",0.7960716206567957,74.56049081983943,-34.62516194165619,0.3493087923179352,-0.28341030525573624,1
16.87319612054803,-171.52863673937185,"[-0.9021560625478129, -11.549774483159672]",0.7966026118863974,77.15737107465401,-35.15565600276932,0.35033980868213077,-0.2744594810306039,1
10.737992929333927,153.6458696597009,"[-0.8676190327937041, -11.23535053218668]",0.7977738637160736,75.55852180451673,35.57162917705227,-0.36341617535939635,-0.25168150587904625,1
21.291794524116796,141.41612005240893,"[0.806691462217529, -12.521485785055315]",0.7997776405437627,82.95056258481812,31.85359948493351,-0.3356860663186397,-0.34483095341079645,1
-0.14114592915172253,-69.87488366358875,"[0.20385453047839697, -17.34307060550112]",0.8038764231749183,104.92167327085978,-16.464287090514517,0.1595440840002233,-0.6190034083976941,1
-28.681356385073755,-50.06024934193471,"[2.3069542694698244, -13.088579182008662]",0.8086306664631956,107.29906442033506,-14.598449195344983,0.12074320705000399,-0.6515527841577229,1
-28.528557648529024,-107.92438009010914,"[-0.07093171509371388, -18.434360150711722]",0.8139464010316463,95.74419208049498,-24.993404284710778,0.24714854653219917,-0.5069788320353282,1
-14.998780758681836,122.82089483248876,"[2.7380685955030053, -18.423925466510337]",0.8153629894281724,90.08408015802985,27.82195838853613,-0.30134093593659517,-0.4446534363377681,1
12.491721057596152,-77.98169347846044,"[4.024567839275512, -15.890362298100218]",0.8178629830394897,99.03374032110891,-23.235041487927447,0.20047480102905313,-0.5501225514609742,1
21.1157684717544,-206.00601747301533,"[-0.814533314139859, -19.70424667850147]",0.8179637620055531,54.87681212830559,-40.16419072744884,0.4010837923196555,-0.11160501003627532,1
-13.329256048245842,-54.35071864629316,"[3.111502312455718, -14.131099469578682]",0.8227893637017942,106.29567213196364,-16.69359640181392,0.13700443731045456,-0.6413840238373995,1
-11.431435524254066,-180.32052714130003,"[2.382970866833821, -19.004274614130686]",0.8264177369576597,63.748728128445926,-39.97478296173176,0.38697982992177804,-0.1797048164728142,1
-30.502617399704143,-136.63588097372082,"[-2.2091255102723864, -15.59824651488865]",0.830245160757705,91.78597935529427,-28.27427184120552,0.2929209008175153,-0.4625540727728025,1
-13.147869817514497,55.001676581946526,"[2.4521940826584165, -11.911016009533048]",0.8305094315835908,110.38707783478759,11.869588682299764,-0.1517613677245533,-0.6954473450743872,1
-1.279382682959472,-195.35104539617674,"[-4.541490351066335, -12.247154672788417]",0.8368784059428983,78.60992632719774,-35.15446041832911,0.3738010460600805,-0.30955076658736164,1
-12.296464803591281,148.617226805533,"[1.4269878763859687, -14.979735631295739]",0.8373356057419825,83.02986051847206,33.36390853698458,-0.3518749945170652,-0.36040834184104803,1
2.816589575241693,-26.038368771301123,"[3.931631411129029, -19.103388659298055]",0.8508391742771618,114.93977371725016,-9.634247665010662,0.0647335998350781,-0.751714591971264,1
21.030320352064123,-209.11342584342546,"[0.8118105365806745, -13.99826378857964]",0.8554547550967295,57.61441884226705,-42.42152866859669,0.41604118445172333,-0.11347780379970474,1
23.131219346135552,139.53015928327477,"[-4.446870170610808, -13.20176730057863]",0.8578740084707923,77.32062763971443,38.560055961585476,-0.3711806395444501,-0.29200538234887113,1
-9.854603256517255,-226.96643328451677,"[0.30895432809588463, -11.223432158524417]",0.8625683363628724,50.409163930313376,-43.39224379722373,0.42675849375203023,-0.0401807692511368,1
-30.91343506676378,-137.04753025011036,"[0.6092159787902363, -19.75494543961289]",0.8666539685447319,90.09538235620306,-32.341347907297404,0.31742895779463803,-0.4408504124472664,1
-4.243184527925273,172.90005097149213,"[0.555200022648644, -18.3465681278998]",0.8720171453881123,73.10041032718061,39.111222364982495,-0.4004916752199685,-0.2662253966690849,1
-14.977224600623021,-13.733935575665754,"[1.9666520956888647, -19.85598737172193]",0.8721859429497961,121.35852822077283,-3.8795424495183397,0.021529467331334914,-0.8331123803464195,1
17.08995673386505,-43.822101687593204,"[3.432542663038433, -11.50354400080307]",0.8727772435780115,111.78026000236571,-15.204326259947265,0.11306547711328757,-0.7118101356557923,1
-8.398276715451154,-189.5099194394697,"[2.6998411641555675, -12.622526762240721]",0.8744232187777343,66.57919315598082,-42.779868933305806,0.4088294351270809,-0.17981090977844022,1
23.35879818200231,-125.20767619936224,"[0.9895074642305115, -18.69935759278425]",0.8823693509880752,94.94208111387269,-30.463891189612696,0.2960268204538987,-0.49612557062232787,1
-10.878878373005236,168.9869498926709,"[-1.5484158747957766, -16.21902818253515]",0.8826158777412116,72.87647690861414,40.36620761227459,-0.40435119277023746,-0.2567038312726687,1
-12.4699341289293,-208.7803604194707,"[0.6275522693996205, -14.830007733051277]",0.8850347884401797,62.50717542879261,-43.184154974445846,0.4246639775925754,-0.15825491377764386,1
-13.272949564995518,151.775646105879,"[0.5782810213821268, -11.614333345216236]",0.8916365720947783,87.89117350428288,35.16623844764308,-0.3695788076470929,-0.39367960098568416,1
-17.485058879053526,3.776814701055798,"[-2.917852360625929, -18.99123780985353]",0.8959099892624313,120.70766560920632,6.47121004286555,-0.0463224208728899,-0.8299061174170249,1
26.494250641751762,31.735881365369607,"[-1.8327550418855152, -12.791899417056072]",0.8977055396816631,115.06276329137921,12.814788455802955,-0.12132346403872223,-0.7599339455722651,1
24.46173142185109,72.06701445016142,"[-4.818456687858362, -13.787664923038943]",0.9007890571630743,101.91363538526818,26.569460813316255,-0.2395971290087647,-0.5881650915851472,1
-19.239843133501083,18.852695539686465,"[4.63089447850655, -10.27809975928758]",0.9031239185515769,123.66012876774944,-0.7163158288940394,-0.0537953838631585,-0.8943443076385162,1
-20.418112702858934,65.44832418460209,"[4.5528904527819005, -18.06543410299948]",0.9093437268450196,114.19139623828116,14.05256740094137,-0.18144772899499584,-0.74709967207093,1
-22.303450231044028,197.53077836974506,"[4.57010326100376, -14.242664438403141]",0.9145214360445418,78.26973802950135,38.68829462220265,-0.42466222465376074,-0.31315231261209536,1
-22.218904649760823,74.81970300503514,"[-1.3410269202141603, -13.637245470510635]",0.9152669785540322,107.32345588792674,22.65969135912019,-0.2264883553244843,-0.6503610407137861,1
-3.2481315039533207,-90.45382285379873,"[0.519178700632704, -14.616130151705162]",0.917566144577003,108.03124327847978,-22.317285125441686,0.21503918525127663,-0.6602576728958583,1
-30.850307907186405,-147.44257659241677,"[1.3513313433034346, -11.024623973379455]",0.9382929855754814,94.57615980045964,-35.960929218652836,0.34297771913520975,-0.46609130132527576,1
-11.227830662538242,162.94585887235462,"[3.4734606553062726, -19.533391080817285]",0.945233825656087,88.11008667918482,36.665435506070025,-0.39280795310285,-0.4248012662099622,1
-7.73564399903584,18.38356698931534,"[3.534723979411366, -19.727472879612755]",0.957059755453854,127.44365319005581,3.6654641926625118,-0.06809036442622254,-0.917883040087012,1
-29.72754792473005,-81.36476722761128,"[-2.5722439469601843, -11.290103465999707]",0.9644405458868115,116.75485840828415,-15.687080259462164,0.1760024332831792,-0.7881573661137816,1
16.929848024841064,-134.80452929184833,"[4.630206627718639, -12.028632485712661]",0.9686335228145688,94.18599476369533,-38.17559955997967,0.34216534969352413,-0.4768103453353692,1
18.21941434498722,-209.37059592069818,"[-2.4256740931492637, -14.498670100961716]",0.9760084423756783,80.37712356174696,-42.6355321177266,0.43653420930297226,-0.3340006553158024,1
24.490509509162912,-29.550167279774826,"[3.508306521195939, -12.790369899651061]",0.9822137611179524,122.07612317593879,-11.363376969998171,0.07381156573736487,-0.8654380707220134,1
22.360500016008373,148.021166707332,"[1.4301180396921422, -10.855435141941395]",0.9823889195352753,98.14825487398868,34.53306388309284,-0.37281508227207033,-0.5165773586254511,1
-21.27855614221171,170.05912524440197,"[0.8694555610340116, -16.782864742407156]",0.9848128834253491,86.73085695522919,40.34440206896261,-0.4176602272401493,-0.40441277074337645,1
-6.194559286739025,-35.33759486016251,"[3.6820999797417624, -12.677560448609341]",0.986466320869882,120.98100318610975,-13.219343214963828,0.09090765896196659,-0.8494221364813166,1
14.6729145293288,-44.649320946774935,"[3.8152358085023153, -10.933392872044326]",0.9877436044370195,118.68018318076366,-16.286296149505688,0.11770803701378134,-0.8164391545747349,1
4.31626838739696,99.81153861719855,"[0.3762110763222193, -16.304115532985154]",0.9878524346971679,107.75618890531689,27.134027752138536,-0.2830631779690338,-0.6582286142813638,1
-18.50981642538495,-45.794790794217846,"[4.080558881441689, -14.15761691872497]",0.9896611328709278,118.80451696662625,-16.226840666148746,0.12140918464735603,-0.8184366397391762,1
20.639761849139646,17.64594873842009,"[3.285917126408119, -19.856263642029987]",1.0022659132686629,130.42955204987797,3.9307451703189145,-0.0687216529490925,-0.9605031666353259,1
29.016819918696086,-212.15683798739644,"[3.079371438941564, -15.975569206232311]",1.0028350173680354,68.92009008862524,-48.60261155965509,0.46800304954176297,-0.21923637145751643,1
15.810077725088647,186.22421922169502,"[-2.267961750017048, -12.619752641391933]",1.0033371923424186,78.77599574889788,45.79539605176433,-0.4570797058832548,-0.29752480909213896,1
-16.44669631770512,121.00791641212624,"[1.6259326351071612, -13.106194219651583]",1.0044091262987664,105.59589933124599,29.676373314125158,-0.3225902856250847,-0.6298392732097452,1
-24.717253111100625,212.06883837581552,"[4.796686075156892, -11.670318202075272]",1.0053293464412476,84.30789957201554,41.46254236291861,-0.4625011094501371,-0.36745591325076005,1
26.598926296839224,-99.79797337409241,"[-3.798806168468994, -13.481140300042837]",1.0094552199928686,115.97041994126369,-19.235922575414406,0.22289482025508853,-0.786106712160901,1
29.681898798677807,-114.23571215864504,"[4.666550152026186, -11.048107677094546]",1.0150808759179262,103.88088772008352,-34.64009931918463,0.30046839674015036,-0.5973705115947452,1
28.663549071389156,243.43921949455188,"[3.269102181159951, -11.24830731212682]",1.0185301512480782,70.50585215140552,47.13707472065107,-0.5037741842945167,-0.21352982149928773,1
-27.22189158596617,174.91905488337653,"[-1.2448521713356109, -14.93630740950464]",1.0211283768154695,85.70176266877837,43.640881704450294,-0.43974047179965664,-0.38538977806912367,1
-11.464477176511224,-75.990239616537,"[4.136901735367493, -19.927827989313823]",1.0353271859806072,116.97499918456656,-23.485769487402194,0.20382850761262028,-0.7740835521291275,1
17.462601780817117,-149.6953484587466,"[-4.7399124018910825, -14.91889870248135]",1.0354029549885393,106.38779419022042,-30.03007740958583,0.3352012231539523,-0.6542288256789593,1
10.255536276434533,-120.58129870502009,"[4.697975952248331, -10.813130218485732]",1.040084643261166,104.03915022487443,-36.333499204907184,0.3168212812744709,-0.5980086672844246,1
-2.916744715760892,-186.85042218842824,"[-0.7645274040757695, -10.3934297544172]",1.044955703766715,94.84283195621471,-41.767109702312155,0.4175021941985013,-0.4681643896078616,1
-21.3156420952603,26.174737212116213,"[-0.023248781483965253, -13.438283300411388]",1.0475799792415759,128.00621939106247,9.388998241503941,-0.10116973217752076,-0.9483086498277488,1
-20.49015930891392,89.92435158657162,"[-4.675691248404891, -15.103945921217038]",1.0477786652724457,108.5170651368551,31.461839844661426,-0.2879368234213648,-0.6742524472110858,1
16.406587608555824,206.9797896809984,"[0.9258687561859427, -14.254548020663288]",1.0519546293495765,80.67492908632588,46.61116668040859,-0.4830165598664265,-0.33152221593564435,1
-7.438540742279301,-244.9496988448141,"[-1.8859022106048728, -19.89808577307734]",1.0620648140482905,68.77509537493886,-50.33106744643101,0.5083721388731778,-0.23187056070088913,1
-27.798436278441713,127.68807070476794,"[3.263231892138972, -13.890228658289885]",1.0767534896373427,110.1929752834128,30.05180737963019,-0.3401969054249977,-0.6977159066161304,1
7.0676984875490945,-68.66520955961082,"[2.692271432799548, -16.924844562828575]",1.0854497778169683,122.76780494851296,-20.394360774855613,0.17976496257094793,-0.8629818573414776,1
-15.674416564087919,-232.9388076581848,"[-2.4301118221487084, -19.214013169841564]",1.0868383713471967,78.28166824030548,-49.08830138855183,0.500191308890815,-0.32399296689491613,1
-11.782961735949616,203.6284505888812,"[-1.7461416751943872, -12.74437185269672]",1.088876358734808,81.26642120369061,49.47847694525353,-0.4972117703983195,-0.325154227764772,1
-18.829957298920675,88.75248383409144,"[4.3051473330233225, -17.18841884564793]",1.0948580410454676,121.17111705436187,21.30117740159494,-0.2567394128040654,-0.843645489875291,1
28.24332215901059,109.39746220524853,"[1.9139181082731191, -15.377100380740446]",1.096283613069433,114.25619565080667,28.375177173340035,-0.30942443387709584,-0.7513085337627693,1
-16.809888639884687,-2.986834328082068,"[-3.6615380375441853, -12.031036696538074]",1.0963902595655277,132.35423492040545,6.555222632412097,-0.03237806539281255,-1.0303294190007535,1
-25.380924305358054,-11.249396367033881,"[3.2723420451025262, -17.336553526655216]",1.1033685527405384,136.3481653446207,-4.844741569707367,0.015720091401856616,-1.054804002697844,1
3.2874520540644596,234.63021380514914,"[4.363420554384968, -14.378501638859262]",1.104151361341133,81.16975991250021,48.118616300302165,-0.5198239096864817,-0.34332017310187696,1
-21.88713556115873,88.82951288333868,"[-0.5593416193201435, -15.786334311669387]",1.104298495274199,117.69805601438209,26.683216582890964,-0.27119429215260915,-0.792340525821071,1
-28.239064008752337,-56.06139409320116,"[3.9488567358320132, -14.196702757027701]",1.105537494384579,124.80945593558118,-19.042063391503234,0.14989292571777124,-0.9027574309499793,1
23.179525731897705,189.4382408288629,"[-1.1529235349453728, -13.248941020873836]",1.1055569742419904,88.94096227776322,47.23307752902383,-0.47791767975938376,-0.4154155875894536,1
24.57410100859599,-149.00326772861183,"[-1.973623627088549, -18.298089893783963]",1.1064612616212282,108.09150183950237,-34.85155575640556,0.3610986261522279,-0.66640038452097,1
18.534252050197573,53.82039130769124,"[-1.8290851004651043, -13.56292960331071]",1.1087413967099706,124.42154487306271,19.388276192265494,-0.18561597458831258,-0.895830916871338,1
-23.05219999298958,17.526102044870754,"[-3.894035101398776, -12.830078572235935]",1.1129084904195856,129.48100580927525,12.534958397796345,-0.09274530679437626,-0.9831942339943769,1
12.70520579373288,-202.44727049196666,"[-1.130960288089764, -12.806650722173671]",1.113520974143006,93.85213365230915,-45.270377412000926,0.4570837549730066,-0.47723559463435883,1
-3.891780063266193,-50.420282850829125,"[-4.840406242832827, -16.749381377887385]",1.114093800128474,134.32334103995922,-6.747428948785,0.11208186384230573,-1.0406008148426822,1
-5.118811379041727,157.97524903261365,"[1.5430018148399398, -16.810279049277277]",1.1141462572690868,101.84107061559236,39.62328727738213,-0.4168878874232719,-0.5844690898218726,1
17.02006929724704,71.7916628653386,"[3.832742955427145, -11.448213606967052]",1.115224945374132,125.94578821919923,15.786832804520145,-0.21028173440034126,-0.9339771329754689,1
21.52743619354146,-39.52197556528537,"[-4.037475041973083, -12.40102574009201]",1.1163453839045716,135.49229348891225,-3.5450107558199306,0.07663634430507757,-1.0781750642448815,1
19.753579880753477,-248.47436711946176,"[-4.561113974426706, -11.27018940279067]",1.1166167888710177,85.5878611268574,-48.11501024301697,0.5081737897161557,-0.38154594614755294,1
21.022350779639588,-183.34606125397033,"[-3.949162558076522, -14.390003505247577]",1.1218587771218371,102.5632818630682,-38.79263955597389,0.41587021166988514,-0.6047385449523276,1
-9.636884872257614,-60.02849666701417,"[-4.418504341130083, -10.430046541852558]",1.1227946510655142,132.0232207036709,-8.017069358101253,0.1268166750140972,-1.0348827216931458,1
17.87305083804649,-215.9847360182388,"[-4.970683366034815, -17.66857893929857]",1.1229834691697151,92.24854354940359,-44.64917121674989,0.4754706673007539,-0.48121589939290366,1
27.120612395713586,37.910011437201376,"[-0.7749482005986632, -15.637996685790075]",1.1262805170877601,130.5131203966439,13.994941901603852,-0.1389291298770917,-0.9764976865794215,1
16.106277644203274,152.05390386924842,"[4.099900967767914, -13.65793235096909]",1.1273469675738774,108.08128405765873,34.6444502930608,-0.3937840034050167,-0.6743462151953182,1
19.021468724466317,-150.40238313608324,"[0.5829032825861935, -19.123286777358146]",1.1329887678981851,107.36452608727133,-38.24529507354691,0.3776308532761188,-0.6486130984632181,1
-3.7903302022089775,78.30678540580885,"[-0.30354098855795986, -14.984342826689623]",1.1380183534814008,122.57752836158089,23.966462150667212,-0.24601743684349595,-0.8640109076405684,1
24.67322738119497,-173.2329532121169,"[3.290065659193992, -15.282272754040655]",1.141101456712788,97.86671316360679,-45.671915820861614,0.4318355376062466,-0.5309399202981231,1
22.741434773073514,155.18293362205628,"[-2.053101493650964, -10.459966183566378]",1.144853349137213,102.93986957239903,42.869885456157135,-0.4287438636749306,-0.5736339943395834,1
20.378632145905804,-183.48522700340357,"[4.186614539059683, -10.34271229096311]",1.1451087546361804,94.77055251439401,-49.33903325274423,0.4551969906912498,-0.46640390369456985,1
17.554107312715047,-45.61721022370247,"[-4.015086199185865, -10.988437479969292]",1.1457514449753134,135.9719824922361,-4.975340221149054,0.0927806587504347,-1.092063853034229,1
1.5914681459194497,-239.05726961525403,"[-0.9372892412880853, -13.647663224541784]",1.1517099103535298,83.25719672774059,-51.923630791704,0.5214430571748465,-0.35793853648795726,1
27.00885412771153,154.43869080542186,"[0.30110154745236706, -11.425589946878658]",1.1520742896285499,106.16495970893178,39.73370062108552,-0.41592223700898806,-0.6297912826819378,1
-1.6193542406672776,-163.77424332099372,"[3.96950556805759, -16.200246516924924]",1.1528267051277759,100.74653805096308,-44.74979623879335,0.41822186187346944,-0.567960482415859,1
21.359880511010267,-113.16426318021212,"[-1.8567877031174285, -16.168717019657393]",1.156330610978593,120.91593408582061,-26.781371332962408,0.2827747668194319,-0.8423186503087559,1
11.462802036653244,-2.029902976256551,"[-4.079634429433869, -13.866946852161341]",1.1584488505886519,136.6931845464919,7.071793040036027,-0.03202703072017622,-1.0872593177512513,1
-25.22093722851658,40.62516795213094,"[-4.781539117101876, -12.57375128340321]",1.159227192229799,126.75859640141593,20.285193399960008,-0.1632067033475865,-0.9423466488173514,1
3.8994087948554537,-175.57094896740972,"[3.3582149508397627, -19.45418979756814]",1.159765936074616,98.33307485275262,-46.410243685075784,0.44279448954921846,-0.5365451930427015,1
13.884310854419475,215.48228507105347,"[4.598311448408596, -12.684469764734061]",1.1641131132966467,94.41930257559126,45.76998367206397,-0.5077178290653379,-0.49116425294602883,1
-7.783834496598658,39.574421221115415,"[-1.3954733649606998, -17.04497185098477]",1.1651590330153325,132.59817189296493,15.408375092996721,-0.14667874841642142,-1.0003792135020566,1
0.8605620998852714,-171.11378977720165,"[-0.26491768661434545, -19.632884894051102]",1.1675149938009703,104.49689440805174,-42.24053569960506,0.4233172591532791,-0.6131809430849224,1
23.867774413830155,183.62225132082062,"[4.810302267424747, -15.283692660449619]",1.1788313350123776,103.01141936413075,41.369941328756795,-0.4623229294393817,-0.6096592216614859,1
28.961353744520736,69.27626325453224,"[1.5877296016772702, -18.889930462251247]",1.1817522266729306,129.59409951519788,20.54695290553127,-0.2240557973001786,-0.9502246604691514,1
-14.503973340333712,-15.003486169935229,"[-0.44356881836561257, -14.731018539254581]",1.1912031359370143,143.60914959683174,-1.6338382318158438,0.018919144607872744,-1.174712413854217,1
13.71256634226431,100.74624041388819,"[4.849231640718713, -13.42037419008047]",1.1980339472929133,125.29991261215949,23.04284806767282,-0.28986402979760034,-0.9231680146403586,1
-9.818885339409942,232.24594617396951,"[-3.636987760404997, -15.564893826227966]",1.2025726572963749,74.73594037767118,57.41451641196818,-0.5655541659750041,-0.2739883200588305,1
8.030300457464236,108.01359680790267,"[2.6972730364475472, -10.97473356071304]",1.2053874097462203,122.96212895136449,26.79535939831021,-0.3109097134768075,-0.8843739644528038,1
-29.556302942516073,162.96334496715673,"[-3.373064565706442, -12.140749097624003]",1.2075869275170414,102.18819519189252,46.96495144696382,-0.4581583625858415,-0.5784829646305536,1
5.614403275752295,177.83545917764235,"[4.533163497072723, -11.270241312283444]",1.2199329895713555,109.23980348932274,39.507036698667434,-0.4542612154727189,-0.6885093276452587,1
7.501903819941909,183.05485971216387,"[3.9111320515139525, -17.202054014008326]",1.2289427187904098,104.91939325442856,43.86503731423363,-0.47716381075278835,-0.6299814991710558,1
-1.2557503468111406,-231.73490163176896,"[0.7506143198577337, -12.608190398107634]",1.2300295149253868,90.64491800527671,-54.29575636172194,0.5343738838535224,-0.4318708354701841,1
-15.546758151287392,-238.85561634337904,"[-3.7886688034377505, -11.053318972693004]",1.2345922136640233,96.87197462934253,-49.853074083735464,0.5253446297757742,-0.5155574766653271,1
-24.95130666473883,-17.350090272462523,"[1.5141524291238548, -12.293558730849593]",1.2418531093825957,143.49674079964822,-5.005325172756784,0.02890795069954756,-1.1914492146511733,1
-5.804572051609092,84.16725014444143,"[-0.40126477722858933, -12.324194666657819]",1.242427144250806,127.58017400254306,25.984433542549596,-0.2673666564501896,-0.9455072962265717,1
30.100767821734543,214.70191275545352,"[-0.16579212394718912, -15.533343676956108]",1.243443232674311,91.96702981380312,53.16130063246328,-0.5423883927755218,-0.4609957727869318,1
14.537138889726435,41.76942974184277,"[-4.766356981667536, -14.015981097078665]",1.2439103590816243,132.55104667672464,20.584002034402147,-0.1647519929568833,-1.0249130738670167,1
19.80227286340328,-116.27383423190491,"[2.910694670829013, -10.49799443132127]",1.2468397480005318,121.27911043566424,-34.14851401276246,0.30800906636639774,-0.8513503280276608,1
-15.979812720552612,104.86650779532295,"[3.4158076340468995, -14.701392092120738]",1.248510426509072,126.38816793798982,26.87301965249435,-0.3114634169250688,-0.9289563170489301,1
-22.452687155126107,-108.95289784446584,"[4.639775254399364, -14.158754504839806]",1.2525211686115827,121.5659250455641,-34.36276534941135,0.29982405553505526,-0.8580168748603383,1
4.1623109983525595,-125.55250618509633,"[4.8304717062660245, -18.463241973671746]",1.2645740498411622,119.24342009062451,-38.33506397670408,0.34631719016219814,-0.8103203701381466,1
-1.0411392838372002,-145.00373380438336,"[-4.416441940690985, -16.517053785272914]",1.266628295598876,122.04454446993635,-32.621627166940925,0.36506615255454683,-0.8666611096675194,1
-18.65617129276485,-112.41655027140007,"[-2.705335245501499, -15.033067345665891]",1.2671951711529277,128.7091117118203,-26.26640572377437,0.2886536107327569,-0.9621651894735241,1
7.624253939055031,-160.7043050603478,"[2.909678827901601, -12.81250755107759]",1.2729944417388335,112.04176327256133,-44.46251584991751,0.41757837788030283,-0.7154187359454882,1
-26.471501125642305,-234.92318752654774,"[-0.9360697261648054, -11.728436349889824]",1.2737875589275882,96.29973042898855,-53.621258643220244,0.5401306797544423,-0.5022705335171207,1
27.08949885443461,160.07228134359622,"[-4.723212723869531, -19.660263565825076]",1.273962330265746,105.46807659085627,48.990775887194104,-0.4678061995563112,-0.6292049988518876,1
22.729316825680222,-241.40461993079538,"[-2.605675338628217, -18.62878211833634]",1.2776235584447262,92.50288508739001,-54.252985619306855,0.5567021025177352,-0.4800474144731765,1
-22.732541107765314,-61.20809101125741,"[3.364006403131242, -14.91986760591397]",1.2788618754837129,136.10313064682705,-20.02866077789122,0.16573083173842404,-1.0657663437713598,1
7.093804567340975,191.3386300347284,"[-0.11765873818376171, -11.922921099292598]",1.2841290841908968,104.28341241977037,49.344686458477554,-0.5091701312139711,-0.6049166470521455,1
-8.809405104273985,208.8883731717263,"[2.6180389529072254, -12.600673768702464]",1.2850527717498919,102.24339443566815,49.27022991775084,-0.5300106150383548,-0.5889889806544298,1
-24.346303094640163,26.949801706791504,"[-3.9519372499933434, -14.5266188818471]",1.2860706224453289,139.6247772284071,15.369560598734097,-0.1173630101529065,-1.1262766541778613,1
-15.598862940604,-210.31819488044528,"[4.329073399354641, -15.633575555388742]",1.2874173487393665,95.56596925784285,-55.74161496721945,0.5272750467907391,-0.5048591641946623,1
-11.001554845451892,-129.1650627471022,"[1.6414763207476168, -16.385143008447926]",1.2878675875945982,122.8017642177679,-35.91409619008391,0.3455736725157224,-0.8620394318919014,1
-27.9709266499161,-138.97131445166212,"[3.151402152902147, -17.56878612489363]",1.289789510010486,118.92219981569465,-39.97039826216269,0.375307307575318,-0.8070914885858164,1
-18.182427011511052,-182.2153612308628,"[3.795796025678964, -18.628833441375427]",1.2917123454349566,105.95927913626278,-50.09706045338271,0.475357794743184,-0.6319078000628302,1
2.669486127947188,175.0990743602341,"[2.4516193749058655, -13.486145145975385]",1.293571733112492,111.42669794780726,43.66306237052049,-0.4722777819886145,-0.7150536774481386,1
-27.849732969727256,224.26574598060137,"[-2.5365513573014296, -14.670143098576089]",1.298770859582015,89.81890715089718,57.93036580041098,-0.5759028209113206,-0.431241226012455,1
5.594864500564519,-155.86724439429761,"[-3.60827899227814, -13.183875624670609]",1.308784221851381,121.8227014864432,-35.40522382274139,0.38887983441791296,-0.871943596190517,1
15.163785334476174,143.395435126005,"[3.7053832228380337, -12.429872740262706]",1.3100459472798072,121.7282805518239,35.25730921662762,-0.40407867745499343,-0.8680291992240124,1
0.20777947550225662,-103.09654311666205,"[-4.04295613839285, -12.083794105886536]",1.3127289467981342,134.41523590969567,-21.658499238893455,0.26173757681755944,-1.0644364751686735,1
29.412108244530252,-87.92383794140963,"[-4.257894236006161, -14.303146507337583]",1.3154265473631233,138.3461878510846,-18.15574816631397,0.22809468161784746,-1.110689819152497,1
8.108106629753664,-94.63682440192912,"[1.0150285148999538, -13.492501336163421]",1.323337996662823,133.3326767614675,-26.472984558190547,0.2540909646380508,-1.0276619090071712,1
17.66298026105602,-34.740473788044056,"[1.8998484472694512, -15.72477075029251]",1.326304282298071,146.89877891284942,-10.520261850865154,0.08507301454015422,-1.2181345802112096,1
-5.374778831331017,115.33630723495156,"[-1.5774569717980236, -10.417060525974813]",1.327726580331012,124.7279885980993,35.696986146888776,-0.35626379486013415,-0.903019775911809,1
-15.768125378100068,-190.58876343940022,"[2.976011077694186, -15.352973671337608]",1.3322182798703177,107.47156120032393,-51.44799912648887,0.4914337943019947,-0.6535967674868663,1
1.7366199901441775,-53.02182782110759,"[4.118459820261069, -17.49848984349162]",1.334251487899577,142.3325774711769,-18.414396431672685,0.14485302445152057,-1.1409491299392465,1
-25.03411588049934,227.6424446935746,"[0.4288283887155533, -16.722150795923554]",1.3383176303563262,95.3054225924062,56.810542478157004,-0.58218769816001,-0.504266125897308,1
13.008550774362647,-57.11566810044144,"[3.1871031685685445, -15.398964662361845]",1.3398648970821225,141.48509875454508,-18.76129709335055,0.15497931800480594,-1.1417819022492708,1
12.732927743574102,-224.69870865653596,"[-0.3598156777419028, -19.377772607243145]",1.3476619867848316,101.01313474610993,-55.118980180652215,0.5531764286858089,-0.5730303484027146,1
-13.30206010897874,180.06625063488826,"[3.7613858079507025, -19.202497542258705]",1.3486063508640167,113.18808351507617,46.20689810162594,-0.4983560758772716,-0.7332051075741266,1
8.390533601181431,-62.71589009238593,"[1.3962785683466015, -15.960585894214748]",1.3491032874386533,142.74654180945564,-18.30721708652345,0.16978168222344123,-1.1536042411498113,1
-22.578932030545683,-88.01679294992215,"[4.242810373854658, -10.024671938241843]",1.3542081825297836,132.2284255697891,-29.632372165284323,0.2438425909268849,-1.0293980393487054,1
-26.973871528220215,161.5601571353148,"[4.06769697577394, -13.891889505695888]",1.3553184987148728,120.20785469520077,40.00401477924652,-0.4521844186743772,-0.8414784484757468,1
2.2695621639216697,-164.80459796373026,"[-0.6065119715377971, -19.2742430662558]",1.3562611249871763,119.90343491453775,-43.043448241320675,0.43628729343030026,-0.8165833513432978,1
23.890440044300846,65.54687318389989,"[4.351487270955678, -14.240335362783739]",1.3579641825488786,142.79940331044855,16.486162529166904,-0.22083765324975893,-1.1724864361862923,1
-25.29382888145641,166.2549810334284,"[1.0478492202203649, -11.756004321217365]",1.362045739277869,117.1319801632129,44.10467401045207,-0.4676529580826673,-0.7934354840028522,1
11.88795357974491,203.82268233325578,"[3.8905813459683607, -13.264483494618316]",1.3631838790738975,109.62635232101128,48.46190237924566,-0.5339286008178592,-0.6977080006452431,1
-18.298901121329255,-82.9362814112628,"[-3.5551509808664017, -15.361196269610044]",1.3696755394499043,142.5195427674946,-18.37616921200606,0.22316864218629703,-1.1647263242639432,1
30.734818670644806,-3.8990858112872786,"[-2.017100319591875, -11.930486674182639]",1.3761996429697498,152.60111597724895,3.923440180349189,-0.016420362867295393,-1.3368644014147646,1
26.77060419820237,145.53669072244645,"[-3.29763666130658, -13.876300568059188]",1.377741532366007,118.41938398511984,45.66835459408503,-0.4405487603772003,-0.8088662461048033,1
8.704994571398778,-69.45040894554134,"[-0.6775921839276942, -17.036227120585032]",1.3798403932344472,145.12013578362246,-18.190964152988272,0.19061759759613775,-1.1826677544290027,1
-9.301017918290693,-218.20727292574526,"[3.335224070918761, -19.144221246801358]",1.3846138719579035,101.90589345624402,-57.93833753483614,0.5584635380616783,-0.5800988099674766,1
16.344592758902387,185.04243844988054,"[-2.4853561945377467, -13.32863841603059]",1.3848595350089568,109.32808524361666,52.87580336761039,-0.5233117027055969,-0.6775357130039225,1
-11.319486747903554,220.57619355979847,"[-4.288564973431752, -12.289467553646626]",1.386784089758606,96.07257910508014,61.03101475236417,-0.5949273415786251,-0.49897218480802735,1
17.5080979174885,10.672329117391143,"[-2.4732420990021406, -11.364271418217198]",1.3869596810802929,149.5824905285474,9.085433827459383,-0.06425459823597479,-1.2945116477865357,1
29.68931474991723,22.037996390570754,"[-0.7255667460859447, -12.443635676089816]",1.3885195516095477,149.70817543961877,10.152749639135436,-0.09764392640977014,-1.2832825931298344,1
-9.588897241693981,155.41977362874303,"[1.9594610396604795, -13.282272813798494]",1.391755746259286,122.18735934710166,41.514446552951995,-0.4483796909090444,-0.8675973988140718,1
15.657270077852196,163.84586938464525,"[-3.3250211282940545, -19.41769397717391]",1.3948749534983416,114.8287127300432,50.274416654369816,-0.48791627079117533,-0.7468835610251063,1
-15.867485016995007,140.89645718654856,"[4.479987965006581, -15.958029356018919]",1.4003933797452777,128.0786087402949,36.47861157927264,-0.4177749897165621,-0.9476003709996191,1
-9.828453587459158,-93.89762837043563,"[3.5851330777483543, -10.475730176363545]",1.4028973952796364,134.85812120891103,-30.35861119814217,0.25998444758457634,-1.0681261089407514,1
25.149405903707418,196.65174490877303,"[-2.6158789459626988, -15.384250920125703]",1.409674434727256,107.08531110816635,55.81497353572831,-0.5514443231294025,-0.6488478035144126,1
-23.75478825453773,78.39464002713623,"[-3.5400644913056754, -10.6761280721266]",1.4209768986457452,135.98210108979347,29.96644457061211,-0.2708483874114922,-1.0881097224793421,1
-25.734713322693455,88.35162805538738,"[0.547749774618504, -10.64399755838169]",1.4211518071556823,137.9784115039527,26.87226258019109,-0.28817681967238656,-1.1158168033504572,1
16.286976220898197,159.67168854034423,"[1.6768059742594508, -17.04080270027243]",1.4218896468630509,122.30876622432997,44.41869893560761,-0.4687416724369616,-0.8580114981847279,1
26.658974079011678,-201.22850688340193,"[4.194773766972986, -18.157085192949104]",1.4468483727339732,110.96833449636225,-56.61416257434303,0.5371572514608656,-0.6979301264436665,1
-14.161588802701143,59.05177359188082,"[2.9092521907131577, -14.432588175253294]",1.4472193260411337,148.6914791938702,17.16271806078157,-0.21074273804191307,-1.2580631223646024,1
5.336610898927525,-249.71299416624893,"[-0.2784878612438888, -12.65618039701236]",1.4596550112355369,103.75642320103165,-60.457016670216035,0.6062831299671695,-0.6029849564192137,1
-17.82575469626603,241.81805700622363,"[-4.944069834474699, -13.359180699375084]",1.4696747912929062,93.78500897830773,66.59815793140797,-0.6468017423515106,-0.477043273793786,1
-17.663019354270652,-98.2347090804279,"[0.30206869705227035, -13.451163374535621]",1.47097108917204,142.32500598519513,-27.51385996874751,0.2738744224922337,-1.1640481706576395,1
-10.64110219737849,-216.4108139990772,"[1.7185299497065518, -16.052202523433195]",1.4788660657842176,111.60974340262227,-57.457766201647246,0.5624343622093043,-0.7080996436907941,1
17.79987638378457,-239.01671077620955,"[-4.661258501168134, -13.331374046373693]",1.4811065087445663,112.19626025568749,-53.88335412299966,0.5814614588519383,-0.7414721283895228,1
3.4242746226333267,-104.40401036734164,"[0.09701902504824922, -11.348412531934981]",1.486372114917366,141.3677385464833,-28.755992567949306,0.28780902730007923,-1.1637511026288587,1
-3.2847440227667377,-35.09233269589757,"[0.17572079247728833, -11.236688406578063]",1.5008417417524642,157.30254811794282,-8.84851618077846,0.08645003782933319,-1.4097083031153428,1
20.868215037013137,-184.4109272400275,"[-3.4521728213900826, -16.06588259294003]",1.5132133068221088,126.84886709852476,-45.708025074466605,0.4919995026599977,-0.9345338525285178,1
5.888736587614218,-129.88480087389203,"[-1.5251694556449955, -12.006660869312316]",1.513317212790505,138.61735232174706,-33.63677697094772,0.3565996730591044,-1.121626793877037,1
2.0720704360071167,-157.7076664864607,"[0.3398408840685345, -13.642055567871711]",1.513836194932538,130.87029635083906,-43.25492966228376,0.4317447955896045,-0.9913514956550491,1
-15.150032824319918,194.60424313991302,"[-3.3092549940223623, -19.970379567816067]",1.5185863896661989,114.27139952656832,58.52545250417688,-0.5715530470117262,-0.7378587154563716,1
11.253710359600873,-204.06882682881604,"[2.127980398671891, -15.47787606020495]",1.5252160592630348,117.89220196492957,-56.107134832262545,0.5452403852379883,-0.7951653576080234,1
-5.833015978669263,149.49032642149035,"[-4.9035344947057276, -16.74813461416507]",1.5324003073937176,126.01570185343526,50.41312813554305,-0.47204210058467266,-0.9135170743808445,1
23.58851246042255,140.5505047386202,"[-2.1823073622560085, -15.922442622705507]",1.53854234314589,131.48130057005355,45.421488007018525,-0.4446502577610012,-0.9889652144809082,1
21.970487712619956,128.67659395304804,"[3.0773442260434525, -19.130248802181377]",1.5425687101928003,138.7636313322247,38.08415226598663,-0.4153792246933267,-1.0849286418683726,1
29.08824800786057,245.9082795104826,"[4.796891602114297, -11.490197284708497]",1.5448375357371882,111.81343430926682,57.464676347931345,-0.6409116064356142,-0.7283559894107084,1
9.080564222893479,60.579629474592025,"[4.193977476873135, -11.587122392195191]",1.5458068036435875,154.22117424707045,15.78843324823174,-0.22158292301701918,-1.370120357553175,1
-11.396674254570598,-221.36148277648547,"[-1.806671681476674, -10.69013647276483]",1.54904309978,119.56638195353366,-54.350041598954704,0.5632585024207822,-0.8329801608533088,1
-5.635076073703985,61.927685755510254,"[-1.4841754964246476, -12.201763059034288]",1.5538174846814654,150.58081949665396,23.516909311141717,-0.22478996604591783,-1.299347163676956,1
29.493650270346755,131.38933436224056,"[1.8779777571680123, -13.924588839307134]",1.5600334286982622,137.89450311727845,38.43246769613597,-0.41633645287280574,-1.099524909640539,1
1.1576191774052305,244.36581702881602,"[2.1821953898321222, -15.194021305776289]",1.5746320029139862,109.58258538738406,62.331941565194484,-0.6560095787553907,-0.6889463486109596,1
-18.133909025888222,-128.74126207528462,"[4.8633193738047495, -13.689444092757281]",1.5746323828717328,137.24408071253043,-42.08986561751681,0.3719665551017722,-1.0921274623425892,1
30.55024523813738,-157.10335842252937,"[3.217567949239463, -11.238369508980938]",1.5768721722712171,131.6676553397377,-47.24122399609132,0.4389178352273103,-1.0135003088298755,1
29.79792162046023,-161.66519500415723,"[-0.18542243136520575, -11.713294099426527]",1.5815153727133926,134.2249359061926,-43.93682365535551,0.44460393488406075,-1.0520586588796883,1
-7.239205307839747,201.97556233600505,"[-0.054532868048767114, -17.39758191407146]",1.5816596263376077,119.5019918216385,57.622973343897684,-0.5875588789165264,-0.8158822423245322,1
-15.811232855136392,-66.92231705621037,"[-1.8024547584849593, -10.951469407311569]",1.586252265927588,156.8618880850909,-16.19117579740214,0.1893921845035054,-1.4116927721874948,1
-16.73534789599462,248.09557777048735,"[-2.0582364579442123, -13.87926748394014]",1.595480543969832,105.5876316228888,67.44144878934003,-0.6746308362391457,-0.6270852529373205,1
14.125803181621471,207.48401568044756,"[-4.491784359211185, -18.10496120879835]",1.5976617678888685,114.46080574993593,63.28946628203312,-0.6107724562640738,-0.7468149527771092,1
12.27523201809003,159.23073253771588,"[3.738797209237376, -10.711082315796794]",1.603579686552467,135.1455724352513,41.936446750041796,-0.4819528191259623,-1.0817056740033446,1
16.282404087608562,156.5143393947066,"[-1.5665601451876778, -13.260671293927926]",1.6036762353227265,131.63167625516328,48.85321840120287,-0.4869004356319925,-1.0032318879277176,1
-29.64517641103094,143.73672926327845,"[1.7184943335869587, -13.588487426060809]",1.6081612316020821,137.66183944387888,42.08810052737863,-0.4527888450906622,-1.0975502710999772,1
6.445010727833896,106.14679325413857,"[-0.69534622700189, -11.93406265476561]",1.6112929526394884,144.54173647925745,35.119896386585424,-0.3550521708976848,-1.209038798585177,1
16.5741455953046,93.90958745682929,"[-4.876002721681133, -14.485313259284245]",1.6148514768925175,144.60102184613294,37.07580063579371,-0.32594645342463846,-1.200636278365216,1
17.893384474272843,217.88594810084925,"[1.9899738123525221, -15.778717626742365]",1.616790499825067,119.30121705980402,58.80919606133284,-0.61936109938423,-0.8213479854153921,1
24.032314032541485,136.88472135519163,"[-3.476435176799797, -17.197649800968097]",1.630960766963283,137.34850609632133,47.117176327765264,-0.44787020060785965,-1.0698237314985972,1
15.61279959563953,167.52856829191035,"[-3.8992139713786225, -14.907948705041168]",1.6349337636969627,128.54098009465076,54.6842592582052,-0.5231655049494072,-0.9540651188934901,1
1.4771656548816594,204.3959860353687,"[-1.0175196449631252, -11.972590100840305]",1.6397888389904849,122.24006571068328,58.80228458658894,-0.5964797719604702,-0.8662699267176209,1
-5.489442090666596,146.74837906860478,"[-2.970718401324761, -14.93605442360123]",1.641998084052123,135.37340893316016,48.89625550815026,-0.47126138100302123,-1.0523324768549547,1
-18.69730711119992,238.49269057314797,"[-0.5851859700144129, -12.080729776777348]",1.643714351335837,113.86529909264898,64.82554886858998,-0.6622308699064338,-0.7432285127545059,1
2.3359982363110205,-81.69212077109378,"[3.9347589851419578, -11.551183427409136]",1.6454987120822278,152.61287779686276,-28.346697989893983,0.23557578942158533,-1.3415045608989202,1
-1.3606719339193845,-228.44891083465762,"[0.5296174085695178, -19.305171357618818]",1.6471716995611159,120.15776936141636,-62.07732194604432,0.6201277310000044,-0.8178847334421624,1
-3.2109854288985353,-110.98811520725104,"[-1.4025916365106559, -12.250089992746364]",1.6479033924716067,150.8872606772141,-30.053941751641105,0.32312476006123064,-1.308044368682667,1
-21.11115292354916,-234.71045433386502,"[-2.629350814566255, -16.349971911656638]",1.6520679431949328,121.40658791784445,-59.52010378166142,0.6219079518371248,-0.8545163281796883,1
-5.355144582894717,-156.40102821733637,"[3.8096988872507485, -13.274496323190034]",1.6578370767408002,136.55316402967821,-48.63905161836328,0.44979970467613734,-1.0816502530460004,1
-13.404874639016462,-188.6859866214956,"[-4.541364448479847, -14.447007393581803]",1.6672430411629358,135.62326478339622,-47.02066847955939,0.5237575115599286,-1.0763708039285314,1
-11.479779153482006,111.48106478234547,"[0.5268221950568339, -10.824163893147825]",1.6696357858424191,147.33783651827116,35.26657676595096,-0.3730598144641724,-1.2630266836550408,1
-21.28717857861836,-196.20614303505835,"[4.5468198377861295, -14.213976819852572]",1.6732680693903768,126.76180318648055,-59.17469480532873,0.5521221908311131,-0.9299725922252158,1
-10.602975538824623,67.9790225381405,"[-4.562824863585238, -11.107865222845755]",1.6771847106817686,153.1436198879286,29.91332065208553,-0.24757462175935196,-1.3556300213483283,1
-7.55788810759255,104.35848195517752,"[0.9838297193206991, -10.429751716018536]",1.6839198986504609,149.9546804960513,32.810568853332825,-0.3544185206972895,-1.3086709611442784,1
-3.019303909204112,-197.0059141304511,"[-2.428616946193168, -11.669970928920518]",1.6867661357811827,133.41973327840083,-50.59912792612249,0.5382700205302801,-1.0509494025822836,1
21.969559534083082,-96.9632873915684,"[1.8704689736841873, -12.5369503137707]",1.6878722745844505,154.40933620752702,-30.438789081765663,0.28588254881091324,-1.3536248403497777,1
-15.007073544878562,-212.09799525008165,"[-1.5844063700693303, -15.199585897076428]",1.6938999754774748,129.31778224594493,-56.25715191823201,0.5827685839275617,-0.9696828623886483,1
23.23886889814156,190.5239101613854,"[2.4498526375696805, -15.424911679336294]",1.7022805797991496,132.00812044834322,54.0735241637567,-0.5783392263751291,-1.0073288002637084,1
-15.571727301807686,-160.95758600723934,"[3.5835018480231167, -12.020589596755858]",1.702993086243466,138.1416750160816,-49.97257245395713,0.4635065477545143,-1.110411646161253,1
-29.88836925955409,187.85639319713118,"[0.8928400639302891, -14.775779593943378]",1.7041374666622433,131.7680013583135,54.95743858446713,-0.5727708454357405,-1.0024716785055776,1
-12.944815436790059,-167.38389216594703,"[4.211439990616743, -15.218234651189846]",1.7222916430082482,138.04806307126782,-52.60092479385003,0.4889358431502612,-1.0918027798264465,1
-16.556353360144,-229.14048799391324,"[4.514973555234871, -12.368293768351007]",1.7228872212249258,120.87180358846095,-66.87270392017217,0.6284645855560861,-0.8463367852486453,1
23.61139902479473,119.01255606850992,"[3.5981617036803097, -10.959109634054103]",1.725782257552778,151.03022959080678,34.00042960687961,-0.4016725808330382,-1.3262879387002005,1
-2.6445416975369476,123.54045342678313,"[-4.821176091611586, -13.937741304151292]",1.7298828507335104,144.3065337543985,45.986464870636155,-0.41728434441147294,-1.199508236482501,1
-17.314673578828085,206.56760555377605,"[-2.705757027732055, -13.477140323170865]",1.732618763017034,125.44069276532927,63.04646837114524,-0.6211542927843344,-0.9104454728788144,1
-14.593874213405098,164.61678901601186,"[-2.99755285430791, -13.598552068911902]",1.7335310104614559,136.04862552245882,54.16892352510649,-0.524565695620407,-1.0701951448754263,1
-19.187716348425322,-167.09758497758128,"[3.616649693260058, -15.998459671374714]",1.7352449486997923,139.74563660783076,-52.08527695275552,0.4906635374336409,-1.1108544719574212,1
16.560612175103934,-225.91654444305132,"[1.9534832846635677, -18.967969878161277]",1.7356576546234055,125.52469227086851,-64.3213734593819,0.6321948982024969,-0.890933964498124,1
21.910804272424002,215.91290365043113,"[2.3883267002586095, -19.892367013242733]",1.740090179873417,126.98006352226226,61.848629182121385,-0.6474967755217947,-0.9158292457563787,1
-10.959785213603983,-160.78632095408608,"[-4.930496700126813, -13.127431945734031]",1.7449368955011055,147.16579194424554,-40.34415937628273,0.47083253955162935,-1.2561553901827742,1
-25.373387900598733,-175.730310467535,"[-2.966260126326792, -15.306918086862318]",1.756437362999324,143.21461048477013,-47.33448359032809,0.5124442494883599,-1.176319397211498,1
-17.36722060911454,164.64156017322347,"[-3.309530166302068, -15.15942763348248]",1.7574845679050544,137.56574760375014,55.056587906351524,-0.5298603871307458,-1.0843895479137724,1
21.41349998186756,165.9758647653042,"[-4.879696983569623, -12.564546737559992]",1.7581277076146946,134.87544085752242,56.925688987485046,-0.5320702742878164,-1.063162755410804,1
-19.381788424085165,-154.90393180767546,"[-0.18752537268697367, -12.484870293104672]",1.7584588901028324,146.25055579896625,-44.408151691041894,0.4530201824439646,-1.2338397762508007,1
-21.308691017229997,183.48693542395824,"[-1.1237601337414738, -10.192774359685004]",1.7641101276877647,134.60558698364966,55.95975626425616,-0.5668016687464544,-1.0628200165870085,1
-16.076445641348997,-145.59519382737528,"[-2.2923416750471395, -11.297320096949699]",1.7703942102157944,150.14612828381232,-39.19205341360339,0.42866456365273625,-1.3101283782565958,1
-3.5038447865231817,-203.7725468216458,"[2.8068088335660226, -10.836435396312002]",1.7785006580877583,132.72671432519167,-59.981888762261406,0.573175745584413,-1.029932172864116,1
3.7108048530497584,156.6434514612858,"[2.7249843056401346, -16.60825136021508]",1.7794077975312497,145.44018107153263,47.63605216048745,-0.5149907563757703,-1.1969614547455816,1
13.085768503207149,-132.04293842671422,"[4.652481791410358, -12.269104971822893]",1.7834360563316838,148.95216099442672,-44.44734794590158,0.3933327963139912,-1.279886750306179,1
20.077764205941072,186.9169681209127,"[-1.9449470946246628, -12.891436067563507]",1.7942287740614864,134.9272464579497,58.80723028657212,-0.5839481248703473,-1.0553757721626102,1
-14.42350974583314,237.12332756023375,"[3.6988102723471616, -10.646572264292566]",1.7961034400389684,127.55872147738516,61.64067098446685,-0.6812570998131582,-0.96310598543737,1
26.44604175635896,-194.71447458035908,"[1.9026922992554844, -18.85896110584518]",1.7973779535142145,138.24115604134505,-58.29976588081172,0.5725441683200807,-1.0709400895909793,1
-14.787557779075687,203.77478008763802,"[-0.23926429284877315, -15.538424646417543]",1.8403782129547785,134.90834174836064,62.11026706060147,-0.6331057570410099,-1.0420220480255693,1
9.513122034463791,-220.18156764800784,"[-1.6661254023304881, -19.784625453218865]",1.8643715995093992,137.31142240840623,-62.25033240834546,0.6438173020988497,-1.0619491960671041,1
-10.333213118014001,-175.81859448957692,"[2.4504117846165228, -12.787568140200953]",1.871686890706637,145.83172736663667,-54.246517102836606,0.5218536776088945,-1.222497083526391,1
-2.942817108942453,-222.79659653353102,"[3.8143980740861476, -14.43824794291322]",1.8756040096400972,133.0426131981802,-67.18143846186013,0.6405329819378287,-1.0192286104497004,1
22.156578673921928,-205.44825620541428,"[4.553280368375246, -15.030157558474354]",1.8869034854671534,137.70462575435522,-64.2361937387036,0.6034885303068007,-1.088432477779762,1
28.790770903308967,198.2530485209915,"[-4.18717663410939, -18.223279697229657]",1.8929958561910851,136.66378573227544,66.1344038169982,-0.6349312798604414,-1.055380723099238,1
-11.221594672009708,228.30406127365166,"[4.842293489629517, -15.853078803982651]",1.8979667002127065,135.1302085174859,63.31634585476331,-0.6975962050369102,-1.0550292767713032,1
6.001599462568379,-231.50230689664525,"[-4.783009560406409, -18.419706641931]",1.90788796844583,138.54808575429644,-62.21492451199629,0.6754131077853237,-1.0940480786927975,1
22.84248845638706,193.6215547028275,"[-0.5370032253747432, -10.766664478187614]",1.9168665406039747,141.21693537666403,59.92940559097951,-0.6128646239140169,-1.1663593807990418,1
16.506560213584265,225.06853734014243,"[3.9109510886192282, -10.951949831310285]",1.9274970799210023,137.6298644735258,61.551435099122045,-0.6857741988057848,-1.1184866692376452,1
22.31176222552274,171.46763112598808,"[0.7479839542732583, -13.381207783204207]",1.9401549514363643,149.33800280098438,54.455412848599735,-0.5682553158542761,-1.2746715471144316,1
-8.22600138640044,220.59763868977655,"[-3.633271275422185, -10.684048371222229]",1.9504612418081293,133.55256845125135,70.20854637607135,-0.6826285462218405,-1.0452082812045393,1
0.7775549635147527,186.13170676004643,"[2.3256182462879194, -11.492697919570785]",1.9512160840223678,146.96120884201315,55.523994119161216,-0.6031719985167905,-1.2589411946385323,1
-6.181953013280413,227.1167839799001,"[0.18460393772454253, -19.862842758127016]",1.9539795553411092,135.51447178597599,70.07423114737776,-0.7128898941200155,-1.0307238176532734,1
21.366560938326487,-249.68876471741402,"[-0.21746364492456394, -10.197901576334568]",1.9559651147943338,134.21478967724343,-68.62596652859065,0.6969981558769864,-1.0612942566581038,1
-11.803344243742945,196.99184840701474,"[0.4864153794680828, -15.86154183164465]",1.9582786891902122,144.08960194868996,61.94033879592098,-0.6382316170913368,-1.1769653670314113,1
-24.904354318124973,-213.68840045001775,"[-3.1872152213464156, -13.768338768877102]",1.9620018427831905,145.31458624293668,-58.59248152622558,0.6330695697266422,-1.2218064108347833,1
-21.881468205252066,225.12812657275725,"[-0.8901441224147497, -19.799169598384093]",1.9734951526757598,136.6187074163203,70.88806224798918,-0.7120003801612906,-1.0451341390619164,1
-12.918901445186865,-210.38552891738144,"[2.70967060262436, -14.20454864288032]",1.9860288718159407,143.92447235585678,-64.76150610589366,0.6274873534190196,-1.182206052312489,1
-10.888845681236315,-224.30375649918793,"[1.0612471429642465, -12.077258872924835]",2.0086065881866713,142.5150058275676,-66.0200236687956,0.6578103162440839,-1.1770663858104755,1
-14.842143800995498,-192.12082294205902,"[-2.472156863525706, -10.245439835838603]",2.010460099802091,152.44008761044518,-53.45768990956276,0.5802118423815587,-1.3570502717614232,1
29.15944683696018,-207.75712632589278,"[2.0003842108736336, -10.57764818957488]",2.0321093393346517,146.9000056940231,-63.266537821717066,0.6176775683884437,-1.2557538858462374,1
3.7108151255133635,215.91805381868363,"[-2.4464529519005085, -17.639374854271516]",2.041304474747235,142.1495464990456,70.92610867881558,-0.6985476023485511,-1.1341828929491893,1
23.179032256591,-233.46269556843257,"[0.34773361676119574, -12.102572137859244]",2.0484323332205503,142.91075023269605,-67.88474101275096,0.6856161477066036,-1.1856193991191804,1
-21.705046075532977,170.0850310327449,"[1.30571868189414, -11.410433607945995]",2.0609747781687826,156.39539185408123,54.50780062909962,-0.5798270548996765,-1.4006225792110667,1
-25.938369793634077,-238.55389165187296,"[2.089604958350905, -11.065211044190052]",2.0647150967038765,141.09941970445504,-71.10309550830061,0.6963776016622025,-1.1608268566754611,1
29.671684269743388,-234.9306106345233,"[1.3531692076397093, -12.43639650386179]",2.1783128046742557,149.20822491010966,-71.61120303968983,0.7130270058744381,-1.2765671126858305,1
-18.458733165490177,-226.1976739920595,"[3.0285115525360133, -14.218922677211818]",2.1810893128962614,150.84932248206573,-71.83593822666262,0.696498622181306,-1.2862614505843357,1
10.46382387404082,-230.04614344764917,"[-0.29380379339515095, -12.37255683413329]",2.1875682896661868,151.99952634366505,-68.75852941424455,0.7056480889483155,-1.3236350559818086,1
13.41678206481545,199.77950854418822,"[-4.489488000890348, -11.07296530681676]",2.1877919826826537,151.44499553198168,70.30900947462578,-0.6646207639330067,-1.3276365979404923,1
-11.930403070937146,242.79138313954508,"[-4.147700017618775, -12.690625518103392]",2.395952580676346,152.83753293304082,83.76125351668361,-0.8072198419770199,-1.33297405231954,1
-2.5309290693733324,44.66409249815791,"[-2.195984549089458, -16.037445870352407]",3.618964812469165,0.0,9.66664203599521,-0.005297178797081961,-3.5222944088976913,1
18.200733091235627,-75.82804313975154,"[0.5058044480377921, -16.308372881201237]",3.6396882809301836,0.0,-11.223503790270115,0.19961534647801935,-3.5218006893059073,1
-2.6674803188618306,-192.4241623526495,"[-2.5271718523702713, -12.197137538930754]",3.780998524538991,0.0,-24.926059128453744,0.34166060354134653,-3.515172948970819,1
28.483774436089604,147.21703404853577,"[-2.5634827138080585, -16.287514905681924]",3.7812188519172762,0.0,25.47705041573863,-0.16306704303130648,-3.5226761260291135,1
-23.244146380928456,-208.11140861964367,"[-3.193316910633367, -14.969825355413011]",3.8135100527542782,0.0,-27.11533609461503,0.3649554502306837,-3.523506556165994,1
-2.3484277785820247,-14.495886127406209,"[-4.206073986658936, -12.113463994898865]",3.9213581966206488,0.0,3.3497097782264973,0.0702490493651498,-3.887226388432258,1
-10.110026447506517,7.624352890963053,"[4.791503732512744, -16.955522786122465]",3.930388832617907,0.0,-2.9527849715336743,0.11874973062758722,-3.8990530785573414,1
-13.889762351085544,-65.52022531308393,"[-4.880023525318181, -13.769615555969487]",3.932327399183891,0.0,-3.6346029111946336,0.1416911696968762,-3.8934039667593705,1
-3.737374333066917,0.284927745936983,"[-3.304562691732503, -19.476590098589604]",3.939944425169162,0.0,3.872437395036286,0.06357751245844386,-3.9007019609220603,1
30.553384082973558,36.810670894997486,"[1.695990127494281, -16.531763668355126]",3.9416610468565505,0.0,4.541930151797715,0.048742122992149604,-3.8959368505617733,1
19.56903033311616,-60.311101430042214,"[-3.266667507155608, -18.110610732986245]",3.9562239734119893,0.0,-5.251037005529724,0.15494109917535331,-3.9006375315861406,1
25.002097782428166,87.61376700312496,"[-0.6027324785747279, -12.604993580716]",4.026475167062545,0.0,14.130156501872989,-0.044392035037353776,-3.8849199818327476,1
-0.9825502964813673,-10.756429539374324,"[1.3018462996753897, -10.883080429377454]",4.280843797271729,0.0,-2.803043760746732,0.13034598679963086,-4.25081538011992,1
