-14.615704203249734,-242.3228900826727,"[0.1148810150486117, -13.91055277034431]",0.9717291631293405,0.52805712139174,3.590546031196027,0.00041323367211576224,-0.935823611581138,1
-18.568110252337437,321.1800703683981,"[8.985314310970708, -13.736096815179621]",0.9719767539139059,-0.16756196639468,3.6261472553846943,-0.0015643628312668747,-0.9357139736798133,1
26.295097970942635,-297.3994188056049,"[-1.7331153813468916, -17.32308857374054]",0.9720939448299001,0.8190445010179364,3.5873276950433137,0.0005920851997474307,-0.9362204806560211,1
30.172973808845846,232.39027083800784,"[2.053162906107149, -11.72330768550355]",0.9721825912917798,0.4949106280985551,3.6082491372881123,-0.0005702980311769813,-0.9360999261982278,1
-20.80121495912624,-190.5229330804675,"[-4.353152361365353, -19.374485607401546]",0.9722980535324681,0.7964375507214287,3.5893899906950537,0.000477496902865877,-0.9364040318814468,1
-12.662610047430892,473.33926619659155,"[9.539546415160288, -12.546716355471192]",0.9723267987538537,0.19154922011808195,3.643178498062298,-0.0025106416226119742,-0.9358916462306086,1
-20.781863777683746,-127.61566208370789,"[-3.0614691948605355, -14.071318248625102]",0.9725275605660902,0.8545100164067799,3.5924176412845554,0.0003092809238894653,-0.936603333088571,1
26.25891471966856,476.94894510792005,"[-1.3416502991994008, -18.0056326984089]",0.972641759769262,0.08535378482586839,3.615059556601409,-0.0009485517183500785,-0.9364906838193279,1
3.0581914787453925,-110.01641868978061,"[4.904045705744371, -15.835724775416182]",0.9726944214847867,1.003650272482905,3.5969043944778605,5.99881632913921e-05,-0.9367253756191785,1
30.897500446094618,191.40904635868912,"[6.653480343819968, -13.349523677674553]",0.9729423889778417,0.4361008202865907,3.612096693967942,-0.0007840426675362556,-0.9368210939484124,1
-13.709459158286027,-17.13096123238512,"[0.08480860246518773, -11.776977030064284]",0.9730221691462826,1.055838618683278,3.597729027225796,1.4167746058925872e-05,-0.9370448787669193,1
18.41353930435826,-449.5263022892332,"[9.167140346907647, -13.400651911606587]",0.9730505895802809,-0.054701230851869426,3.5894598675931775,0.000473499035267056,-0.9371558712864024,1
16.463070565485346,-435.281779355047,"[7.262341387091347, -16.313509167731926]",0.9731221059818002,1.450928249198514,3.5882822278072126,0.0005391470865463855,-0.9372391286314802,1
27.10740277835459,-314.7888294371045,"[7.852736329441278, -19.7092072108536]",0.9732191728201297,1.2069481774605513,3.5914931429742865,0.0003606848045367891,-0.9373041719926783,1
-24.578722700614655,383.1178242830915,"[-7.2589315883317385, -12.87945729451441]",0.9732415545468743,0.6716012966715077,3.607186314460705,-0.0005112768921900264,-0.9371695519376205,1
19.51711543930203,418.82976344450594,"[-0.680823930826687, -17.878008003527007]",0.9736007606662933,-0.14607270935299804,3.6132100525328497,-0.0008457552876376099,-0.9374682786337303,1
16.539561176717427,-153.3967682083395,"[-4.446361821866695, -19.410288865053687]",0.9739808677445886,-0.08307359678717247,3.5909144260940593,0.0003926979348196794,-0.9380716412875477,1
22.893690215186865,46.92479098227159,"[-6.287456133585881, -18.225911942786865]",0.9740104517567755,1.477184450883852,3.596906778572702,5.986381453420995e-05,-0.9380413820608575,1
29.226251731250912,271.7016058371362,"[-0.31623447857670506, -15.060608486364432]",0.9742104771631791,1.341349027524446,3.607963892578482,-0.0005545852162406571,-0.9381306743131438,1
12.3402227296477,28.23954447144149,"[-7.542401161220016, -18.159091207073338]",0.9742257352050472,1.2919980654571872,3.595444905225122,0.00014109618644407525,-0.9382712755438526,1
-23.793431210406155,277.96063395557667,"[1.564542364330606, -15.855027576644867]",0.9743434564785634,1.5092774437923264,3.6097491211494344,-0.0006538222801838459,-0.9382457374570694,1
-19.317532723481847,313.98187613937625,"[-3.408705346977287, -18.474280810809567]",0.9743663916241322,1.2591781479155593,3.6074061350609554,-0.000523578162411694,-0.9382921841921231,1
-28.28019349111749,-234.385145404281,"[1.1660316923366594, -14.125437256535081]",0.9745397493974197,1.5079760137165492,3.5911007040508593,0.00038252490773874596,-0.9386286644105918,1
19.60427537384426,496.0967117024471,"[-9.102656674421507, -17.393157589275294]",0.9745780862847121,1.7816271582934005,3.6106101256364127,-0.0007017256004245483,-0.9384717226769432,1
-6.1509614109613935,282.9783467541931,"[-7.243518064554639, -15.391910073308043]",0.9748167296579044,1.920614293375503,3.6044659579342806,-0.000360263921591613,-0.9387720009509736,1
5.8669039740548214,-392.7347098260612,"[2.6316797903198452, -13.735504889451242]",0.9748294758644105,1.8760349917918235,3.586873483942327,0.0006175091005832656,-0.9389605379720194,1
-29.70491958220682,-222.36119978560612,"[4.824416416081556, -13.659902985317395]",0.9748802249690125,1.8519451352826697,3.5931610480233758,0.0002680519843148543,-0.9389485762269044,1
19.037029546736015,111.8687519995043,"[-0.15912388798727584, -18.33820453206681]",0.9749462490332397,1.5991048137385688,3.6020117122325246,-0.00022383757008974405,-0.9389261052297642,1
-27.90628447763857,-471.47149107022136,"[-7.055880290528145, -16.67007890254416]",0.9750708662799331,2.290641554778383,3.570965085329135,0.0015018576804891248,-0.9393600148352734,1
8.879956554968288,-204.93483978349644,"[9.848243663158595, -12.91187458818559]",0.9750949641808568,1.7401867994091589,3.5965875160472933,7.761186152919645e-05,-0.9391290858133695,1
-1.4423763468711819,-331.97615833743356,"[9.897895930019857, -19.230476828393257]",0.9750962922912574,2.268300837562742,3.591538088566267,0.00035829627422070975,-0.9391808430608151,1
25.313618348888646,461.5500060838208,"[-8.02019554507163, -18.796440086464777]",0.975415240328076,2.4416548085783547,3.6104452913241403,-0.000692695679081755,-0.9393105320002395,1
10.501143938007054,351.93739675024347,"[-0.434992226166834, -10.202080792886713]",0.976826492459915,2.7545220508959747,3.61184698964189,-0.0007706821710609781,-0.9407077068698408,1
13.35085609897186,-383.09293551696055,"[9.193124159225128, -10.425286842690536]",0.9768421569530058,3.1371539821379626,3.5900835655847914,0.00043925552473321315,-0.9409412187692839,1
-18.96692350408977,341.21183690601436,"[3.600051830635353, -14.507785395751766]",0.9769063495867878,2.6407863601153023,3.6166075545997955,-0.0010353013564788332,-0.9407397043568649,1
15.407751895023893,-146.92531239016557,"[5.005770432979178, -18.00794792352609]",0.9773500532325244,3.391661621267762,3.5952824986493397,0.0001502114898698017,-0.9413972162619868,1
-14.801329998185565,46.77047695779788,"[-4.2358649122593395, -10.009791336769]",0.9773507225158181,2.9546423221575004,3.5976615318186305,1.7927937312439496e-05,-0.9413741070269181,1
-21.072594440011976,-223.45659041926092,"[-0.6488762652507614, -11.810247752541075]",0.9776093692996446,3.765920389043115,3.589775243835902,0.0004564803046715747,-0.9417115062253557,1
20.129285832092066,-88.7614615735929,"[1.4347341514393577, -10.785357042724687]",0.977641265258733,3.6841050129745656,3.595795441734481,0.00012170055365037493,-0.9416833029772662,1
-6.952184698572772,119.97641367025028,"[-2.9933529922406006, -19.546005138342146]",0.977866210097224,3.3897350830038584,3.6011610046557507,-0.00017665077108981614,-0.9418545834846831,1
18.253185405552834,-20.055745046184654,"[6.1183482496226524, -16.635845595895944]",0.9780542745729863,3.9421134838169922,3.6008801118155134,-0.00016105786036674685,-0.9420454596871123,1
8.133231095189757,375.95574044460875,"[-8.763403612715823, -13.883125004758622]",0.9783719588335446,4.054982991101999,3.6074741217325936,-0.0005277793879795517,-0.9422970698119489,1
23.887963901754347,459.5989944430229,"[-5.479926243383733, -15.783407931763808]",0.97866552341234,3.887702011947783,3.612558902350429,-0.0008105230814193924,-0.942539585890187,1
-12.205543007166206,-1.7563880328071946,"[0.09153071938296264, -17.852316058423085]",0.9787809874453932,3.924165427857166,3.598163242119881,-9.967917854850351e-06,-0.9427993549715006,1
-27.841179880616597,250.4101738471726,"[-0.1170546503574883, -15.519324794053464]",0.9788921974170617,3.5479857987780616,3.607815540233787,-0.0005466872481168102,-0.9428138835174174,1
9.236805086287518,-481.4552037218599,"[-6.954519845046423, -18.56202690357203]",0.9790180680627755,4.682466147509389,3.5685600442884606,0.0016366669106020369,-0.9433310478232211,1
11.71590741776604,314.48204934935154,"[-7.385552917287221, -11.953707345134726]",0.9792844884814487,4.079782069188768,3.6058734623620694,-0.00043876417392748636,-0.9432256518069616,1
-7.58914201141269,481.5464057362451,"[-3.9904853535295874, -14.169168484654515]",0.979312479847788,4.409330750706488,3.6150240991819373,-0.0009477568748544844,-0.9431617626689015,1
26.53274637913765,-8.544174553421385,"[6.654675715650228, -17.319445357122387]",0.9793355095396401,4.037456201097737,3.6017340547505228,-0.00020855283834702565,-0.9433181459382552,1
23.305919439685887,432.2392763511381,"[-2.000082367143044, -13.057482578486747]",0.9795869223951672,4.113889347601426,3.614663896834827,-0.000927643934219348,-0.9434398273706743,1
17.124614970574576,305.7169507169075,"[-4.398075094770871, -15.412967289221713]",0.9797488048748177,4.0607039871072,3.607340521709375,-0.0005203502777633262,-0.9436752561950289,1
16.954512870808898,81.60454614580556,"[-0.6178488499035257, -15.727641184720806]",0.979927373676303,4.697794002840812,3.600964310288873,-0.00016577629284334391,-0.9439177160161183,1
12.934326552938579,497.72509810596046,"[-2.1688795294817513, -18.64853494142771]",0.9800615206713195,4.918335377388691,3.618285518889934,-0.001129319692748411,-0.9438779898852955,1
8.451085914973646,66.66504120151194,"[-3.636987615387673, -11.14112608431232]",0.9801929026799876,4.493688468457852,3.5987726116886734,-4.3863035140462924e-05,-0.9442051755442725,1
-5.665092448359079,-82.99543393535203,"[-7.033510842846368, -13.326129953014595]",0.9801940289209523,5.1215080540794755,3.5903867922716017,0.0004226374155018295,-0.944290066417989,1
2.091839548748098,255.28232243020318,"[4.579119309721314, -16.276170018349077]",0.980295783273779,4.486128078294205,3.613954623391237,-0.0008882931076403877,-0.9441558191721511,1
-19.782170874246056,82.5587939097411,"[-9.5286627783868, -18.691179889634103]",0.9807296047847482,5.455216219647868,3.596425838150026,8.668983337280671e-05,-0.9447653424260025,1
19.2525986306106,137.70385747786565,"[4.072156561401705, -19.20905115964976]",0.9809741994769448,5.095933028985229,3.606380232605261,-0.00046708411851851617,-0.9449102817073601,1
-5.942442189926588,-463.2696190635923,"[6.793398666757945, -13.18403440922367]",0.981183190366588,5.326909664620535,3.5853590181841355,0.0007023771978610163,-0.9453293392525829,1
13.496650526494108,-479.6685570265692,"[-1.8822112246171407, -18.312635997424138]",0.9812073448766058,5.668250796658668,3.5769663207893245,0.0011694108575118231,-0.9454369584469163,1
24.3647479675569,-373.64448198564014,"[2.5868168602464756, -16.257470645631415]",0.9812918167212148,4.946552292396887,3.5859356923410814,0.0006702212082734054,-0.9454322222364003,1
-10.016814859555936,33.275941420074446,"[8.428280570350015, -16.28268624044604]",0.9818603785761456,5.5442187089213055,3.6057276914707472,-0.0004308387001125805,-0.9458030035321368,1
21.770761792936007,432.35379432498723,"[8.740025312281617, -12.400649632599908]",0.9821014153794333,5.224764224909895,3.6411994965446866,-0.0024041746345496357,-0.9456863644080251,1
9.37219259304073,-293.6846050562866,"[-5.677988046749787, -19.282126845191694]",0.9821392572253875,5.945394389661477,3.5807068553522186,0.0009613664440135882,-0.946331700351966,1
-24.390735216839335,390.89276316967664,"[-2.724602515457031, -16.245307317743087]",0.9823894533567756,6.1934453361413615,3.6130264552230074,-0.0008370791402441334,-0.9462588185562919,1
17.02219670032853,-411.41602312084245,"[-5.387152592328279, -14.999942447879185]",0.9824761000423766,5.843658110852269,3.5744644376727592,0.001308680250352831,-0.9467305511616286,1
8.768009811222939,-148.93617699157704,"[-9.927404998805759, -13.962171347201489]",0.9826990899116865,6.093310562213169,3.5827977955113965,0.0008450544990771702,-0.9468707348634077,1
23.348450358267293,-381.87986686782426,"[9.815082878114659, -18.5463344258117]",0.9833827993629295,6.7695687907450415,3.5882589934317366,0.0005412650009642512,-0.9475000548282109,1
21.002783835376974,300.4797640295018,"[-4.7447121174263245, -14.169833521488592]",0.9833904818379509,6.241761955052335,3.607594914567926,-0.0005348334879984874,-0.9473143817144956,1
-19.777261386112837,113.28337071719511,"[3.1637542492527864, -10.259002282102763]",0.983927670776844,6.636836225301515,3.605194939938883,-0.0004013240602326332,-0.947875636418528,1
-8.35614514989615,389.72125953735053,"[0.007240787501068269, -16.002518206615683]",0.9839682792552628,6.543419196659193,3.6163871718817973,-0.0010241987395062978,-0.9478038541610038,1
-16.152981612004083,16.002355839037136,"[4.271945188499629, -17.935596250919318]",0.9840640751268348,7.067240738021532,3.6011549321692655,-0.00017649977961213051,-0.9480525093755817,1
-16.69411520612079,347.19022414730796,"[-1.0277296314978948, -11.32722233295015]",0.984096811508697,6.7169679292154,3.61278629966273,-0.0008238392659599123,-0.9479685905302679,1
-19.16894586567441,57.85302018944458,"[8.580191010668802, -15.663093045656296]",0.9843296029802185,6.65321394529773,3.6078760892496575,-0.000550545703525393,-0.9482506822668266,1
30.17772859344128,308.7460868985846,"[2.9244712419619177, -12.294462699341056]",0.9843886523291627,7.278524015060176,3.61611368837157,-0.0010091922490282914,-0.9482269784069899,1
15.675775216852216,126.87734530077148,"[-2.7063983945255927, -11.009438898597928]",0.9847511918100329,7.077854026772307,3.6018056626444377,-0.0002127212562008012,-0.9487331113358216,1
-0.9738542717068981,-476.6301977155768,"[-8.436353556324187, -12.271011914697779]",0.9852389457254987,8.043137014972972,3.560284599406259,0.0020990083722148786,-0.9496337799788862,1
10.296620182314584,-248.9115320752846,"[-1.073430220331593, -17.6574821169326]",0.9855702027096926,7.666043110886151,3.587140925782478,0.0006036493397269955,-0.9496986016054821,1
-21.98841494192741,276.62430230279654,"[-8.724795741658033, -14.392882798291062]",0.9858809141817537,7.726255013038166,3.6049281109753792,-0.00038659512643289713,-0.9498315543971102,1
-5.088652356623051,9.06068830034667,"[-8.93591596284601, -19.71590191262528]",0.9860384945367979,7.620492421240584,3.5934128086464625,0.0002544813467455557,-0.9501043323694685,1
10.116244919474418,400.00816948930003,"[2.769944595120588, -17.883217507551088]",0.9860644491839339,7.9836505960861075,3.622019434737922,-0.0013382086597370027,-0.9498433121539536,1
0.0759713988853683,474.95058703719576,"[-6.037432900760134, -17.85286450874341]",0.986216806493786,7.642018467284799,3.6149866792438843,-0.0009465563315235443,-0.9500664681718825,1
1.299436681913157,52.246024932500404,"[-8.273334718952846, -14.074295256664126]",0.9864011980623334,8.127319584560196,3.5954722427813977,0.00013985168332097546,-0.9504464653454111,1
-13.110091431410453,-354.5494478958216,"[-8.344504554856663, -18.81044633509667]",0.9865361863493048,8.017348521047483,3.570283960782035,0.0015422572277582639,-0.9508320959655576,1
25.30010195000635,-484.10988421128087,"[-8.639253783131126, -17.22140650349987]",0.9865976474725416,8.55607555348809,3.5587680424332575,0.002183769808408731,-0.95100745978907,1
-21.817369127370384,334.62537293078117,"[-9.822083775637363, -14.175772606831703]",0.9866885074251811,8.448631942991069,3.606924181289287,-0.0004978248381538221,-0.9506191352606347,1
-26.764917781106192,193.92668278725205,"[6.0010541363286265, -18.801046413603263]",0.9866939557147296,7.9470461297840265,3.612969554234951,-0.0008343343826135179,-0.9505638940140754,1
18.25670364820607,-450.338517776431,"[-1.6467483452217841, -10.69785262982671]",0.9867836809002041,8.407616853101777,3.576429096638094,0.0012002490811850446,-0.9510186325368417,1
-2.552517131450159,-387.8051652983729,"[8.764762391401074, -15.340070770353297]",0.9867864989245448,8.099463888043678,3.5873099987056776,0.0005943111200640024,-0.950913213218293,1
24.961041599050887,-282.2321638616413,"[1.924390319967685, -16.55238409792598]",0.987323233465074,8.408257221986652,3.587502418978147,0.0005836494820235378,-0.9514480302604252,1
-11.432857499622902,396.26925185575567,"[6.069416815257284, -10.861543527291351]",0.9873514982990523,7.85708155929652,3.630832395348989,-0.0018288163639823764,-0.9510414159751355,1
16.143953982161435,21.048262782957295,"[5.615595975844901, -15.534869512137199]",0.9874877014692959,8.990842790378748,3.602649206156457,-0.0002598179180030601,-0.9514611739331627,1
-8.155882644913529,-154.24777298929405,"[7.460965515739439, -18.648503966496726]",0.9875485427780151,8.774252851705363,3.595401028085689,0.0001438436941268147,-0.9515945216254015,1
20.310732647449356,-76.9494196853301,"[6.791616631623036, -14.248632135395281]",0.9877176180713253,8.2296388618972,3.598903564206921,-5.120176144589083e-05,-0.9517285810519619,1
21.605465402486452,464.3767242151823,"[-4.420143049994591, -12.070943421658066]",0.9878374630137187,8.983853673102447,3.6165127150052285,-0.0010319118261923417,-0.9516717764051795,1
-20.230583507153042,-453.80106239119675,"[-0.6279220077356147, -15.866373909180496]",0.9878967224456368,8.4553225868454,3.5776025381405816,0.0011349235518503587,-0.952120020652128,1
30.601545182811208,-37.21080155083291,"[-3.668196101674992, -16.87793056114219]",0.9884155086521362,9.46865116395741,3.5945682279589164,0.00019025984661863774,-0.9524698073699452,1
7.123790632099954,-394.16980162269,"[1.4020768518034714, -15.882970579772596]",0.9885313664864723,9.244745049939135,3.581835675709044,0.000899410010869116,-0.9527125851846662,1
-27.912993778860553,324.8968072087994,"[-3.4919923455274855, -11.08522403560097]",0.9885572631793558,9.335204564129949,3.610541340299733,-0.0006994216520578621,-0.9524515929703512,1
17.806798502050682,230.84648353636135,"[1.4918059427888437, -11.702394966283915]",0.9890719974467822,9.431830367163371,3.61036836922176,-0.0006898067310904475,-0.9529680640960073,1
-25.758073125135837,430.5528441103751,"[2.025298192375793, -10.25897415402213]",0.9892694798410315,9.394440160853598,3.6247828773593938,-0.0014926753062143906,-0.9530204821113423,1
-5.041194203538893,-434.6759813489648,"[-8.866945226430383, -14.403493640601967]",0.9895821762385668,9.91573661480279,3.5602728590029074,0.0021007979827545173,-0.9539771345182466,1
11.326901539636687,120.15411299715402,"[9.794683046180037, -10.606681403781838]",0.9896560394348959,9.165827177636901,3.6156937540945364,-0.0009863536536232973,-0.9534985917236795,1
-6.9116359785582056,286.462245313357,"[0.5367018557531438, -16.07651941294147]",0.9897860801563645,9.464828963071252,3.6122878528640285,-0.0007967291385738187,-0.9536628688176557,1
-1.825929501710828,-372.1689331513853,"[-9.531369022219414, -11.382002933480099]",0.9900922747679018,10.509875944536756,3.5624200370220933,0.0019815241603170545,-0.9544660175231064,1
12.51665837922939,-137.3708249629857,"[5.4025240199618025, -19.41761443240162]",0.9901168995096987,9.743944496977102,3.5948126516741468,0.00017665940526170643,-0.9541687566391702,1
23.758568497327587,-460.24642676595937,"[3.393783861233741, -13.052807130311693]",0.9901319256929478,9.734709208716948,3.5807548343700546,0.0009597453161709061,-0.9543238947506012,1
-3.7827917757466203,342.45057118624686,"[6.368407599458926, -19.08038311670282]",0.9907530588425485,10.512305992862272,3.6276069904906763,-0.0016505093302472975,-0.9544755618822401,1
-9.53869082839444,392.6449397971086,"[1.5870781007959316, -11.028655828041545]",0.9908316444339744,10.303698720236728,3.6215428723971854,-0.0013125547336236497,-0.9546153133574578,1
7.0590763040818345,31.179777633296567,"[-6.560551780490568, -13.356776435588653]",0.990848181011892,10.275949409361122,3.59565099008978,0.00012997989980179122,-0.954891662264559,1
30.11679740085537,-334.32210017909415,"[-0.5417707276989638, -13.37613679621335]",0.990878516297262,10.432228824608657,3.582326633447792,0.0008723646401779721,-0.9550548515459258,1
17.840341998503412,74.23516089399527,"[9.490805045035415, -10.991502081444715]",0.9908840013378672,10.701061417355314,3.6113905123711447,-0.0007470139702221161,-0.9547698039815233,1
-23.835643731271865,411.4977934554581,"[-5.100204762670946, -18.333319192094834]",0.9909161177734231,10.185819554733836,3.6142237883286725,-0.0009047498767813419,-0.9547734512166355,1
-6.113787750122789,-212.4389109992739,"[-7.5721950592151615, -14.203935629957982]",0.9909186382382662,10.086890393563543,3.58046654629743,0.000975903676160385,-0.95511347420221,1
28.707115802071584,263.70148599393895,"[8.379041201415685, -16.988330531598116]",0.9909577679527367,10.437027970093025,3.6245940282724405,-0.0014826033780504016,-0.9547106764775591,1
-30.77388119918417,243.75755263712495,"[-6.275118422431245, -10.511936342103255]",0.9910004908330002,10.011580595066695,3.605193201791735,-0.0004016183362568069,-0.9549484743616882,1
8.881131565013526,325.2537983092694,"[-0.39123235550312785, -12.615809961709488]",0.991091695244177,10.701677550082376,3.614023837792047,-0.0008937435954074775,-0.954951038636731,1
-7.270592059697613,-457.7008329717981,"[-2.874674629217502, -10.876116915097171]",0.9911608309194135,10.518929488996287,3.5722204282906205,0.0014354774259789846,-0.9554375482853994,1
26.806607337132938,247.65039796059796,"[-0.9434439207828405, -14.544905931658203]",0.9913959740760525,10.676260584611644,3.6093284462904194,-0.0006321106586357914,-0.9553024804836584,1
30.490090430725104,100.15095287494569,"[9.414388804214816, -18.074532650102807]",0.9915407915099747,10.727652679034541,3.6125693055291777,-0.0008127028389414855,-0.9554147528007232,1
-10.878418949420904,169.87766774589068,"[6.916701013073631, -18.70903476411304]",0.9916277997862298,10.894552554160057,3.6130471246879097,-0.000839367766270963,-0.9554969598630804,1
12.557862722516354,136.08514447223388,"[-0.8214997384497575, -14.670877433293269]",0.9918605477677623,10.8017573048898,3.603889769514808,-0.00032908047216968214,-0.9558215934229451,1
5.260818299789619,-439.7819464248022,"[-0.9474963500784899, -10.522887349057441]",0.9919356710531193,11.228271794869594,3.5757218592771096,0.0012406416110803604,-0.9561776475937195,1
20.755552373376716,343.7734559580291,"[-4.915095899271515, -13.50173044250123]",0.9927802328362147,11.553293712608944,3.611400427309036,-0.0007477508717819892,-0.9566659363340089,1
-15.854077682371855,-488.228187243688,"[7.439481275959427, -11.358815472268555]",0.992781512049799,11.19219974398996,3.5815591366676927,0.0009153277144618254,-0.9569654829324152,1
3.2300751932186387,192.8931039471256,"[4.958938791813088, -12.038112274602248]",0.9928618135814254,11.587693901102385,3.6131126038872026,-0.0008431856615095423,-0.9567303159843882,1
1.0993186097285204,-470.06581978196635,"[1.6492925358303356, -17.09213863304674]",0.9929295630041581,12.038112577761243,3.5766091485329525,0.0011914734683634361,-0.9571627299477083,1
29.160433729346238,48.66678030215371,"[8.150279567260583, -12.15729899250196]",0.9930634392045574,11.822565169249456,3.607829435396525,-0.0005487681107286171,-0.9569849875093493,1
1.1164038664229778,-383.38835993591624,"[4.158996698927806, -18.151123311575937]",0.9933046325389845,11.287315984443353,3.583165108630965,0.0008258525435812771,-0.9574726252898568,1
-4.751786945824374,-71.81611307378842,"[-6.793131364056579, -14.98358896660562]",0.9935117414179695,12.2520877178542,3.589848391271971,0.00045352179299678756,-0.957613150112194,1
26.520179022473066,-433.10828919835876,"[-2.504345714783023, -19.368147099309333]",0.99364453587197,12.057632281956176,3.5730670220764296,0.0013889260405862106,-0.9579128587148676,1
10.615758654566413,-375.1965374870827,"[5.4079513597823095, -11.334397722762152]",0.9938746034243586,11.854548366163566,3.58449558140137,0.0007518291507089142,-0.9580293526052998,1
17.31717693802061,420.93117610050126,"[-9.990053698937537, -16.277633826987774]",0.9939151906554142,11.604614455663949,3.612043242123036,-0.000783589142739744,-0.9577944376999348,1
-27.912495526225158,405.6792592796306,"[5.253076966164631, -19.410234655606864]",0.9939591594011967,11.509031334482833,3.6314550276738373,-0.0018654490559872545,-0.9576427922168872,1
-14.054188067147127,-206.86390071727322,"[4.794769012774216, -11.400610407192325]",0.9939640200524091,11.946833349591637,3.591494263034292,0.0003617402065505974,-0.9580490091291234,1
1.7272625818150615,99.14385915650564,"[0.2881187970197008, -18.17442090131402]",0.9939741231105963,12.074913173906204,3.6029693317764213,-0.0002778943965960207,-0.9579443894850153,1
17.166549238695588,-425.5646773027022,"[-3.896366514258716, -19.58040424103831]",0.9939922498275586,12.561235097662092,3.5707655516011982,0.001517436465459583,-0.9582833928861644,1
28.193058571031067,-318.1530270302096,"[-1.9273927242926536, -19.540267999906888]",0.9941640580986477,12.678644807911219,3.580594932459917,0.0009694784526459338,-0.9583576184100072,1
-12.986809568542437,-371.0177943162071,"[6.462007499248806, -11.709300495666145]",0.9941931580285988,12.599283542885194,3.5849724981690088,0.0007254028749386536,-0.9583431585057639,1
26.769515998752674,-186.43611301650174,"[5.287549037361973, -14.689873273214825]",0.9942215467949601,12.240293838662826,3.592414636632384,0.0003104646528286049,-0.9582973501372011,1
26.88045209706481,170.61982521669665,"[-6.203290347243917, -11.453055871060242]",0.9942726644358638,11.95508189547565,3.60238708582483,-0.0002454300876330051,-0.9582487621474017,1
19.120181746013458,-239.02746023474555,"[-7.099323501848065, -13.895390473181555]",0.994517779872622,12.388683788986748,3.5782561858941335,0.0010997762806338068,-0.958734587230414,1
8.32524577517237,-225.61425166908924,"[1.9477498289941568, -16.93038946850008]",0.9945834165142142,12.672071872317392,3.588513345760475,0.0005280085653455547,-0.958698137654729,1
15.763886844225851,-294.35189430076434,"[7.205247332395466, -14.577473985222635]",0.9955223173506786,13.329923065491371,3.5882236536990604,0.000544263326924758,-0.9596399264732229,1
-24.498329153342073,-106.39231527210245,"[-0.5453441319801442, -11.998720420626626]",0.9957584277024543,13.273271015122909,3.592652309652749,0.0002973045781947492,-0.9598318585613986,1
-25.742634022041898,74.07601584745998,"[9.20803637721637, -17.471427899461556]",0.9958456223152239,13.21221863429442,3.6104711823027174,-0.0006962950652410585,-0.9597406579100276,1
-4.537429348138971,-239.05142497505238,"[7.8773095043416745, -16.891396368510982]",0.9958856374111698,13.133783535115771,3.5910088567188723,0.000388930723582793,-0.9599754700570192,1
23.016120044980347,-85.78780773819483,"[5.16455655103181, -14.712281673199449]",0.9960588170057001,13.41032346548942,3.596954794460544,5.7392617555946744e-05,-0.9600892673456748,1
22.044017683272706,-328.0182539834625,"[-6.899736164693929, -13.93312201239551]",0.9961974927797848,13.641930165475685,3.570848097543603,0.001513308780087798,-0.9604878196486567,1
29.32816252278768,-68.61381087740284,"[-2.0515441021627385, -10.503145862178622]",0.9962339740853904,12.908965466272974,3.5935640829779913,0.0002464364264855604,-0.960298301634753,1
0.3510358667065354,331.76782857580656,"[4.820714964333634, -17.597380053396858]",0.9962694349429084,12.852522074120898,3.623870416482532,-0.0014432959901264826,-0.9600296458625562,1
9.426426938459663,-266.3904737094392,"[-4.695340918399644, -18.48009306803156]",0.9963827996281694,13.46813783655049,3.5797176831729303,0.0010186202540503995,-0.9605850827157388,1
29.947506801654363,-128.40319973864342,"[-7.601277785964724, -15.230572978088126]",0.9966875725688387,13.884835493602644,3.5852379311663753,0.0007108697955644147,-0.9608349302901547,1
-1.9680692606961578,-222.6646127769245,"[6.851311550038073, -19.987495116595667]",0.9970422063745643,13.242669843673685,3.5909002665903245,0.00039499813760997704,-0.9611331225422136,1
-5.648138286733204,-495.80175215948043,"[-4.580528461688185, -14.985685525556185]",0.9970713616087657,14.214456907436015,3.5624133277333385,0.0019840270674484997,-0.9614451812260484,1
-4.690855001896139,53.84913042856954,"[-1.5033337517376282, -14.4114695078685]",0.997331682928977,14.230239396850296,3.599888111146356,-0.00010620612132638593,-0.9613327959507937,1
-20.949421197883225,-29.06142148977176,"[4.775491861196503, -12.868396610330269]",0.9975074356088569,13.461260304060454,3.599726762920909,-9.718486417743417e-05,-0.9615101630681564,1
-4.587914678872352,-127.2008183597734,"[-6.328721117899059, -15.617530451887962]",0.9975361527107963,14.297109231870667,3.586564414418717,0.0006369658105304554,-0.9616702976183246,1
-27.93698004851973,-448.13191046482615,"[-4.057604838902211, -11.475074242977744]",0.9975765195483353,14.44293737480742,3.566664442490037,0.0017470282401360426,-0.9619082886389483,1
-10.407063465533142,349.75834661912234,"[6.301897032991555, -10.092076261725762]",0.9976063730272101,13.942166435867536,3.6317775468160107,-0.0018847531975081189,-0.9612867498839406,1
19.906181206301262,-301.74314326909234,"[0.9572949979013785, -14.464071980060199]",0.9977857869985787,13.880420364611858,3.583622592305801,0.000800958973859188,-0.9619492276196853,1
-1.8989116365006922,444.61021599376966,"[-1.3163561852067325, -11.991309201974717]",0.997962728089272,13.984301906540153,3.622799032570583,-0.0013840154475020737,-0.9617337419069774,1
-18.156165533958244,-248.2915140240316,"[9.745940586841776, -16.153630504533943]",0.9980660826363854,14.283227376125676,3.5914396466519065,0.00036503183026982266,-0.9621516169249418,1
21.463256153442877,174.28298259972564,"[0.7384719881695396, -19.83520926297079]",0.9983889732943843,14.76388733444084,3.6078162548774344,-0.0005485012788791092,-0.9623106544272593,1
-28.899959877576986,-426.68088766897785,"[2.9610329749940956, -14.064696537727862]",0.998837286327657,14.522992242441923,3.5784496952537665,0.001089663208247838,-0.9630521729155127,1
20.3751369037655,146.42811516389918,"[-6.160164357413751, -12.84980779780263]",0.9989901003121578,14.269530007885965,3.601694993260935,-0.00020699143095062256,-0.9629731281331063,1
-3.533797560771621,-416.5966650334292,"[-6.430005698684738, -15.973001413615524]",0.999073835655623,15.286100625329349,3.562900388471462,0.001957469612924054,-0.9634428432339869,1
29.76668402071698,473.2404167532055,"[4.095743000086456, -11.110581597598653]",0.9992681224380902,14.356806843637695,3.6388797087001876,-0.0022811334462615146,-0.9628766232590588,1
-29.11546475497467,457.9146016696168,"[1.905921175564341, -11.080670091164627]",0.9995250771564963,15.240054357872584,3.6319409272828125,-0.0018945794992217572,-0.9632038046082171,1
9.149377943491494,458.8758815252968,"[9.347900722850746, -11.616626037705274]",1.0004762997234757,15.589906408036027,3.660254817911664,-0.0034746654757888944,-0.9638674886186525,1
-27.619070723233776,-438.064411794167,"[8.608097766669228, -17.895925722045106]",1.0005703499092402,15.378667165832157,3.5811153978338552,0.0009411988704958526,-0.9647587368238373,1
29.46047503540401,301.94023464740735,"[2.3819096377513382, -15.67506533742101]",1.0008041791682902,15.724263237675093,3.6186945100917,-0.0011556770256709282,-0.9646165417773024,1
9.083310446783251,-75.42643075439594,"[3.8329359111728056, -17.466818856517353]",1.0008645194335908,15.465285635198871,3.596317640971847,9.297832389770066e-05,-0.9649013385441559,1
15.708875332619101,-309.28245812017315,"[-4.835671641972472, -15.433127390975212]",1.0009727469341465,16.218649005652704,3.5747009713059015,0.0012994151252294641,-0.965224862565363,1
-0.7519379748030843,-226.9721232716554,"[-1.7682930143938052, -17.958885541380134]",1.0009900310294446,15.569461851411532,3.5847522071780986,0.0007383207278326736,-0.9651422265550279,1
5.316669446384822,-117.61293997862919,"[-6.553294032950938, -17.835810999895845]",1.0011473566803508,16.20054700236784,3.586767930908536,0.0006259602425881368,-0.9652794744112966,1
-28.77606077340178,-386.7368953746736,"[9.676628623616772, -17.85977432903938]",1.0016505286073354,16.054056831625264,3.5837112861863716,0.0007965153422204244,-0.9658130872985957,1
-1.4882871081733384,246.07776042906687,"[-6.700462420440855, -12.390910389833882]",1.0016719411043022,15.834991316754161,3.6067410643790936,-0.0004886729476367428,-0.9656044068067495,1
-4.9540986045537,45.03349116279958,"[-0.8112271910182951, -10.231628267986286]",1.0021093078112524,16.167885552910978,3.5999336287577535,-0.00010880623477008559,-0.9661099653966307,1
-24.187274797805593,22.755036443784093,"[-7.710650713384844, -16.84133564956521]",1.002123796531972,16.25412039766526,3.594369668431682,0.0002017162035798595,-0.9661800787908009,1
-17.79331681709988,-48.81845630001669,"[8.472884625480901, -13.928995362733716]",1.002369107921288,16.52293660283086,3.6018358218470894,-0.00021498735213231366,-0.9663507257883314,1
25.540464841405374,-135.57552250531023,"[1.7930564764416683, -16.87824528071523]",1.0023949627095243,16.52519517671626,3.591934520198265,0.00033764871687237387,-0.966475558526923,1
-21.271954003252603,-27.57061228151059,"[3.217692308834547, -18.780686852341578]",1.0026292613901422,16.643839457845427,3.5983399223623564,-1.986631436075081e-05,-0.9666458619623743,1
-24.91308495102232,-266.2736221185302,"[-6.5393623253422355, -13.166018265091605]",1.00297665722141,16.62426547320557,3.57461073140621,0.0013046053865336605,-0.967229670077824,1
-17.26378739560412,-364.00634916415265,"[-5.21689202138883, -18.673984725382525]",1.0032152738062428,17.46388050845032,3.5688108375334195,0.0016287313516722547,-0.9675257945300234,1
-15.493473424673867,-52.0034328903991,"[-3.793573101585914, -14.661869248409257]",1.003253718784185,16.515092637909163,3.59291307472904,0.0002830303460559432,-0.9673245466308457,1
-10.62474886756753,-148.88382814963865,"[7.139075162013686, -15.780188407359132]",1.0034392733903177,17.389689020831256,3.59430132202624,0.00020559858806462342,-0.9674962383246065,1
2.28046593718323,353.5793440668431,"[8.22633055572117, -13.982316632172019]",1.003645221286259,17.283844452602587,3.6418777492108347,-0.0024504471680827106,-0.9672233397118555,1
-16.687881978670852,14.503918903334807,"[3.6666468964656964, -10.855210927929878]",1.003760861913885,16.902254820512663,3.6015292879151275,-0.00019790018138471577,-0.9677455487998271,1
-26.62872747670886,-186.24621425775666,"[-3.8051953997313586, -11.023812419433964]",1.003802583433193,17.76055707874684,3.584093883939204,0.0007755490313671559,-0.9679613339015334,1
0.4505057961279846,-190.13039268487051,"[5.11234765457397, -10.524407376426485]",1.0038412951920055,16.999675865441116,3.5913353510422894,0.00037114231777061297,-0.9679278705261695,1
-16.78554336146393,148.3874811735261,"[7.756843081245282, -13.295142198584674]",1.0042675924176039,17.802826552235523,3.6168218033135417,-0.0010518135678357554,-0.9680988030009219,1
30.125232773924637,206.14712573936174,"[9.21084559802103, -16.41792465456827]",1.0045412849684803,17.51038842746785,3.625856395225128,-0.0015561294877171313,-0.9682814705857021,1
7.122745745928519,-92.91300292751049,"[6.415952328280575, -11.924485532176996]",1.004574322625065,17.19774340250519,3.597371718600698,3.4180872989709345e-05,-0.9686006048359548,1
23.961192513395964,-356.1205841362038,"[6.015360822347375, -18.133237459881002]",1.0046030168796964,17.56283583999648,3.5823264140926767,0.0008741846599268174,-0.9687793583256055,1
-18.48797127600643,-442.1425478729898,"[-8.402047762104928, -13.19229239707417]",1.0050799753788453,18.021690577822557,3.5506616204147576,0.0026424285321328027,-0.969569758394289,1
26.595413854609433,494.58146200952547,"[-9.995936696111993, -19.83150249028609]",1.0051846765138162,18.160365560345447,3.6201987042763903,-0.0012404929163370847,-0.9689818954303935,1
8.064583641166386,-137.80085913023566,"[9.816782543517583, -11.874136014405337]",1.005369108982846,18.141987183390658,3.597594681169994,2.1739872435800418e-05,-0.9693931619273739,1
8.772552333632127,52.450725634870196,"[-9.193084825352644, -17.522120269713117]",1.00613030945135,18.704864291513534,3.595047282457017,0.000164015566803675,-0.9701798227628006,1
1.1088030479593343,-430.5995033076443,"[-9.064705005264646, -11.221114428797858]",1.0061694818378937,19.13035114576518,3.548013849032486,0.002791179680732433,-0.9706853303746401,1
-29.865685620406527,46.75176057362103,"[-0.41698433432064164, -18.930701915150735]",1.006390553228306,18.331601187910405,3.600388886728979,-0.00013429820321878697,-0.9703866550678096,1
-30.50512354270053,470.56927815763686,"[6.486265662858887, -16.155595846853288]",1.0065626682469075,18.510480780994012,3.651148057098908,-0.002969039648847241,-0.9700466439893616,1
2.603751328128112,150.93331602477383,"[0.27500404087605723, -16.889742960422307]",1.0071787991142593,19.106034085263126,3.6071410230069887,-0.0005114791689771058,-0.9711072541869553,1
27.502460314116917,-395.3873317261707,"[4.2059954827000645, -17.043026692348842]",1.0075748696473261,19.131792141869795,3.5779594996247397,0.0011185072474022705,-0.971794630966699,1
-9.50598919322633,63.00252436841049,"[-7.981681112622139, -14.152186428001059]",1.008224987963536,20.070833266731036,3.5962748553702113,9.54937348422352e-05,-0.972262234720228,1
7.29344813133757,-447.79684971192046,"[4.411550122255697, -17.360209202786848]",1.0093747107403923,19.884119851970514,3.5745222852683582,0.0013107874778638712,-0.9736286055373835,1
-0.3072930826575515,-152.44855582439112,"[6.828113093665284, -18.810785324312178]",1.0094095843187192,19.84762614213438,3.593095857762819,0.0002730936557765467,-0.9734785874350901,1
23.23524368830654,-198.426292208159,"[4.948189238995592, -16.06020843616038]",1.0097522002311528,20.171682298546024,3.589485631792286,0.00047483689458826866,-0.9738572281518757,1
-22.7841331354319,132.02449767404653,"[4.616896712968902, -16.984901058389937]",1.009798767615716,20.261322479942187,3.610322936412558,-0.0006894422089752962,-0.9736952941657337,1
21.56684068030183,-252.07683541529303,"[-9.818441987095483, -16.91473623345854]",1.009806821681302,20.745432558784213,3.5652881179598808,0.0018271531784429336,-0.9741522269677663,1
-30.407727849747918,72.78356769243396,"[-0.5360323785212078, -19.623060446947996]",1.0099287170100901,20.581903493869447,3.6019973598668003,-0.00022426886749873662,-0.9739087175894312,1
-29.38509130842678,327.61642228721394,"[4.168277039006993, -11.490698038370146]",1.010374662955919,20.430668019687154,3.628770291317778,-0.0017202789739715206,-0.9740854409986633,1
30.47862536409209,-343.0633156377374,"[-1.243084666104533, -19.700263224197826]",1.010489181414246,21.32175377017943,3.574091287135161,0.0013354280514033987,-0.9747473537585472,1
-25.322886109153586,-42.373397538607605,"[-8.326965769988464, -13.929381146830071]",1.0105504308058333,21.25811414678189,3.588251903724995,0.0005439428156504548,-0.974667759986727,1
20.90393263810762,340.9224524551946,"[-1.7729316549028589, -11.415307988516641]",1.0107326432192032,21.028587739745948,3.6188947960613405,-0.0011686596541553601,-0.974542994537891,1
21.865736170710377,229.13493174146618,"[4.087219396360876, -12.796110110841159]",1.01081793968166,21.196327698213445,3.6188635457338023,-0.0011669703841825153,-0.9746286055892821,1
21.730539845224094,-245.79645541009387,"[-0.5822239854442213, -17.515339112047116]",1.0108527342136135,20.589339274628713,3.5824785257509575,0.0008664570161535071,-0.9750275639682122,1
14.729706154820477,-131.6017860276121,"[-2.1400945169487695, -15.74152647060846]",1.0109451158469571,20.885910830649646,3.5885179356287153,0.0005290162734979932,-0.9750597929824467,1
-23.715002422198353,-115.51037543770417,"[-7.953565557019537, -14.834887331647991]",1.0114863759054966,21.51102520704668,3.5832176100602737,0.0008253788754498733,-0.9756538506799631,1
28.26831641245996,-256.16026114419935,"[6.16954065444736, -16.207992281535077]",1.0115617967027095,21.662904614117384,3.586315645671675,0.0006522407114433913,-0.9756984222391332,1
25.140778799552187,-406.65547552293856,"[-0.537544341954872, -16.523740979753523]",1.0115819654239413,21.483825057938898,3.5700596734295686,0.0015608399088180326,-0.9758801204729786,1
19.923011721139424,155.42140263091073,"[-0.7517287577074683, -19.540568050908988]",1.0116934696678044,21.267895594440766,3.607140667119893,-0.0005117824511998124,-0.9756219287636348,1
-18.132811719150595,387.1455421972362,"[-5.034339899135456, -10.93984288443691]",1.0117893172459436,21.327379041461683,3.6188331251560157,-0.001165314835431898,-0.9756002900340628,1
-18.921337316854412,0.544055846898118,"[5.860921974431294, -14.60461196892278]",1.0120041164108495,21.826069140967054,3.6024342496384634,-0.00024877302878201706,-0.9759797422088792,1
-6.32540853998341,321.03723852393216,"[-5.361096772628084, -14.999180005626517]",1.0127668848878693,22.13003220216977,3.61475873190102,-0.0009378061236325418,-0.9766188473010164,1
-12.570701701813395,256.3965465459795,"[-2.2567188358779644, -15.136750625861847]",1.0129112086833332,22.400068565217474,3.613068334990203,-0.0008433697003313445,-0.9767801612431541,1
19.562367107384432,148.48199682871132,"[-3.723582389160443, -12.75870167827416]",1.013030275034163,22.22592319293059,3.6047029759665747,-0.00037564086069628004,-0.9769831730593074,1
27.176573543624635,489.22584167724824,"[6.9456809728260716, -19.856218595917724]",1.013309103580333,21.61538101715531,3.658919643678928,-0.003406145218760718,-0.9767139679482634,1
28.758869521769313,-148.80546602600577,"[7.116955636609394, -15.919630687122101]",1.0133421675252086,22.28323170929006,3.5933513879426755,0.00025900195346100706,-0.9774086193295248,1
11.393953184330584,-125.24779258584408,"[9.364089497888326, -19.584735008164678]",1.013515542924658,22.46461073071671,3.5959889438267965,0.000111546329228496,-0.9775556471222595,1
-13.165887781176743,221.6610089254541,"[3.4980485346656476, -18.425163630064475]",1.0135400065993645,22.599413190986176,3.6168918450084675,-0.0010572049523442462,-0.9773705163691998,1
10.619302032488534,437.64060742650554,"[-5.511994666136182, -10.939190293863]",1.0135457629432116,21.854687151869424,3.622298417730235,-0.0013592091780755715,-0.9773218336070921,1
3.1296519256679716,-299.13369526089707,"[3.4554536283684545, -17.086196112074436]",1.013825076124438,22.744098220145325,3.5812626688129967,0.0009349893376670067,-0.9780120025067922,1
11.79135366124735,-470.45755652291297,"[0.2363709878877458, -17.21276782888239]",1.014010838601625,22.394798812026885,3.5652658022318064,0.0018292828590994814,-0.9783564704291955,1
-28.20033964932878,-406.1618466491283,"[2.417223727953207, -18.381919129287876]",1.0141922192002646,23.09162394259686,3.5725607112253783,0.0014217126323540412,-0.9784655792127696,1
21.974384901849696,0.9311427704727748,"[-8.816874467107525, -11.94169267387849]",1.0142252222418895,23.219339167341534,3.590441457439738,0.0004218072028524764,-0.9783207167354976,1
-27.350270331200914,221.3858791090356,"[6.97369394708852, -14.120001833251038]",1.0142609891179744,22.671218403083273,3.624934877348096,-0.0015069510427999978,-0.9780104793650634,1
17.242078049323332,387.163724411781,"[-4.731883109842194, -13.150358712638827]",1.0143926474992906,22.60095463442971,3.62012486317235,-0.001237975015103979,-0.9781906154918629,1
-13.120627613336922,-220.7517446475685,"[-5.502971935033862, -18.227292162911596]",1.0149362443058596,23.140401395145457,3.5774191347118176,0.0011500378587609998,-0.9791613775917126,1
24.74387439253899,-448.38262473673205,"[1.832476129205693, -14.084589698143404]",1.0150462675541965,23.2138069623956,3.568773901786699,0.0016335359216309785,-0.9793571661948653,1
0.9740161886819507,412.6208430847497,"[6.565616373769117, -15.487462784401787]",1.0151731035456442,23.440717737785835,3.649334900044778,-0.0028719181357216078,-0.9786755407400695,1
-29.254425602723416,-411.4017970805739,"[4.500592354317494, -17.628432823762893]",1.0153707837470856,23.33576312612197,3.5741600789988297,0.0013323686324786962,-0.9796282768964039,1
11.111288380969775,-143.9015466143141,"[-5.894444268312801, -12.02758148479191]",1.0153854102193496,23.10940785213855,3.582644716871073,0.0008578025889000757,-0.9795585874604752,1
-21.20355877057803,47.43078587121602,"[1.768865960371592, -17.078557504087932]",1.0156920160947152,23.712479912248497,3.6021990750332407,-0.00023575680643660009,-0.979669996977039,1
30.475326410646957,-82.4124312079374,"[-2.463671509703955, -15.940806203004385]",1.0160341876297851,23.5157546366518,3.5909570193653053,0.0003930091992160649,-0.9801245386419492,1
-27.59948867054654,-17.715866912544925,"[6.43602905516417, -12.853986613822972]",1.0161167366031405,23.892348890653665,3.602049246846036,-0.00022738863893057712,-0.9800962177568656,1
6.955420084536229,-436.434020475305,"[6.147763468946284, -11.731669471533376]",1.0162488294338996,23.849014470540112,3.574280868736423,0.0013258128892392914,-0.9805051243825237,1
-14.84415059662658,299.26650795252954,"[-3.9813360380028957, -11.800467933245585]",1.0162846214097987,23.564288747410956,3.6149446079107292,-0.0009485962144117582,-0.980134716294524,1
16.872672567341787,-491.1015933180095,"[8.480564582157893, -18.655316448773114]",1.0162865738421873,24.49387423551992,3.5712585293495067,0.0014951475713986181,-0.980572848671648,1
-25.19983907739854,-100.41104666125835,"[-2.1003104940616364, -11.461563945635662]",1.0163983020049274,23.863060047826725,3.589806524600135,0.0004574013507337002,-0.9805001300705241,1
-12.937033353770879,-201.826013565609,"[-5.535883119931444, -13.855408289214722]",1.016482807461614,23.924704044925456,3.578350750005029,0.0010981921245849875,-0.9806986850807737,1
20.09817047201227,-480.18930317238386,"[9.03288696388929, -15.312212458482314]",1.0165070468798316,24.516605236366917,3.572934423056722,0.0014013995684511258,-0.9807767014429015,1
-6.678068941973624,43.44565650372431,"[2.587548775545777, -19.469563702738625]",1.016525491280982,23.95653464998472,3.6024467721358633,-0.00024962882234286633,-0.9805009917827314,1
-0.8599184582976669,-80.07915821915833,"[8.337973932365696, -10.095143608771453]",1.016611102749475,24.167512588211647,3.599814396763577,-0.00010239108621207872,-0.9806129534362367,1
-1.8268179988219906,-451.85107497431534,"[-3.6915937801843395, -11.255205820281267]",1.0168066506903366,24.06080573983757,3.556371954592578,0.002327676831792323,-0.9812401703158313,1
29.65623124055392,460.0692554287526,"[6.069084574651129, -12.454672502918186]",1.0169385599801697,24.103764128992008,3.656906353748127,-0.003296009685832783,-0.9803639558222452,1
25.018040492222852,480.9503137411276,"[9.560821649321547, -15.8576095823464]",1.0173060635696511,24.174222080215156,3.678244379795615,-0.0044897114662402465,-0.980513340766528,1
5.843323236364611,145.49269236143755,"[4.133668155173446, -18.223381345070713]",1.0173492439336749,24.216694297078032,3.6117894049539245,-0.0007722754813661624,-0.9812310459754237,1
12.30497671752083,360.50625881440294,"[6.79984889650536, -17.187216420262345]",1.0174576898673278,23.777014796419056,3.642992149962083,-0.0025174336454836022,-0.9810245383456848,1
22.19862985142875,-19.87051495552538,"[8.196179639739306, -16.421693720072177]",1.018226521550523,25.28986252314017,3.6032237198760413,-0.0002932027526441974,-0.9821942405886003,1
-30.843177398724595,-319.4640874284612,"[-0.5048575320748778, -13.933243110934159]",1.0184497974315212,24.891653345355113,3.5745617332049733,0.0013105038890774247,-0.9827033062753635,1
4.823107796825639,-393.44067856893093,"[-3.8159236125103213, -16.37876107098167]",1.0187871051627717,24.98813302507013,3.561440226072591,0.002044726291284833,-0.9831705766682138,1
-20.680300625804872,11.48527027028365,"[5.680879658890968, -17.348591499546167]",1.0189792589067466,24.824359030591072,3.6029215257121905,-0.00027625489656106614,-0.982950004829356,1
6.644225476367751,257.02067062984565,"[9.44353678384207, -11.53162645158574]",1.0189937859998248,25.580917585191695,3.6403603476283024,-0.002371484941740958,-0.9825873207256535,1
-22.499648264054546,55.80400918604505,"[5.507545665188882, -10.054480277247889]",1.0190025229165012,25.267458940132222,3.6073780704700766,-0.00052566722923199,-0.9829286016491922,1
27.238034645610448,362.8918227289389,"[5.052161451386059, -19.825505822857245]",1.019272887071279,25.49799939653222,3.638701690774724,-0.002278606970500424,-0.9828832289328154,1
3.1034843805077728,484.1442671946945,"[1.9993283685253722, -16.666273203592176]",1.0192843667406777,25.6670855579785,3.6455841455072004,-0.00266388878049891,-0.9828249151357752,1
-25.720623067244063,271.18493353532415,"[0.7723078762235396, -10.614051440475347]",1.019419190460109,25.214499680309768,3.619340485201974,-0.0011950333672305084,-0.9832250593734355,1
4.936030475727776,388.23587162855347,"[8.231401779735613, -16.832442732535796]",1.0195226143214138,25.19262959936177,3.6548554096007138,-0.0031823006537299485,-0.9829689089887689,1
-19.172741060197247,340.2767985627105,"[2.2353001989481918, -18.208557313740467]",1.0197591588227886,25.902850733919955,3.6287091728518135,-0.0017196194635989794,-0.9834705636995841,1
-4.872599417646427,248.6727892752474,"[0.7207529834337407, -14.04169251687769]",1.0197826305040771,25.292251759160273,3.617070720099946,-0.00106804977274804,-0.9836113434348256,1
-28.42840820910247,-39.5221655630512,"[-1.2846338418793088, -15.466891297025551]",1.0198791759664079,25.413536564346895,3.5944510411454758,0.00019770351792100928,-0.9839346456925158,1
-4.493299503499564,-67.55325718544844,"[-8.385983572858091, -17.741721452899952]",1.019947805786761,26.08439569414092,3.585547312780818,0.000696091300962889,-0.9840920864710984,1
-10.711010360004792,144.5087942823177,"[-0.07686551010879406, -17.684597282656306]",1.0201430055949348,25.484901191151813,3.607975865939352,-0.0005591539883650726,-0.9840630880772518,1
-25.123304331783906,-189.79050375421667,"[0.06869566176033359, -16.12439995405925]",1.0204654389618817,25.816917201181944,3.5847811115772856,0.0007389181124800461,-0.9846173505810882,1
5.4927545370444975,-447.62722322260106,"[-0.33212334914620456, -18.09031307239611]",1.020904052407297,26.29433830243999,3.5619885428623093,0.002014819572914801,-0.985282106911999,1
-22.404863884952526,-263.11683127033734,"[8.370609035715695, -10.395355931546918]",1.020965116021298,26.38606329294996,3.586338604784032,0.0006518598653425538,-0.9851015142996256,1
-14.73197819526527,263.0672656286897,"[8.23750303394036, -17.603437152006034]",1.0210036833961003,25.90221502118171,3.6349899558854304,-0.0020711403200104157,-0.9846516055960001,1
16.306370327626475,365.6738823544447,"[-2.9106302261147583, -14.494730102036709]",1.0211233193613443,26.5768271011457,3.62331948875908,-0.0014182519941109489,-0.9848891033244336,1
5.185585730094097,470.8081599171378,"[6.3588919751288095, -11.68968136311922]",1.021673504130541,26.05534019450479,3.661934156310508,-0.003579306318913849,-0.9850476596376988,1
-0.5497131882726158,-202.8711213413178,"[3.598018608532529, -11.11249454288396]",1.0223690756368033,26.675409215709337,3.5866002578886764,0.0006372678641442038,-0.9865028672246129,1
-10.835635363952605,460.7531669484962,"[0.24445279814734988, -10.0741355881396]",1.0232190900444136,27.264485834772813,3.64003121685073,-0.0023542312848620823,-0.9868159696536911,1
21.6409896501918,-297.03028231943904,"[-8.77760198885263, -18.36138473935858]",1.0258450266762764,29.27204767973899,3.5558693923740066,0.002359402908443032,-0.9902835220553671,1
-12.636444887297074,440.96002458465705,"[8.987865429120543, -18.46646496476967]",1.026813596049702,28.893841979292546,3.6744963695118713,-0.0042859957703388265,-0.9900593552978184,1
-18.772761955978744,294.2068787736928,"[9.086632378679525, -11.484368891702154]",1.0273327691420029,29.5375575946472,3.6489932728482017,-0.0028579317200608176,-0.9908387147756565,1
28.856159152149502,337.4089698784203,"[5.867761359728931, -13.049161976537242]",1.0274066745159058,29.18670994371173,3.6429680263718183,-0.0025200905135057666,-0.9909737899061226,1
-10.2677211677921,422.8999699943589,"[6.723073596305138, -16.86941605344729]",1.0276727836996056,29.767953427136923,3.6593826850294136,-0.0034402597742723947,-0.9910729858704679,1
2.6586621661478063,444.09988049196045,"[7.233220437329873, -15.09163003739503]",1.0330512430003091,31.950274237245083,3.6713849513553214,-0.004115416470215237,-0.996328893993976,1
-15.68344506625752,68.39136718474333,"[-9.91943460595613, -10.174254619089]",1.346487708808296,0.0,3.595577688000958,0.009180902950521255,-1.310499773225734,1
30.67786750316833,-25.294464394287274,"[3.6158114826775325, -19.08218172170878]",1.3466580223837228,0.0,3.5999468085283297,0.008937574535111053,-1.310628080622838,1
9.956179628249892,230.8023317788476,"[-0.2787191697199649, -17.81257114218247]",1.7211484763661438,0.0,3.608570165988567,0.017547397118411245,-1.6849714073405289,1
0.13988157681515645,469.5803540468195,"[-7.603354081630933, -15.1016278257815]",1.7222696420881316,0.0,3.611929750699346,0.01735864544265972,-1.686060989988051,1
3.296357363566891,-206.1035143327142,"[2.001138513069625, -14.393668859683629]",1.722281021154623,0.0,3.5956079539946586,0.01827469618558045,-1.6862259173049934,1
20.970194169007712,-292.51584783893895,"[5.782973098654519, -18.497591744214752]",1.7223555907642127,0.0,3.5946325693084873,0.018326490669220964,-1.686309683616118,1
-22.436982893661547,-323.2348944254243,"[2.8741899482440054, -14.371110202378215]",1.7236775778836697,0.0,3.5927709798115757,0.018434348374668987,-1.687649191041434,1
-26.68904574171425,-418.85869895546887,"[1.9544741090126543, -14.964960688636076]",1.7240056738991565,0.0,3.589606779267342,0.01860729189546155,-1.6880070529820965,1
14.137875574738558,63.683833840228885,"[2.2318105370545833, -18.495341532464174]",1.7241392893869187,0.0,3.6041199423179933,0.01779727910011265,-1.6880042707872085,1
8.022887416091237,200.97670106252315,"[3.278627796973346, -15.187184590409117]",1.7251952394681056,0.0,3.6103853143094966,0.017443174983053464,-1.689001316460072,1
-15.385595377584803,250.9818930403453,"[-6.529895150770589, -11.30654695536032]",2.0965561202652614,0.0,3.608330697505153,0.026697909197176725,-2.0602998412737334,1
28.610545745089695,175.76854214865364,"[1.8140458420816223, -12.5116582062833]",2.0973445034252527,0.0,3.61071935729251,0.026560965470166495,-2.0610661713396183,1
-20.943725007263463,-140.76304574509345,"[-3.8186343873032076, -19.863736962769977]",2.0985063169203717,0.0,3.597369849538154,0.027315614818491176,-2.062351730247325,1
-7.770373075612021,-132.46909382456363,"[6.714860991974977, -14.2644327006847]",2.0998266753183015,0.0,3.60285692792786,0.027003222977619572,-2.063621440196597,1
26.820930642925234,292.43183217855665,"[3.4541796020113864, -18.30237233322029]",2.1001043716120926,0.0,3.617191860775165,0.02619442669484938,-2.063766222849537,1
3.655702968652946,-151.41151478936945,"[-8.984745823729146, -14.177481193181434]",2.4728690542472944,0.0,3.5952754784866556,0.03661630475771752,-2.4366411916430257,1
16.337415948143835,-308.32314365384093,"[-8.250376224457161, -14.90380408989539]",2.4742543459725317,0.0,3.5887644963786443,0.03699116370798359,-2.438086098232751,1
-16.308373002556504,-446.728836586757,"[-4.169806765497947, -18.69930158479459]",2.4742695284536866,0.0,3.589429600028325,0.03694306738603257,-2.4380953599099238,1
-13.712381829857037,-269.6904229136966,"[4.9791142889478035, -12.94549699811391]",2.47482744975671,0.0,3.601645695128809,0.0362605681410517,-2.4385414144169575,1
-26.34858887548169,92.70774330038489,"[0.2400807288063298, -13.591531913034412]",2.4749546373855376,0.0,3.6103595171462075,0.035770175650904,-2.43858871084129,1
-19.41884347872295,350.90383199470295,"[3.2060978819866275, -10.069242970645524]",2.4752452107745744,0.0,3.6240481722352342,0.03498482970672846,-2.438753806768837,1
20.528060470213056,-236.65708245475446,"[9.11841383719046, -10.131732187171957]",2.4788897569821984,0.0,3.604894344683089,0.03607121076720021,-2.442574483619266,1
-28.21660402149964,-47.92684134608703,"[9.995942256239246, -18.131371022768445]",2.85162875029754,0.0,3.616444042634157,0.044646560934156414,-2.815110293532965,1
-18.43533965551705,-116.60535563512786,"[-1.7456859980831574, -14.487325974880907]",2.8524022375560554,0.0,3.6073917098410675,0.04516784831709114,-2.8159660995988895,1
2.7543765467462364,-50.5236795889503,"[-7.947961757396131, -18.233001981116452]",2.8538699012710853,0.0,3.605767054975331,0.04525566351200277,-2.817448791464153,1
22.69926350599131,458.0690553381048,"[-0.4517164052916698, -12.213372080781394]",2.8552251686252332,0.0,3.6280739330977667,0.04397962274383963,-2.818601335455659,1
1.1439950903667224,-395.28152883133527,"[-8.526522027579421, -10.31859036405768]",2.855525247252066,0.0,3.5880056249657173,0.04626170984437172,-2.8192656592356258,1
12.824727190091629,-86.30845513219077,"[-4.672902774215844, -17.573533616931094]",2.8565985273068866,0.0,3.6067356857101913,0.04519596270000262,-2.820169038982318,1
18.05266606465996,-428.5444752350498,"[2.7362597131685717, -11.493354562704198]",2.856627532006157,0.0,3.6013249032484964,0.04550337913858903,-2.8202472189157555,1
19.249223028709153,-85.7367216587894,"[-3.397047532470216, -15.846151040376572]",3.2282307009088913,0.0,3.612884536210913,0.05413114959608854,-3.1916428488834114,1
-2.70114199062051,78.7395151738574,"[7.413648070773856, -16.31322035614678]",3.229274370368959,0.0,3.625153673812747,0.05341681939990878,-3.192575991185341,1
-23.171008986805194,421.5625864538754,"[4.2464465007052095, -13.363929989260411]",3.230176360526553,0.0,3.639591627585105,0.05260422391811875,-3.1933471971748055,1
5.989651285821488,323.2523574151253,"[0.1949870418506059, -13.18129866496683]",3.230343654915373,0.0,3.628426486044191,0.05322967135076307,-3.1936158174216835,1
0.3792512004839921,482.8177234952366,"[-7.64937780990058, -14.125034639001292]",3.231132527292199,0.0,3.627768380008092,0.05328671452046438,-3.194410430273583,1
-20.148143675118753,429.08482050797556,"[2.111302119084918, -14.26112517695281]",3.232965280297231,0.0,3.635856628298825,0.05282277940726461,-3.1961702454745153,1
22.441016550969735,-128.2143981359166,"[6.610956760317084, -10.69310601134191]",3.233239532878561,0.0,3.6168555832700804,0.05390431412657545,-3.1966165170673064,1
-14.172205373933917,314.41029393738756,"[-9.409902816016814, -11.90347029293445]",3.233374648927798,0.0,3.6221251406027477,0.05359289261801053,-3.1967041854300247,1
-2.4389178655896266,-372.94677670833363,"[-5.740688238168358, -15.398505631303454]",3.233861001049794,0.0,3.6003404832890737,0.054856663342378965,-3.197387050728937,1
-18.408114568656416,444.66375093394447,"[9.070150491815333, -14.826551918134534]",3.23433184307871,0.0,3.6563151232539894,0.05163632150167679,-3.1973517630772723,1
-11.80863953052306,-340.89496084735094,"[4.470250361785649, -19.046203802700866]",3.2353518409791526,0.0,3.6096999812871218,0.05431453431472823,-3.1987937523522927,1
0.4671860414990405,-382.7505764415481,"[-2.1944888715374162, -18.524649388815355]",3.6078257894890124,0.0,3.610716208269878,0.06358578668695827,-3.5711525872038345,1
-24.807676883296047,237.72657981301734,"[5.06656504498755, -16.052714446752884]",3.6087670458495835,0.0,3.6361583467360106,0.062125114719599604,-3.5718652351088815,1
27.317108175977552,452.8319968261196,"[-5.580595155661796, -17.285695957189922]",3.608887707014874,0.0,3.6345154319888024,0.062201743851225566,-3.572001012580802,1
3.494114203386836,-2.232564292384268,"[8.912088506768125, -11.324644006731912]",3.610631948565743,0.0,3.6302863354858346,0.06245706303290026,-3.5737833628609588,1
11.887255523208765,201.82219555664665,"[-6.778030327269491, -19.506719899622254]",3.610665239135839,0.0,3.6266052294286055,0.06267756724363133,-3.5738496148352374,1
1.3880972747315639,7.890428026064114,"[-3.174422079370789, -16.958636300542075]",3.610794469800539,0.0,3.622270610688247,0.06291128596121058,-3.5740181118587926,1
18.759749122237473,130.6208914453316,"[3.942420744475042, -19.9138147485059]",3.611722217624575,0.0,3.630155517736057,0.062455742351460494,-3.5748751298054886,1
-5.3145113671488176,62.83981700873642,"[-4.119814723452999, -12.090846595444418]",3.61184906932824,0.0,3.623380762481247,0.06285851947869193,-3.575062699625758,1
-15.468611956272225,-179.78311266141787,"[4.367284378285898, -11.640896015540829]",3.6122909356922372,0.0,3.6203531344513067,0.06301841458879683,-3.575532100674969,1
30.186450205450583,354.23672942468727,"[5.16511960505661, -11.765019870151596]",3.6127198693005234,0.0,3.6436626934369087,0.06168759122538104,-3.5757511757276657,1
7.189801630684151,369.8881382840376,"[-4.471672779266482, -11.919794027687425]",3.613326009867948,0.0,3.6324383574137755,0.06233639496225201,-3.5764584169778453,1
20.270103406346543,-90.53983581481373,"[-8.265116173041047, -19.941485895291095]",3.6136357407265236,0.0,3.6157880611476685,0.06328691207719046,-3.576918031821958,1
-21.304006097121505,-262.7266928418499,"[6.808281028099252, -16.960972382868412]",3.6137561490394154,0.0,3.618967597009032,0.06310396491770566,-3.5770098907944545,1
30.323628298987217,469.5918211530502,"[-1.5834578198601434, -15.152615318197965]",3.6138720753303066,0.0,3.6384249486145563,0.061979799703860784,-3.5769508870673428,1
18.64617625746679,-278.9890109781079,"[-3.3465114450333626, -19.149117780819513]",3.9871882164269405,0.0,3.620290288879005,0.07239929215253467,-3.950321922361514,1
-8.006535710008531,407.10036144982587,"[-7.634267024937906, -10.392607973871085]",3.9895661388127452,0.0,3.638715469039653,0.07133074978052502,-3.9525353894231428,1
-11.687032951265046,-476.668769879967,"[0.7937737422117479, -19.708630429372498]",3.990056038882013,0.0,3.618793889893823,0.07248380357481449,-3.953203643917563,1
-22.85585112837984,472.7517097271434,"[-4.499547098911991, -17.856888320077896]",3.990589337911406,0.0,3.6427853860232062,0.0711048303678422,-3.9535221189531926,1
13.501574751522384,301.0955764308144,"[5.0657135958120865, -16.76810798286123]",3.990718457144432,0.0,3.64706402178399,0.07086054740085239,-3.9536128516194866,1
26.710032006551316,231.15804019818154,"[4.553403092054907, -12.773612470240996]",3.991385428194595,0.0,3.642709017573452,0.07110423788396111,-3.954319112416175,1
-10.397847522997267,321.92474718184644,"[9.165206168236217, -18.639818533042558]",3.992441751087755,0.0,3.657531668536649,0.07024700931445904,-3.95524267327731,1
-8.310092651960733,-335.7385994157585,"[1.976211236070938, -19.185420901064933]",3.993140582580789,0.0,3.622317891417879,0.07229488989579315,-3.9562569163711627,1
19.97923095815556,71.52991522374498,"[-3.866932160362251, -19.628702019932824]",3.9935981565699255,0.0,3.6311129722348596,0.07178926838421977,-3.9566358075770625,1
-14.919435806968348,-41.87227601954481,"[-1.2246406568742323, -15.216741693520285]",3.994503244233183,0.0,3.6288864941907377,0.07190807805857583,-3.9575611556535852,1
-6.569241628212676,-426.95366805783107,"[-6.122298735141387, -12.255688904489695]",3.994682248907786,0.0,3.611702883347789,0.07290815533108178,-3.9578937583603953,1
-0.39616114380272194,20.701123206815282,"[-7.308579909903717, -17.750587617007497]",3.994797649048418,0.0,3.627639176761477,0.07197722609914768,-3.957866827378994,1
10.98709975443473,311.10888973070666,"[2.796144057787897, -14.301936717686452]",3.9950481430550657,0.0,3.6439865503234614,0.07102944334760304,-3.957970984390816,1
-6.459503571973158,386.52506323321757,"[7.012667976973173, -17.82103001424762]",3.9955256776083155,0.0,3.6562563257703005,0.07032266961139076,-3.95833849776992,1
