-1.8730934633754046,13.623331226523646,"[-1.6738963672515794, -19.842723214881154]",0.07632021747010223,70.23556614691519,0.35214003015289563,-0.008778119033247508,-0.07226764426340114,1
15.515309551401558,69.88675266868847,"[1.945058320417302, -16.198060878394703]",0.12666220845475007,81.99226658014035,0.8473085965533755,-0.01992138117207648,-0.11649809975689651,1
-13.508524306884357,-3.419702883316603,"[4.95417554952839, -13.53478565211064]",0.1300789785975786,85.7003848140977,-2.5153809119728976,0.060012894094608964,-0.08606825043153091,1
19.161123387480394,69.91823624370437,"[-1.9521590269162514, -16.364882997680372]",0.13265402110388494,80.14697567961971,1.9793446036919704,-0.047422437115439475,-0.10241397298454094,1
22.40934479118038,-79.92948834387397,"[-3.3087679630229614, -10.147948701570485]",0.13554757523889216,110.41117580723083,-3.5956716562895963,0.07118610762757371,-0.06964823912101253,1
4.43418387230134,-37.56089303371246,"[1.0727538717961416, -14.242217004099647]",0.13673128582475877,85.81505288270277,-2.2416308904621474,0.052022871341634115,-0.10179162443749143,1
-18.168331082764162,181.33715439022632,"[1.4800649346249255, -14.684957368580683]",0.14350113862391334,76.27046562059604,3.8948252506411336,-0.09145338062436727,-0.050671344642450024,1
-24.65791319347446,155.56753407036132,"[3.051666566984043, -15.412554980396513]",0.15166058008661584,82.00991503303955,2.9181597939114,-0.06807797356330665,-0.10181596428557654,1
6.167823579519833,86.44863756682469,"[-4.779100212897788, -13.786552027160646]",0.16401818086761943,86.9950825812507,3.395633791698856,-0.08202101980256732,-0.1009387700651312,1
-24.681407382167627,172.3575738655021,"[4.616912582224874, -10.679746143129634]",0.17566364856189318,106.21516806451855,3.3305011508191456,-0.07121580780249818,-0.1232651218424142,1
-27.694569131725167,137.24344025591347,"[0.4654184089553617, -17.153258250721905]",0.18188338904708218,81.4164956529029,3.307689426950219,-0.07807388129436098,-0.12668007715352864,1
3.0853767268918233,-145.26060283865155,"[-4.073214388332013, -12.317191086639044]",0.1914391525970337,94.37121228799894,-4.441260363132642,0.09861177054689606,-0.10905285328854006,1
-9.573590464876705,-156.58822333319682,"[1.3946798665434397, -16.440707920679984]",0.19732080073755812,75.88412717712613,-5.300654938803746,0.12440706189279288,-0.0731401811166436,1
-11.804925524447128,-35.4897536432816,"[-2.373180009239071, -13.271056270250778]",0.2035823846021745,98.96952549106548,-1.2802975104059442,0.02682890236866912,-0.18888354371448532,1
8.736374969381288,158.96336816868552,"[-3.9090234350392086, -18.342619812202596]",0.2081025055658794,76.75864862792262,5.021966134276681,-0.11923387740610782,-0.1034904583944089,1
-13.181895881368465,-108.68897328592635,"[-1.2862042878387903, -11.693167733713395]",0.21004563875576376,100.62729899753494,-4.588009498940664,0.1025218169449601,-0.1282170145121458,1
13.205227011670857,3.711945655483447,"[-0.11910002650271512, -11.524103984499394]",0.2231860900196546,202.92521462123122,-1.8986524285219275,-0.12726541521532542,-0.1596902524771089,1
6.258848425560032,-138.8120708145867,"[0.473426717635296, -17.082383419464097]",0.2264828754711597,83.18053703706487,-4.873702702241644,0.1139442289086157,-0.13641957095367435,1
-21.94376132519603,111.82451104602433,"[-2.6545200741304664, -19.920621087826902]",0.2295203625867041,83.53748553369833,3.7017152075304693,-0.08796449271555082,-0.1712300618422243,1
-24.635886966423687,210.53641400226326,"[-4.659168849633942, -19.72942403552817]",0.2359658715193323,71.84600164058698,6.382915812792817,-0.15140304379761563,-0.08190339691375259,1
-17.66894366620963,0.8516087531672554,"[-2.8223960707122044, -18.58064347137937]",0.23658504111332085,91.81710972401552,0.42256388438090653,-0.011209397091016976,-0.23208886496318754,1
26.87771871900771,136.49979062728306,"[2.431394864679241, -18.580401662109296]",0.23980132067475948,88.17338588144979,2.984743630495359,-0.0700952700945549,-0.19790726786134263,1
-2.6802530093313024,-102.26800977750233,"[0.5023990168396653, -12.24118908914195]",0.23997029778826667,203.10512121834512,-11.763124183780747,-0.0702926257856452,-0.10012887381274614,1
23.797038931154127,-159.0617305022261,"[-1.427854798989292, -17.634760040131376]",0.24281538911100076,84.38935122919305,-4.950598024587634,0.11533620102750652,-0.15513248624426296,1
-20.208711043929654,167.29937048452553,"[3.108366325048447, -12.387570108588992]",0.24821092630045144,102.74629001943407,3.762300659306675,-0.08540225753488286,-0.19249344491340334,1
-19.84596232459343,-249.218835691743,"[-3.6468618494635496, -17.680821654020207]",0.2604136987413966,79.59670195332708,-6.684063413194508,0.15588092633328926,-0.11476788813849688,1
29.89490143358345,-21.096941731970844,"[-1.0695260171157117, -11.991221304301776]",0.2632940007664808,109.93795563956196,-1.4731120859905786,0.030573845294928244,-0.24667538436441572,1
30.989541761466732,181.93748442199205,"[-2.889233993839836, -19.613889191433145]",0.2706812081609367,82.58785748765368,5.817108755580193,-0.1377802157219615,-0.16179358304709954,1
-8.313851380896079,32.37073511290316,"[0.34248771277868784, -10.620184231379833]",0.28654107173688764,120.7154726888256,-0.06863748433443106,-0.000847978627281314,-0.28585343914031747,1
-24.185038974016734,119.42730668002093,"[-3.638843710624309, -19.504672596362653]",0.28808354484788645,89.44002180282243,4.490724397757731,-0.10674996674957969,-0.21849292415071647,1
26.577809554342572,95.6124595301622,"[-4.5814171204608805, -13.323681271959245]",0.2917281155528504,102.37545122822235,4.287564797956293,-0.10375747103448117,-0.2261900480168013,1
10.827485309348518,71.60112682288502,"[3.560844984455585, -18.68579570798286]",0.2934132515785632,97.4078763159688,0.6676114744082042,-0.015384928274418175,-0.286324098919436,1
-3.6035659577779526,95.16062258998295,"[1.6495059514253096, -17.931572960998878]",0.2935239705479003,96.40765486670024,2.0932428283499576,-0.04924349888215505,-0.26810674503251086,1
-10.313782660205352,225.56041457132204,"[-4.799616054562851, -12.227115132269173]",0.29808467590617005,93.99990164022338,8.16967863208356,-0.19344870052736562,-0.09696039925386286,1
6.153767509642371,-137.22148821060222,"[4.0310455132840435, -13.90433861555663]",0.3094812613119412,96.0357533596851,-6.906565136248901,0.1616179019872339,-0.17798685138125234,1
13.20347269651051,248.039000996778,"[-0.2074237400715333, -15.613454773238285]",0.32206689789123183,90.96076784446595,7.3263129184761056,-0.17201750289349382,-0.17975898870662868,1
-30.249087396407788,208.24003286522878,"[3.515778197369519, -11.241804227916042]",0.3248953257779518,112.76795455801165,5.444711526717583,-0.1210135508387179,-0.24186350506408782,1
1.9865596179706912,40.38661625506677,"[1.6089024257663578, -15.5009205037411]",0.329963788617073,105.75820880424081,0.13905878044488418,-0.0035133858025468714,-0.3285544162120721,1
-18.892304708158818,-15.755544845143959,"[-0.6573036545166637, -14.681411164433811]",0.3302110702075767,106.76563860621658,-1.0994921979008723,0.023820018293576124,-0.31832617865701335,1
-15.47594918277137,11.843525103595994,"[-1.6044432013068732, -11.80775254423145]",0.33870638731021635,117.11875287917147,0.12771102716124005,-0.0073674233164133535,-0.3373488373723432,1
3.9511017825668233,-69.28048281719384,"[3.5611835481881986, -13.034570290894017]",0.3454382582643119,107.4381412071995,-4.999492670180189,0.11670804959801503,-0.27141479938238905,1
-8.374438904106508,0.173925707105127,"[0.7051794216538019, -12.845759497191576]",0.34694012060200524,112.96269497870163,-1.2464542942007029,0.027530215494426562,-0.3333406655147552,1
22.706542269731315,158.6666855905848,"[-2.9497334988399992, -11.464259235787193]",0.3473028802427367,112.18365858940167,6.4057335586694535,-0.15196970281186567,-0.23902562204661496,1
-28.953912142541366,-100.72870055287015,"[0.6691188757509536, -12.13439780375639]",0.351775745076597,111.41131114541781,-5.319312860238824,0.12052749901438436,-0.27317522003637523,1
-14.85907040232804,75.28255928977381,"[-4.643506699201757, -17.485742842726225]",0.35638590970676715,100.45401815946121,3.792183309134998,-0.09107297964425075,-0.30516402224578865,1
27.3667518258291,198.37481907648106,"[-1.3892439390416356, -15.49779528930203]",0.35709146797373337,98.1288584546838,6.619840031622516,-0.1558214500493009,-0.24563886605284774,1
6.170211069101818,149.39273543807286,"[4.923297869320789, -19.36032084979732]",0.36612657643032,102.01830943498781,3.0028177950962345,-0.0697605881224965,-0.32877894367673927,1
22.511031920854904,-166.97134866693264,"[-3.9970024663503043, -13.869905859766725]",0.36675297146285213,106.17394690005065,-5.408845784893856,0.12078369057938672,-0.28839278452043166,1
-11.432043565901491,-84.83499237953569,"[0.8030753339648564, -17.118800082161346]",0.36852801425429055,102.22354906847413,-3.9680329317134237,0.09202939047450051,-0.315707762301498,1
8.75122360237917,-8.482294092239272,"[-4.053709077396649, -18.15475931111073]",0.3701874269322028,104.73025782871353,0.6982872664611932,-0.01859694871961363,-0.3627281375066448,1
11.755311497741673,162.94361282492247,"[-2.085780911302755, -18.69029274680798]",0.37259671735903216,96.93382046678947,5.80507132855837,-0.1372689575458308,-0.28301311272245805,1
14.037557221266383,-7.858630182971183,"[-0.1646094890278702, -11.261346609904685]",0.37294886997459925,120.99478254729702,-1.4206525254157896,0.02916909740145445,-0.3575545184336292,1
-13.218705933415126,51.59843708099737,"[-2.727457185311245, -17.607462050304022]",0.37440167034483407,104.11843168423206,2.3563851002254523,-0.056937655597479854,-0.3461867687479105,1
-25.70161892047918,126.07345282078705,"[-2.3318585125841516, -17.730562115461424]",0.3800605514226525,100.96322354174897,4.773748945991429,-0.11321435696034295,-0.3124437979706846,1
-10.007979493103015,-145.51529369212005,"[4.986017164717694, -13.411041224626711]",0.3803344524848983,102.92858229084565,-8.08669606677995,0.18925098597809184,-0.23208800693173312,1
-13.249957660223046,54.459011306517596,"[4.062710781399254, -14.104478320577828]",0.3839194144125339,112.3919997074862,-0.5089519100183679,0.013338174113143364,-0.3785950114485051,1
-8.233859932213274,-127.77051111489246,"[-0.26492474969914603, -19.455624586211776]",0.3867462628158651,99.39019642267256,-4.952594888010026,0.11527187839823744,-0.31690682255432395,1
-5.855359045723112,161.80170942415276,"[2.031553532975799, -11.074171488555107]",0.38684072944518805,118.71584435622539,4.6323766633872765,-0.10406355860882785,-0.324226121297945,1
-24.1186098252131,-8.218223352091997,"[-4.321019735201737, -18.88630895686986]",0.3910383976798464,105.78901652494505,0.8544407567887902,-0.022204865231325515,-0.3818489183326642,1
15.121236080085069,85.44793002747838,"[0.09711695325220226, -13.756509176961254]",0.395137534897072,112.43043157356263,2.4666385334444385,-0.05841341888333322,-0.3658370472664231,1
-9.951064880692861,-10.871320931359179,"[2.2480872508713325, -10.297331692959418]",0.39682672544214365,126.07192323121166,-2.9377426918799756,0.06722985236663208,-0.3612466386501864,1
-13.599907425558285,-96.23704671884752,"[-4.901885204470845, -10.273166268740143]",0.40593508386109683,126.1405169059478,-3.1137336659903667,0.054391307674753475,-0.3708300647958844,1
-23.170649047266068,-26.19205230887823,"[0.3906739687864791, -18.41534907233776]",0.407362183952531,107.01200668503132,-1.6763041219955994,0.03839560187510743,-0.38870743247341016,1
-21.80828793932864,-144.17846565420166,"[3.173990490178854, -14.004354826760846]",0.4074208519327481,105.85696198113229,-7.458285552116649,0.17345613697205708,-0.28406707025279604,1
-6.7048654741496385,50.57023476624806,"[1.3618074066354886, -17.662061475869145]",0.407907512178892,108.40218922754865,0.8244522487484574,-0.01969957229616101,-0.3991771939633104,1
-18.236623556819296,-49.775450872381384,"[-1.5769004340170678, -17.555036342642232]",0.4085992337756796,107.61745606620568,-1.8427099517257375,0.04137830782439699,-0.3879718159781219,1
18.486590744536997,-28.47554202870535,"[-1.8364960055641752, -12.009742180124489]",0.4273424171679043,120.7187495416764,-1.3473582182559767,0.025895160795712486,-0.41305792961700966,1
-8.500947055964296,-208.95506408454378,"[3.7964525074592252, -17.632174375526194]",0.42946878370221475,96.75552911631371,-9.086416579432807,0.212994614888251,-0.26322306376370513,1
9.443350630596939,-160.70311998242505,"[3.928689621553996, -16.56303628217053]",0.4338777061829081,102.11277714719832,-7.902767881781074,0.18497634741629324,-0.30282386434615277,1
30.729267783189677,-224.30796122182977,"[-1.417912960733604, -16.693451372953362]",0.4420164990221641,101.82930269279792,-8.176184502110118,0.1891570949243028,-0.30659910170974713,1
-5.707329561126691,-25.567935867719655,"[4.145117231189522, -14.415815236408127]",0.44390290120299464,113.47188511004028,-3.6584421773859503,0.08615065570038834,-0.39810351443670516,1
12.605604801224096,-22.78935688550564,"[2.6649755924534, -18.130652346751994]",0.4449599822269989,109.48403443033527,-2.4987953247991754,0.058347206583534005,-0.4158991567779892,1
-10.491992362723298,-190.8058020634437,"[-4.894209680958442, -15.04011404383559]",0.4457216814580618,110.62765575522252,-5.942244886583467,0.1331603009266423,-0.3626229879068199,1
15.218643730800352,-40.278696047158775,"[0.6310791763452208, -18.0121337611943]",0.4495548390012047,110.20704681507918,-2.370801246922383,0.054562150511705584,-0.422336940604178,1
24.39714607166257,-130.66862612948597,"[-3.446739823766313, -12.477817700933718]",0.45147178008152716,117.69897430245562,-4.722366489698288,0.10190769061753198,-0.39119223052517027,1
4.067280578667862,-71.08608723657849,"[2.007771887625509, -16.860711712694105]",0.4538391261391021,109.8010341803152,-4.1799952239962295,0.09717370899780804,-0.4004167218125323,1
0.8171642332572695,-111.89017180069177,"[0.39983454945406827, -13.78774111617915]",0.45428968061469416,113.59742252799995,-5.4645307651408075,0.12472626344285204,-0.37968274131016594,1
-16.716218985013455,130.84007282090897,"[-3.2643024397184037, -11.121411504539783]",0.45875448694917803,122.25664944517716,6.062909694399423,-0.14544383456993387,-0.3706074974314112,1
5.309716266342804,96.37598100548712,"[3.147994119565791, -12.994050750179996]",0.46105451490374433,229.74657531810178,-2.192389079419627,0.4104461293870917,-0.15610791108075214,1
29.16683163910485,-13.461917218220265,"[-2.4688343526318866, -11.068274116111601]",0.4619746730275572,126.64528175749741,-0.4375861233352225,0.002406272188033218,-0.45759248508867073,1
-22.317074180930618,171.05804090512055,"[-2.006991774184592, -10.674629196678797]",0.46254915642987204,123.35946772073633,7.237872750941278,-0.16968267436655798,-0.3513413633829467,1
-2.6470853892084065,146.12361529273676,"[2.259221978443647, -17.559339876421106]",0.46946245910742335,110.16011814572795,4.1368711542190795,-0.09660228898888824,-0.41705186064391603,1
-7.63331061023235,165.49809593695772,"[-2.8094013131919224, -13.060966050612397]",0.4709364241219415,114.41815819650019,6.952869105957689,-0.16434888769697123,-0.3662207138803523,1
10.546836088272087,51.87509271832482,"[-3.8797031178300676, -11.363102358585548]",0.4752547053445953,124.35272454210619,3.1441534998643874,-0.08031970089909132,-0.43648467993734325,1
-10.068366525809129,198.2076787273753,"[2.552928303212915, -17.251370257538344]",0.483732750461578,109.31166736143905,5.930097489592754,-0.1382405181790282,-0.40128779104702955,1
2.071980687404235,155.67461269671605,"[-0.7945025011167779, -12.069988152980777]",0.48380287776784836,119.65899173947345,5.891372738578866,-0.13771035653933558,-0.40195353937264644,1
-16.197755474748096,-113.92679634878922,"[1.4841238756468256, -13.228465291898985]",0.4943250116017733,117.02626302988175,-6.233359716355608,0.14286099483131706,-0.407685317744137,1
-24.65348745405903,100.20584170498057,"[3.4709726702777086, -17.825380029049654]",0.5016952138133324,114.69556294932167,1.992852224172566,-0.04613359397355252,-0.4795527464366512,1
14.914286196751775,138.9436812804804,"[-3.356074246432492, -12.6662252051269]",0.5045404912566176,118.84471938037616,6.404097419092977,-0.15253608937092777,-0.4132463744239368,1
21.9025550877763,-140.98632539514284,"[-4.215871949488676, -16.866806244195267]",0.5073368048130956,113.87006289157465,-4.381675167563117,0.09864701848795587,-0.4529013197198643,1
-16.570892118266293,-146.47866567664943,"[3.921607081013228, -18.45222055464087]",0.5093470419631133,107.59207141549287,-7.6588339770905804,0.17936309550667734,-0.39383876687465175,1
25.004263214106558,-71.9114070069702,"[4.967264257409573, -10.687819204467836]",0.5097477703793534,191.61449548941548,-14.441489008141161,0.32450751925566385,-0.16781830464322192,1
2.464750393411343,-14.61046022595636,"[-2.4217464283776122, -19.115417438707855]",0.5139914898650281,116.11746487657686,-0.04509237218235285,-0.0008327594640768982,-0.5135398909396991,1
24.435498094548535,9.231717547736366,"[2.6770125323299654, -14.468577452934134]",0.5218641841995288,120.43828576439805,-1.6390611570295732,0.038290449865363965,-0.5040212039941064,1
-29.47542554887243,-235.10513119951014,"[0.9396567722285996, -12.048229764205093]",0.5247225718814521,115.34761897508302,-11.100781512805042,0.2523776435746234,-0.3278191955625031,1
-10.571726274340552,131.95550343037206,"[-3.4082205370693366, -14.227897067806992]",0.5261060678382038,116.83837087438927,6.15044708816049,-0.14635661674582295,-0.44094714493841347,1
-9.519520825898699,-174.88055471297224,"[3.5741577618346483, -16.52235165099309]",0.5325383603126659,109.79872367293763,-8.857358455866688,0.2067251849719339,-0.3928987401463872,1
12.751297601656624,78.99458142975226,"[2.139749327743675, -15.300422587404647]",0.5369529700535192,120.16969057236463,1.6143912633351647,-0.037480878644275,-0.5194586201295888,1
26.654599446847676,55.88158365924869,"[-1.2934654017333989, -13.389781377544022]",0.5378509015511248,123.1391767798705,2.2235642658365578,-0.05439121620187104,-0.5127384233730963,1
-8.814387991550028,-177.68809710487488,"[0.09586444307499331, -12.27545836809114]",0.5401159201043759,119.83889484941076,-8.527008700269107,0.19257141394435362,-0.4120691476214134,1
20.25468760738059,-177.73593330016524,"[1.0004064765170728, -19.109029355098944]",0.5411914414233315,109.2627443716283,-7.833610741866323,0.18251880685182054,-0.42534920402177884,1
19.765296438700865,-60.3842032721094,"[2.1789391889585117, -12.7037972931762]",0.549021578141291,123.53571001669448,-4.591282077957203,0.10545854511798426,-0.49193182149120135,1
-19.91759763824549,243.71746635582548,"[1.8705537073886784, -11.271200794310637]",0.5522920375055561,123.8318249249298,8.424520282493631,-0.19053871049606916,-0.4275077066639181,1
-6.797696862906598,-83.65657864795466,"[-1.6781570594746453, -10.328967636250914]",0.5558482215767012,131.6816834971773,-4.159527059834545,0.08564124364535274,-0.5070716665096014,1
11.923235702428492,8.45209003866205,"[2.3792389255608963, -17.822621216757472]",0.5575074309790133,119.4218192696942,-1.2272141533348986,0.028432004102780923,-0.5444934728714357,1
-4.568169307860689,177.678879822532,"[4.540948107142416, -12.490197569534443]",0.5655874859032886,126.27988973938763,4.244724753211358,-0.09374110547325908,-0.5146730167278065,1
2.0508292139031,-15.286980709675447,"[2.044677618124804, -13.197677281603227]",0.5663302616781943,124.94090661912418,-2.5299915362011234,0.058149219304405184,-0.537896369135633,1
-10.515995045137217,33.903996678684734,"[-0.5048516476275626, -13.940680548967503]",0.5719409939271409,125.04634181733702,0.9922451741686018,-0.02522609575911419,-0.5614521224939986,1
-17.4208716321297,202.4169969248939,"[-3.09907247075367, -18.944405925815424]",0.5735970423279527,110.66946752248192,8.705157094884271,-0.2054252524709455,-0.4410521073147352,1
13.240567329433546,-229.95958035271514,"[0.3899549975496308, -18.926821186053076]",0.5762669513646165,109.31266813113541,-9.646022394821557,0.22458684276314977,-0.4239991105317518,1
12.080990055609746,110.38621425507841,"[-0.49484380908314307, -13.790044620078497]",0.580064401195942,123.15358269423874,4.198160534467661,-0.0990139660772257,-0.5288944409925033,1
-27.276925585236672,-102.49769813832776,"[0.02849335045411472, -17.36684022633381]",0.5826762169639681,118.23328398244962,-4.840390654352632,0.11145115136642694,-0.5225184614356652,1
-5.623576388342581,-177.90236171360885,"[-2.204362994490079, -14.184625484747526]",0.5836396576136369,119.82103410629847,-7.141406446741712,0.16108891397717867,-0.48623597158956655,1
-10.954092679720763,228.33919494040936,"[-0.17715014277960428, -15.698076037779536]",0.5900016851417984,115.61599905323983,8.615118324127252,-0.20140414800574047,-0.4618459672136302,1
27.263250791564623,214.671311214379,"[2.5847708431100305, -15.520954863028384]",0.6001936948587203,119.64563030363573,6.992802119832049,-0.1619138585145609,-0.5049411719036628,1
-22.799923775489745,-225.40857578025913,"[-1.2129022543470724, -16.578833163302647]",0.6007970200248429,114.57782430968378,-9.197968419857716,0.2119274883633243,-0.4625816910701849,1
-5.581067185402748,-69.53205491721275,"[-4.260763150692246, -16.179120842602032]",0.6010316968592542,123.65709710679494,-1.483172470900172,0.03033009321962082,-0.5854148040443168,1
25.73709824285386,246.55113091182028,"[-1.3968301951149922, -18.222991561214585]",0.6045343214852359,111.88114699547775,9.807466950694106,-0.23048582423479233,-0.4509741277598792,1
6.390767607053803,235.48814113272175,"[4.517928597307515, -14.346329985723647]",0.6122814852455633,122.83507147712602,6.852995674365047,-0.15622800824211766,-0.5208248594190443,1
-19.69154431030471,-144.78358295946225,"[-3.6971117421973423, -17.915530115032727]",0.6126861384224955,119.71868014033771,-4.982015086503452,0.11318608028104205,-0.5513683262390481,1
-14.007770029795857,-32.063859287629015,"[3.9979526125344, -11.25306750334141]",0.6140944707619639,130.39410011695458,-4.703898129539084,0.11034895503372896,-0.5562149191249177,1
3.7268006472783384,57.123355886839875,"[4.323555692973288, -13.05220468921388]",0.6198996007275132,129.55293500421783,-0.6726304058620372,0.01794703325968315,-0.6129105935982619,1
-12.948564081927021,188.96295398232803,"[-1.9397357567364102, -14.173801396292133]",0.6224058115191978,121.02727985971175,8.13479522529451,-0.19105495332490854,-0.5062031330244778,1
-21.15182833601573,83.34226568044045,"[-0.9711889577928972, -19.412041817606205]",0.6251823011599504,121.11326139141653,3.6361596454607934,-0.08633238195783403,-0.5824573307249062,1
-1.2259893897594836,116.01850536725254,"[4.921216308348749, -10.453142972497186]",0.6261943600984838,135.39509881954126,1.2536131000779278,-0.021646801005252736,-0.6132763146784407,1
8.944972275001163,-132.35647060479334,"[3.5171805380231156, -17.04793007982012]",0.6285361426672876,118.74680294276689,-7.699447710785535,0.17956705013306784,-0.521491978226493,1
5.624432863620413,22.81815440850346,"[-1.79418046517093, -13.954658097964359]",0.6307986431667395,128.24271299818597,1.2644309177680952,-0.03273331546685698,-0.6172870569581089,1
26.21584499613926,-78.78052315795748,"[2.0092702135709875, -11.712756028047567]",0.6324766762223428,129.8235133078249,-5.614099947669729,0.1279098984337307,-0.5619625166970961,1
27.618178599208093,104.55450109546678,"[-4.648909487320852, -19.488122798062975]",0.6378024926457465,119.36779639681598,6.077576139433859,-0.14460205798744083,-0.5586144407410906,1
-6.853633784428538,230.1457470269874,"[-4.423743603970442, -10.291289857915583]",0.640160899350348,129.7701764517572,11.699987454158418,-0.2752213810241994,-0.444916452051493,1
19.770783997390232,148.65733457712554,"[3.2415571854786336, -14.47847349934608]",0.6476847755530173,126.76055302658877,4.106471083019642,-0.09399849404409111,-0.599293071912034,1
15.081366877443749,-195.97624865557566,"[-0.8496395304541249, -14.249245820427559]",0.660991790740633,122.76957276329401,-8.730904614747487,0.1988302015207121,-0.5381249319694932,1
28.751231658059766,-144.66096469294092,"[-1.9893382152452643, -13.129607152148774]",0.6639314370512842,127.68992861212125,-6.156553893973069,0.13685005756040086,-0.5866146409300176,1
2.3058280380449716,-195.81424096029676,"[-1.3660410188738936, -19.76134353965012]",0.6716531797968719,118.81805830149587,-8.263282456337038,0.1915060589730426,-0.557019217133497,1
-4.033348270535722,85.57459849268673,"[-1.1060009099407853, -15.127162808301355]",0.6729214909582154,127.44152753077584,3.76871679152282,-0.08970600132270155,-0.628868411115214,1
27.830832817950608,-190.73183343168893,"[4.922476026415158, -17.652161072577776]",0.6790378375123064,117.8625428100653,-10.690069902407231,0.24997030704739917,-0.5146413808003917,1
-18.759878251086903,-59.739763659100504,"[-4.3106656472773, -14.824550199033357]",0.6795574109794549,130.15545713063662,-0.9827340962424387,0.017476837509337997,-0.6695019991274773,1
19.741663352943235,29.949757455117265,"[-0.9125612254306805, -14.663357906531733]",0.6806586747574641,130.3530590495452,1.2313974903281633,-0.031025262559149065,-0.6676241988621391,1
30.62744191451293,135.09627113042603,"[-4.5447377270808955, -14.440875873831013]",0.6821527140929824,125.34262791152456,7.516911604144298,-0.17905330778831896,-0.579973276344397,1
8.989289130681051,169.96144183592634,"[-1.7616790300262828, -16.96693409672053]",0.6829044957145414,122.39610919605488,7.627404679268238,-0.17962079112578347,-0.5794280567546621,1
-10.47429105100299,142.23276469904005,"[3.0328805809570305, -11.037579303837767]",0.6841105986115867,134.74543562221567,3.79615197307794,-0.08380429344474233,-0.6406914019547502,1
-6.662727520472387,152.854595650418,"[-3.7698852611337594, -19.94166790477752]",0.6859024716731824,120.58730683612913,7.877686183465812,-0.1863365599510975,-0.5778236690785442,1
27.379809702467192,-90.50055735291119,"[1.1154007882450534, -17.978637424736366]",0.6865470255570801,125.06693966290004,-5.034922522472243,0.11643919777020634,-0.6254514804286271,1
0.33764879370082923,-109.95358304302127,"[-2.8541561521281933, -17.256549652378574]",0.6869374100075547,126.30908478449943,-4.009405443882315,0.09036792580875401,-0.640499777227471,1
-13.044174221692742,-190.74908427963516,"[-1.060035490507436, -14.797657439682663]",0.6877037978187113,124.22818066548493,-8.43576133823808,0.19234535106669565,-0.5718652675210378,1
-12.417598453680505,210.84344811440423,"[-0.45207397282724493, -11.451500833715173]",0.6890278344394533,129.908293614193,8.793939810170741,-0.2031715926933325,-0.5657107142536819,1
-27.26676633742289,8.9194837826156,"[-1.0063691768827052, -10.740413415283104]",0.6930865702505664,138.01110103283744,0.09580870956688159,-0.007335722441625727,-0.6920896071828841,1
1.4626594291235122,-114.28460950710729,"[2.469597708192639, -11.582516406107002]",0.6946187221363979,131.78101089684546,-7.574445072426897,0.1730469019506773,-0.5941886346448964,1
4.409402490419801,-188.62024861488624,"[3.6952296862305527, -10.93484948968422]",0.6964143395822079,130.16556595684636,-11.750596066447542,0.26868566620237866,-0.5127796056382712,1
-5.711476898666799,62.77702763585165,"[-1.3494587894641108, -13.808841974541352]",0.6978559211951132,131.1730282119295,2.9211560867852313,-0.07058181952065747,-0.6649086308287818,1
-3.9971064055326266,-47.40269759112746,"[2.9663294887152736, -11.250367815439278]",0.7113142166157729,135.08759497868604,-4.910689481526788,0.1132911250504522,-0.6524443715988363,1
-26.863258691197117,25.213664110926516,"[-4.443787660999531, -10.166273062260222]",0.7167701845760284,138.68197336204324,2.9870862051811855,-0.08026827087200085,-0.6821932893069578,1
17.03673302969264,101.55257031579742,"[0.6741390364194029, -15.06324405975447]",0.7252707464587914,130.7007952107594,3.689272489024006,-0.08661549151770379,-0.6829070633752293,1
27.690152909248845,-216.51417720816585,"[4.5294419687272764, -15.784831665339176]",0.7257386248092523,253.3688034397271,-28.754045797959407,-0.10606390448740904,-0.42516829794536504,1
-4.160819663012827,-100.50067672266971,"[0.4600788533418356, -11.396869129207198]",0.7283458040778993,134.87639701585314,-5.892164710931866,0.13155940519635637,-0.6563694271044895,1
-9.957152479562726,-109.9167025473538,"[0.31536591934047387, -17.525792113728738]",0.7295950340581011,127.58964384274367,-5.618424583743035,0.12946147631519594,-0.6608493140211883,1
-17.981739855353872,200.72179915603374,"[3.054883662532765, -18.400654338748538]",0.7329246306936709,126.55860061175449,7.115445757458474,-0.16582641189364167,-0.6406569777568535,1
-19.531688397981455,-219.8669172403747,"[-4.803973873866281, -12.677326837573508]",0.7357380348693437,131.283231616854,-8.080488733840866,0.17640602567737249,-0.6307284216201866,1
28.688467820128352,65.48287508627288,"[0.9655052729800362, -10.117054440925997]",0.7369867804361778,140.30549136208336,1.5815583520916334,-0.037155610769978496,-0.72021340993382,1
14.812991019263656,-42.67124389969763,"[0.01983823047295452, -15.369427769650056]",0.7373429231840266,132.17186355756982,-2.541501661766233,0.05709099393823516,-0.7096350911272006,1
14.93368143364792,79.27284703673718,"[1.7248095748911387, -15.483433834959342]",0.7376316874517174,132.17467345648637,2.200412023048557,-0.051517423839733435,-0.7137708105602918,1
19.89558314686547,119.19131790773014,"[-4.646204930296088, -17.391528325991338]",0.737674737292286,126.54960959676512,7.147986883030171,-0.1699541106142197,-0.644151537334508,1
22.381164098588833,-129.8219604818101,"[-1.0126791637552222, -15.07656554220091]",0.7380222688162213,129.42871395713155,-5.96410096911859,0.135405216288301,-0.664730441708507,1
-22.213851762927142,-27.288222317678418,"[3.1573405591059736, -18.051767195615994]",0.7398574075184957,130.13737623617513,-3.273842503287142,0.07627464701880592,-0.7029931959938597,1
-27.51737970222505,129.01493159233405,"[4.397112806630295, -12.682482149232154]",0.7428518268312571,135.88500174868028,2.579562705319404,-0.05642914519687881,-0.7148323895938873,1
-19.52972082430101,16.540038572370236,"[0.017948658774805892, -14.142804957979465]",0.7438310375440946,135.12323622601684,0.16909167799531133,-0.0059208235197986975,-0.7421165021050683,1
24.072563678256927,-51.15419724276359,"[1.9883521155973094, -15.067205687715084]",0.7458399817619854,131.8643940828017,-4.007096469257704,0.09234356187899667,-0.6997017736397548,1
-18.025297521766788,163.0401982308852,"[-0.14966141876115646, -12.629608279394592]",0.7458869403799936,132.2660520536982,6.76545806386639,-0.15751738731207002,-0.6596873551120044,1
23.879355088408907,-145.3635525654724,"[-0.6123411959595515, -16.10062850223977]",0.7499481189900372,128.52121874651985,-6.82691045764841,0.15633802488950105,-0.6635093824999635,1
-5.8221846455553,-177.877814705778,"[2.1915546259527288, -11.715049643188259]",0.7512855657992474,131.84888638613384,-10.340786957871387,0.2356079941691363,-0.6035183363772987,1
-5.935904477915084,212.62942470170674,"[2.553647993250375, -13.832834432823718]",0.7527599627141467,130.94770938055944,7.488522112369992,-0.1721482918619495,-0.6556516841245267,1
26.268020002840565,109.42194615838434,"[0.0627049427632711, -10.386585090567232]",0.7532259507981425,138.93942303445561,4.263388463709816,-0.09943654141307834,-0.7036003544078323,1
0.47160162369506153,-45.252705152415984,"[-1.8280394778536468, -10.328400570188938]",0.7539614018247318,140.42398112398672,-1.9815392461468946,0.03748163097226015,-0.7331885776549327,1
7.025876521890595,23.59275553953438,"[4.514390047883413, -12.282676233577355]",0.7540925272463191,136.7566864998092,-2.4413538740691365,0.0589994895584918,-0.7272898229031075,1
13.01762616038652,-161.91376148990776,"[1.8456733337099287, -10.154878658940238]",0.7544494353571004,136.72973748193667,-9.989706544447472,0.22410301053136025,-0.6149932077909607,1
25.25846118026938,-153.7666008219199,"[-1.670180987267079, -19.557329439151687]",0.7546448625558545,126.93604088665235,-6.7044727703023455,0.15466132481122966,-0.6699804624444408,1
-20.275178632085563,-164.46554846043244,"[3.0370620422331047, -18.392723015228334]",0.7547839608655573,125.01416181762389,-9.245164543940518,0.21542215847750643,-0.6263205167441507,1
-27.656092793849812,-152.19679755027425,"[-1.2495991391295833, -13.240400971223949]",0.7578347373884945,131.92834619119287,-7.020335144282399,0.15762234050053073,-0.6693221352328775,1
-12.613086697140496,208.73182516168998,"[0.9188911020263824, -15.096655880504018]",0.7601350665673233,128.50397638970506,8.269539998131222,-0.19240856952146282,-0.6495409488545508,1
28.293327127272292,28.520077964602706,"[-0.5192251056767674, -15.041100438610606]",0.7609479126212921,134.75575818244423,1.0986984994369777,-0.02764278154164516,-0.7494513123583645,1
-6.5537783375777465,-167.4952926538102,"[1.1166242786889296, -10.949524012835065]",0.7616925742805524,134.8637430437162,-9.534253306492246,0.2142586213411412,-0.6309640406624336,1
-29.78913036315434,151.13097788301997,"[-0.38941490923294175, -12.768908651612172]",0.7650992615909644,133.43553469972608,6.449002045758334,-0.15063569231799062,-0.6842237915779981,1
-9.292908303918196,73.58604088169483,"[2.1801343021960164, -10.904953004307744]",0.7660195401458438,139.92029748567583,1.2815800208836663,-0.02849865118831165,-0.7526644011347565,1
9.711111644796205,247.3843214842438,"[1.4032496939034065, -14.523698958277194]",0.7661427120364606,128.5264792091424,9.619780231894765,-0.22286307992979137,-0.6317897036677741,1
30.52021238476697,-113.90139374195462,"[-1.629794302386709, -11.908550723997507]",0.7684192679371469,135.99097898489572,-5.211100387925853,0.1138114039150909,-0.7072089461372089,1
0.7692861081986351,6.159595468489442,"[4.587204217288161, -17.993439945232687]",0.7709100878508034,133.05975864481528,-2.5148893253617643,0.05918811939201279,-0.743408720617305,1
6.367799210153791,50.90149855202441,"[-3.7715136391863266, -16.66379310336091]",0.7745367391705605,132.30577552634267,3.9114817979207146,-0.09449445143545628,-0.7293258536598668,1
16.06312379686686,-85.59240940557905,"[-2.46808706526359, -18.38044169651214]",0.7773878557108557,132.28585695254324,-3.219824660241102,0.07257853916260915,-0.7416467549825982,1
-5.2462617759032675,30.29456437341048,"[2.8638078743365494, -15.299937456079618]",0.7782530870854595,135.78936428213515,-0.6877579645479273,0.016110146071639315,-0.7712072592188415,1
0.14237585737287262,247.6144628692378,"[1.658338038175092, -12.072476581252065]",0.7848816968172794,133.56244660136318,9.544663040298019,-0.21826606623876504,-0.6539729620789717,1
-2.700071894221022,-241.31980871722436,"[3.790250389368847, -10.34765899527153]",0.792182106438946,241.13207215038798,-28.307574224183554,-0.24360573905320734,-0.4470408638663154,1
-5.111012913358859,184.3674891557767,"[-0.6465037554949582, -12.396345110721862]",0.7922516498370212,133.83501591310804,8.134424770948499,-0.1894168854068113,-0.6852084193313049,1
30.299004482772133,-107.4831084586933,"[3.373350147041492, -11.904658278891533]",0.7947101847123519,135.6573780358708,-7.870375074649928,0.1814541416785695,-0.6926323757580138,1
-10.454881861604242,142.00171548947043,"[3.6127549010084294, -10.7103799577664]",0.7982345897406287,141.1441771460271,3.5514751192031326,-0.07728514525227465,-0.7587941476045617,1
23.403935414274443,-66.8441082432638,"[1.9563003878338385, -19.005748695761312]",0.8008459999367212,132.75341764104968,-4.549339104340106,0.10551079036480694,-0.7479472153023493,1
26.174787684689974,-180.76034551735825,"[-1.005536121185442, -13.122106271300762]",0.80234120659046,133.32337846009477,-8.541020021631994,0.19259387772409617,-0.6905777770561642,1
-18.958728238586144,-45.05474326888469,"[-1.211310189325181, -15.708831682419767]",0.8070181196539339,136.27962271734742,-1.9815217406330703,0.04338002198866352,-0.786006732159027,1
-23.47826819446609,241.99259507672008,"[1.8840100446468515, -15.947981001882516]",0.8178207981241893,130.52837753899118,9.54952329174148,-0.22192649651278218,-0.6873884289809135,1
-24.62701884224179,-179.06167290156077,"[1.716781607156781, -18.02437313941631]",0.818353727533722,129.08722347558017,-9.574577562244485,0.22230505330024045,-0.6875628810825872,1
-10.558620573392911,-87.06356291541877,"[1.7817461116595918, -19.642408935724866]",0.819690550391511,133.05208608339734,-5.442699163285852,0.12635519041184481,-0.7547600149848587,1
-18.529925276499256,-99.09333542475872,"[2.4233940087680317, -11.837073505013056]",0.8239550859927736,137.8838999525542,-6.988644611157724,0.16002862437660947,-0.7368923619039672,1
-14.197984642055793,-97.91210160392782,"[-1.5591704624136025, -11.033782899434883]",0.8239825110800649,140.4503521031857,-4.596580786508639,0.09867795736144437,-0.7717335364052005,1
22.81745535006508,28.72714805304372,"[0.2084425960643408, -17.01295978638867]",0.8256239120141793,137.6052419726582,0.9148487192655921,-0.022723866211342147,-0.8161591421052,1
-23.99912174715835,206.78918354382245,"[-1.3982557682539332, -10.064593054511995]",0.8299121802140287,139.3030090178429,9.851641524036495,-0.2279828234957518,-0.6949558239286262,1
1.3681819721926942,-95.02647066246479,"[4.843164085848926, -10.036929871012067]",0.8300138201444103,140.4585750030185,-8.74803042062922,0.20331471923888378,-0.7141562484724455,1
-11.677745059070851,-46.82012798685108,"[-4.261519268897038, -15.656680433989717]",0.8307016705954031,138.83408168696118,-0.2729328451860056,0.0017798273359636732,-0.8279704291635774,1
-2.182405886640634,-69.9950482855844,"[2.1137688324153032, -10.196783642734674]",0.8314327726219116,142.10540287867917,-5.740066943281363,0.13003956474037093,-0.763030411169485,1
-24.503167744174227,-30.42340085380735,"[0.5218651603114548, -10.248502512074785]",0.8322726605320393,143.53418318864357,-2.728832427422276,0.05913189718215815,-0.8028095666819598,1
7.884903971865093,183.7770966574197,"[-2.379829750001096, -18.523199860985898]",0.8332975508597515,129.97775307131485,9.360186061519926,-0.22042824930425867,-0.7060885929364843,1
22.942653277316353,-131.24155841138867,"[4.042003011880533, -11.415325017560537]",0.8381058347169565,137.3829911403071,-9.560502505593831,0.22067716019415,-0.7089492529905882,1
-7.445203503701524,49.19509645503098,"[1.343818513670577, -11.695506648617314]",0.8441111704632704,142.46886261786346,0.8401628565970896,-0.02013978794683297,-0.8354668319925399,1
-10.148840290384953,-104.99787809290194,"[2.6905078670475984, -14.455214022818273]",0.8457910569940502,135.81567249318329,-7.095005915910406,0.16402635270687704,-0.7572806134739845,1
-15.30409364156574,190.1196438879901,"[-4.3037025697262035, -13.318387788463653]",0.8470221411733256,133.62325150514496,10.556371142180978,-0.24926564650789398,-0.6983031150729497,1
3.458074031706559,-188.4459052469229,"[-2.360692093779492, -18.04042923751346]",0.8492717155218488,132.73444715759615,-8.21383018412962,0.18864327365619488,-0.7435774268288755,1
-25.51166803022716,153.28494564029586,"[4.63021987728105, -12.897590058957942]",0.8511703181496458,141.1852347935981,3.7868291672530177,-0.08439314372024093,-0.8089116042960428,1
-19.484702255074282,3.3878024809338854,"[3.200965357628375, -11.41086904130112]",0.8523740165581748,142.24622234049812,-2.663112247547815,0.06245242751371405,-0.8233778120800389,1
24.969990162188495,-177.77653324783404,"[-2.1209501981889445, -19.559332619360845]",0.857720934464375,133.03255730714514,-7.953228411765849,0.183475796919773,-0.7562500958499764,1
-9.528468154105568,16.31102150362085,"[-1.118111171480527, -15.141476460084569]",0.8585941027289715,140.32889843253375,1.0020610113251678,-0.02585513847624073,-0.8481795117688328,1
-7.242284406388155,-214.63711604434167,"[-2.691169840894446, -17.161428863374447]",0.8622885915323013,132.82821320178638,-9.251583889562426,0.2119887792815652,-0.740007329801914,1
-17.167003723577423,129.9938732770038,"[2.477349949924448, -13.215825023761465]",0.8666154928472412,140.0968446756437,4.162753898095161,-0.09559400739464569,-0.8194308450227631,1
-0.8230225691348387,121.62005134127241,"[-4.427918818999213, -15.495049593413919]",0.869325880047858,135.54780698847773,7.776356109410244,-0.1848840354088326,-0.7696679792211656,1
-27.845098665422427,-9.90835796439444,"[-1.2146426144901556, -13.557545973810129]",0.8701919929745415,142.3195942847818,-0.2778866887510958,0.0030749748873310384,-0.8674076756851515,1
-26.36623236296611,56.448538102122654,"[0.7628124463799333, -17.80665318060968]",0.8713854488819618,139.31990510126084,2.102265206868651,-0.05008205775774771,-0.8488867260682342,1
-26.63814996018798,113.06062564175073,"[0.013930449414614188, -10.06476369228009]",0.8773201739146552,144.34207656862873,4.728943156628702,-0.11024974091109574,-0.8226761379014341,1
21.344015746766026,3.9852605841632,"[-3.9047006162617715, -10.753331235597406]",0.8782282390586891,144.3928386784454,2.0449133454658295,-0.05600981676810301,-0.8559485349227806,1
25.65476531541013,11.91961211262037,"[-0.8214054188541455, -17.285180536398343]",0.8805542179743713,141.00509209331605,0.7256725620181896,-0.0188268254028529,-0.8730945314210633,1
20.27511235267069,67.34592537000458,"[-0.08332857073838706, -12.85667366361304]",0.882992286824618,142.0483809602401,2.7816904863875607,-0.06639993561264187,-0.85259367958151,1
-11.904270562407135,-107.71606171976617,"[2.5956312909459385, -13.448661955990094]",0.883272516765562,138.63532216243937,-7.370489255828943,0.16988704874080351,-0.7915416153524384,1
12.303647079761802,-87.6250538875768,"[-1.2112168080202936, -14.685212532524723]",0.8848952644114703,139.90876686372252,-4.100051102387624,0.09186435617237873,-0.8388797857024226,1
-16.320529866762087,-245.59737274246118,"[-4.333616176164055, -16.94010851877839]",0.8857439645716579,134.63413398825705,-9.949129249909674,0.2268968207239864,-0.7528021633115766,1
28.14262332335047,-26.983017379643428,"[3.9820233888557794, -15.18187107177048]",0.8875545093168011,139.88395804886258,-4.144004273238352,0.0968263281754903,-0.840555978347359,1
-17.194084215326086,-181.87509259628416,"[-3.194519162897639, -10.930188092579698]",0.8964608101375752,142.45144178178575,-7.63273064054556,0.1646184263471985,-0.8034424295809219,1
-8.191043419576705,137.21179243562085,"[2.5224845701586887, -14.82995444127494]",0.8969310644556502,140.3990458584712,4.75225805325681,-0.11002875140342225,-0.8422520088578672,1
13.408905297093831,60.082824118117856,"[3.641781807080834, -13.316127112888092]",0.8980544982112965,144.13471377431543,0.12729211347232194,-0.0018169412376808627,-0.8967797364506429,1
0.7785103511194293,184.36163460821183,"[-1.4831835168211716, -17.80968604257937]",0.9058490568861376,135.01334320689207,9.353792602051726,-0.21985713738958393,-0.7819924631779008,1
-20.613762108724146,136.17966333828815,"[-3.3042599813797757, -17.915395251108258]",0.9079547824487131,136.58263760484655,8.098460043848718,-0.19145344822881788,-0.8045031131669544,1
17.395792500364593,132.43174505094123,"[3.909314488955628, -18.31943539530514]",0.9090287143884083,140.64007503648742,4.302893528782988,-0.10014980664602614,-0.860189301044261,1
19.50545827422944,178.08135830968342,"[3.805741953936403, -10.362975053193722]",0.9135079704688374,146.05293866538327,5.316151619867014,-0.11704028539276518,-0.85234828149673,1
-1.1288295236003592,72.4420463896385,"[-0.22345688730876478, -12.96158802110484]",0.9153665475520009,143.40150685787546,3.1910200187903683,-0.07597434728710419,-0.8801835128268484,1
-7.826749016519134,-76.06221835647432,"[-3.4209300571686385, -15.294131893077845]",0.9159068934588728,142.42797600223514,-2.223434931020165,0.04739588744235155,-0.8924148396450557,1
-27.446601432134916,-4.615717666647356,"[-0.8602187517392803, -10.108801128188233]",0.9202542935138817,250.6412892369885,6.039235245313648,-0.6386615424455139,-0.5757377804920131,1
-30.61768400457292,-188.6941204557981,"[4.5494763697168885, -18.583181611043806]",0.9203199983915991,133.47652229869578,-11.812437266355118,0.2756789917173183,-0.7533385131950556,1
-10.023236128836828,-129.68371621624595,"[-3.5966169801181147, -17.28201790946261]",0.9241587465061599,140.55737120375474,-4.927000239618337,0.11121596570876476,-0.8677910598420561,1
5.487387285077851,48.62433742552497,"[3.1555731503109143, -10.692446617368107]",0.9252914175553113,147.53152152270215,-0.4682185596311683,0.0124499950593522,-0.9205250434350829,1
-17.57419824613812,-72.59020414947904,"[0.7275164375016407, -15.11413105008712]",0.9275084039407109,141.98403975793562,-4.527408992082201,0.10342175633162337,-0.8761514282082898,1
14.762192525531233,137.76666703209122,"[-0.6444346231485252, -18.33643271123036]",0.9281418344316807,138.68737578992202,6.986191998133563,-0.16444992655036134,-0.842377963390824,1
1.2717760732924859,-233.92529553358503,"[4.837680344392414, -13.817525879255207]",0.9283505618219143,134.13982766050643,-14.354995969359152,0.33287392237512253,-0.7107087567376519,1
10.689275495943747,-84.91611745416566,"[-2.233337348153448, -13.714381200044397]",0.9318653535364865,143.47399623477713,-3.3828403511352008,0.07384108566996443,-0.8949960098668188,1
-0.7991592521059232,-87.60069645291179,"[-0.5201437098940271, -19.113920307880754]",0.9333284829178269,141.03861122729904,-4.563759074914742,0.10485034410344174,-0.8814769000833862,1
-26.45968929128162,25.57177905027686,"[-1.6464981138884873, -19.71469237150125]",0.9352690821723096,143.15134787961958,2.0132999700344953,-0.04883218404829888,-0.9138322971110222,1
-23.66316140288283,111.38140580193789,"[-4.137755424352322, -10.945704716735436]",0.9378858327174756,143.89796410694285,7.491485378512152,-0.18000600642482564,-0.8439885947869504,1
-7.507630483741696,154.21302223640197,"[0.5411712122860255, -11.161372858463977]",0.9386355863745013,143.98252307450446,6.5574404793733265,-0.1516133765906066,-0.8597960286149278,1
-8.189802661212543,-190.1524770124346,"[4.482365690426256, -12.636259914318238]",0.9422186720320922,138.22656992910748,-12.537140048373203,0.2900599216353055,-0.7636129300220896,1
7.418338760121891,113.44561739600402,"[-3.917317715729581, -12.512355713010473]",0.9436868246312208,142.3455531822434,7.451861791631927,-0.17791852035691105,-0.8507634052296826,1
11.746034016650711,214.22835106686944,"[4.698703011639235, -18.743291103999105]",0.9530049967981846,140.83897937187396,8.142471039792326,-0.18947259601299296,-0.8507363463504182,1
15.092026130778528,-146.55207816124891,"[4.030946805309993, -10.415595297332839]",0.9541357677328923,254.8503039184997,-23.121645199455997,0.04526769465327164,-0.7215006395619874,1
-28.5961459848497,-4.64423913175321,"[1.0494462310766037, -10.664733640634276]",0.9588173772842549,148.60817508646778,-1.652446991591205,0.036117096480560454,-0.9416004877964423,1
-19.04251691731733,33.88683348726835,"[3.922834954034986, -13.270253383139433]",0.9639158718024675,147.09588623074825,-1.3636855043059768,0.03269420572929685,-0.9497164306280886,1
-2.5456574550806508,173.92144544464458,"[-3.228960691955667, -15.386235654920078]",0.9685910356516325,139.44758527866426,9.980616800074586,-0.23519442068032043,-0.8363436678423631,1
28.926003200449067,111.28454958713303,"[4.204729627393682, -17.812343097377806]",0.9694167892500135,145.30214124739672,3.1795359770239884,-0.07387107392612875,-0.934706910992261,1
-1.1688193556354882,13.387611652494911,"[2.1643441072786738, -11.335694221498633]",0.9698650433352347,148.39932530933314,-1.4222003381846662,0.03253242594748591,-0.9550891377632373,1
-24.64105111785318,-87.63194366439009,"[1.1735343878242759, -13.165059061845405]",0.972753077996409,144.75500534444632,-5.7154776396910165,0.13038542018534294,-0.9062670092720899,1
23.33083087664989,-200.52606950290286,"[1.0723709427991421, -16.65203701515124]",0.9750447796415851,138.2851677872381,-10.955696551372057,0.2533605518898877,-0.8275733122508727,1
-17.46783283503627,-128.34849239979144,"[4.496431154787686, -17.234701521068022]",0.9835749997882663,140.64818478243885,-9.3995333904777,0.2191571775718074,-0.8621613036271925,1
-0.8178631282854099,-212.1477040763013,"[1.799872067971112, -15.20894481671385]",0.9850833658516762,138.62340962391752,-11.940715972068574,0.2757454616963621,-0.8205849951194606,1
20.255590392307624,243.9543186729556,"[2.410389038657531, -14.428055480923227]",0.9928987565831289,141.95430174325332,10.150348631601446,-0.23477608392018978,-0.8599219256849321,1
1.407748877420282,-33.759804879623545,"[4.0655751469006205, -18.890300895535532]",0.9948204038142172,145.5219185758654,-4.3289615966536985,0.10091343934312864,-0.9461645300802434,1
9.172879546262429,204.77951008859083,"[2.9420223991440793, -17.990137337535717]",1.005985012800756,142.8391902384533,8.714929140103777,-0.20329451031023765,-0.8960638509603326,1
-17.86152787483347,-204.95944647699315,"[-1.2346402509658971, -14.069604968826514]",1.006098387058758,142.38366462736624,-10.027675245989485,0.2282115214128767,-0.8766027237020068,1
-3.5031473134522813,-206.53232900264862,"[0.17095531932998043, -13.753020362012277]",1.0097955966511227,141.96010800437182,-10.932729055747586,0.24996974076975478,-0.8650770480013115,1
1.4967998666664712,-196.12876115710137,"[2.9437861916505437, -13.315444230793988]",1.0154794431927938,141.74814463359587,-12.114455464855382,0.2793496678927232,-0.849587344488878,1
-23.228834535868103,147.36773505382956,"[4.506956115027869, -12.262651054734842]",1.0182281372520798,149.56184669032805,3.9023978328677913,-0.08749142020549322,-0.9752876684564984,1
18.694995665611394,138.59509986874542,"[-2.8030475158013104, -12.103839433431851]",1.0200955175876745,146.00275424534672,8.268104277889961,-0.19548804732824393,-0.9168044071298967,1
-5.5492226548008645,211.37799085889458,"[0.693895913930028, -14.686201261744518]",1.0211986179314927,143.16990189298613,9.79001778859947,-0.22802263018274552,-0.894698658496252,1
-25.04327804353918,-131.46762197095234,"[0.64771783655421, -18.30154977099678]",1.021948657976301,144.2139030818973,-7.613618878518537,0.17613414573131855,-0.929267447823765,1
-24.949086297292595,192.95880249742146,"[3.0586110344439597, -15.224070055934384]",1.022388582896396,145.3834927707102,7.658196746056092,-0.17743682799066757,-0.92901363061841,1
12.15562196735322,114.48461765970387,"[2.466386398040859, -10.797508937061583]",1.0270549708731083,150.39489951181656,3.5081266280258205,-0.07960879419425393,-0.9887741251117972,1
-17.33666024340063,130.05222345376967,"[3.0012865888974556, -15.671227814719582]",1.0373341542265475,256.0457648028105,-3.9349617942580153,0.5903074971073472,-0.8046801808922502,1
19.725756812878465,-19.452942283270488,"[-0.5364465210550371, -17.5527909905297]",1.037883694649147,150.35010334540024,-0.9770966676210264,0.020978842951460602,-1.0278986669747032,1
29.22073876052076,150.5639970275119,"[-2.3784929307819613, -11.751579538193873]",1.038947466538997,146.91843562352446,8.63921283005402,-0.20350850690903316,-0.9305621741840988,1
12.547872677725977,-123.43693647370114,"[4.707398056512979, -17.47057167169426]",1.0398702534706967,144.0135180399837,-9.476741858627065,0.22102944477020806,-0.918893548269413,1
13.905721263381196,-66.88859526300146,"[3.747247446462426, -11.493607851637467]",1.0454378886255757,149.01225130977156,-6.646963940734167,0.15410331854163262,-0.966763156203147,1
10.839246584756246,-20.456130172522847,"[3.578508439527347, -14.514869239966878]",1.0461834368773646,149.44396130297375,-3.785040277411099,0.08807758877090019,-1.004478892769867,1
-6.947204233635027,-89.77964220565897,"[1.3461935541442207, -14.420400454041184]",1.0462222254409077,147.9409017640994,-5.97088797538072,0.1370630314195117,-0.9769453959341079,1
19.917170526271043,-82.16296537740715,"[-4.5129168650980045, -17.337848609943546]",1.0601275824098066,151.0889898503977,-2.049627709491233,0.044271168626765486,-1.0386882663336345,1
24.220819101687866,138.76247544500205,"[-2.6917252609202036, -11.042307878116999]",1.0612390150541842,148.89008516209472,8.356780863553467,-0.1975356922495371,-0.9575075133635212,1
27.652755576985285,221.01901381973374,"[-4.234471118182833, -12.3276735965292]",1.063241184793943,143.93079663691256,13.131647816265286,-0.30864457878166385,-0.8793305310396684,1
9.582375034201014,244.76508801569776,"[0.002699102732000469, -12.63359191552444]",1.0649561684004338,145.01865873931757,11.74306743183206,-0.27240575649969023,-0.9075239202144395,1
0.3668153752558183,-17.391499489933125,"[1.3393629250192909, -10.725383199402629]",1.0687660910972103,153.10317859602395,-2.4632343988014327,0.055132152220127364,-1.0426771924444627,1
12.38019920307432,-192.8633406255953,"[3.9795515393687317, -11.420985434452103]",1.0749242042855245,145.96031502844707,-13.08573104768584,0.3013330740732598,-0.8946846810218126,1
-13.49806599527297,-93.28660055099641,"[-0.48798778192224557, -18.168981583055302]",1.0817045069236477,150.02566478452988,-5.126643023329962,0.11777726622644083,-1.0236850811912468,1
20.871832278286504,152.7363296576421,"[-0.8072899250961303, -19.36182813218331]",1.083435157361934,147.03126549546872,8.67015873352102,-0.20395182040345983,-0.975644128036618,1
-1.1216620187273918,-54.248789841713716,"[-4.383096429576994, -12.266422503531873]",1.0851343564308051,154.1881998026729,-0.18628354875090736,-0.0024280658760983927,-1.0832687997828163,1
-1.2937555886283434,237.9503585213007,"[0.39549784888231265, -16.448389692477175]",1.0858368992079093,144.56009088068188,11.816894450239488,-0.2761005741223039,-0.9274425823377357,1
-1.5269497640876075,136.43729582879564,"[-4.547304626082031, -13.442823086944463]",1.0888856299124765,147.62238740207505,9.575245961258588,-0.227080409225152,-0.966823655945617,1
15.380395249031537,79.65415551950377,"[-2.9565893976999655, -16.018262583796165]",1.0890135408314865,149.9522472327358,5.88162665485288,-0.13991957085262574,-1.020651232122145,1
18.034225391224652,220.4862900314564,"[-0.8376175653752824, -16.516716409854393]",1.0914679395258395,144.6211410221169,11.68048351975176,-0.2735962230112243,-0.9354748920697518,1
10.635292287913657,-113.16738176238644,"[-3.008464927461292, -14.80667487573638]",1.0920631624898014,151.2817852818462,-4.503362354225828,0.10046201627297217,-1.0421987520214528,1
2.1706618463561753,101.91181994308374,"[4.143672572687407, -14.37752476286963]",1.0976265357475223,153.63775123755036,2.4437315735749507,-0.05601766482178352,-1.0717262351820036,1
29.87070148296157,-229.82329965115989,"[0.6709308601392214, -16.908389037141134]",1.1006259457436756,144.091835147618,-12.767595075771169,0.29541151841024815,-0.9270187309508577,1
11.790721451885872,-128.23623589278887,"[-3.1270470384922078, -14.625436582055865]",1.1028865265161492,151.2886877627819,-5.242291420071524,0.11738666113952378,-1.0438841758477349,1
-13.905645376888927,-123.59003502228327,"[-2.422023754957655, -10.956854483579445]",1.1081060884638783,153.02413390917278,-5.313870452769606,0.11551897186127986,-1.0486236447406976,1
-6.396800210687921,199.58954746228108,"[-1.744273209613679, -15.231181319941289]",1.109946861398227,146.6887939887204,11.159408067156164,-0.2617006879679686,-0.9634422788635328,1
-8.304422053704481,177.0122021784415,"[-4.712014580322429, -15.300914848769988]",1.1135035704523855,146.40020500916077,11.776016460788924,-0.27783731736055134,-0.956196295414644,1
-15.733455328973731,-11.405114493008512,"[-1.3077649667701632, -12.017496870382438]",1.1145287665963894,155.8087290678163,-0.08305442631990445,-0.0018330825019417145,-1.1136967137585752,1
-26.732853108088655,219.8890604224702,"[-4.96203263044244, -17.920076961283595]",1.1169837926198303,143.6802393230652,14.039983951826798,-0.33054636939947846,-0.9189424982730411,1
5.262676011311534,-114.55771029723499,"[-2.5999272626938543, -14.98740299249237]",1.1170128827757078,152.2028749117386,-4.901524887130108,0.11019337391224754,-1.0622976825594823,1
24.794567206620066,-78.38054665132992,"[4.985728383892102, -10.12198584104604]",1.1185934672189848,152.4000249302272,-8.462817273697055,0.1972520082742411,-1.0149758004135159,1
1.546952222752978,10.852124111724265,"[-3.0638831511413533, -16.491272371372258]",1.1199964015832573,154.27686525758781,2.359145085849377,-0.0578965992012007,-1.0948752439317946,1
3.7572998721608784,54.38480049051009,"[-2.2929531260450497, -11.393763731941874]",1.1248828602616443,154.366056728278,4.0977175957382315,-0.09939422274427852,-1.0793388350986688,1
20.039761189073815,174.7738902441771,"[-0.9605869248735068, -14.088589448038638]",1.1290605686084778,149.57934995979429,9.505290455662362,-0.22267371048246953,-1.009746635536827,1
-12.053392676122062,-118.23915824861757,"[-2.775946060303541, -15.620976104877668]",1.1354065526271786,153.1682119246131,-5.068148915229358,0.11443788049312224,-1.0786716065785895,1
-13.563427443317465,-104.57965730982662,"[-4.717199106446202, -12.52022689127063]",1.1454356472719154,156.0462521181262,-2.6922809039606364,0.05550916289842436,-1.1171345944535116,1
-11.86739701257078,-242.73218529924867,"[-2.468444209356828, -10.696596205547035]",1.1472794557951715,151.2376904367259,-11.538678960881043,0.2563046957864918,-0.9995550897509305,1
-24.789005402362726,-43.75670093977979,"[4.857156731432278, -10.882037161757726]",1.1486997873081641,154.6415799289988,-6.529922256915597,0.1527912579979599,-1.0725724288625933,1
-27.226612916328058,35.20944415661165,"[0.24214458071623923, -14.5202324751568]",1.1527457985260086,156.74010867296403,1.586544882346061,-0.03860882175420107,-1.1362245765791814,1
-4.784128636597163,13.593511704513958,"[-1.861342421097818, -15.004571989543777]",1.1549336425314813,156.64538025625654,1.7883503268944878,-0.0443886684756592,-1.1361833766201264,1
19.71241100993536,144.45536459879622,"[-0.5051206191580793, -10.269474709390094]",1.1592795117666452,154.41429318670112,7.4783346740846355,-0.17454685385925187,-1.0703575700500751,1
27.530425073153268,245.46815957941197,"[-1.0428453492140877, -13.42975604167436]",1.1649969769654493,148.5467139528808,13.063041657655049,-0.3046819301417533,-0.9884751401506553,1
-23.846079957676565,212.09668565005757,"[-4.205288499658536, -12.183996923129323]",1.167301277357125,149.27403204811742,13.341142383888837,-0.3136256050282653,-0.985173694877515,1
26.008231972774055,242.47151042546017,"[2.5480335642125995, -10.074370595629405]",1.1675750455456784,154.3874176258583,10.184061107535854,-0.2313181164762855,-1.040327743456665,1
18.01700607355327,105.67244957499418,"[2.9564052430406838, -14.332575084152692]",1.1686901314321723,156.37565421030848,3.6569356458967377,-0.08506458245922742,-1.1289204869861151,1
27.393807389252927,-200.42931284026372,"[-1.5081810888053235, -16.238841485208685]",1.170663432727772,150.93153766803056,-10.400569068727691,0.2391552312968461,-1.0395015699835568,1
4.078727797247431,-26.572709159720887,"[-2.132063538317807, -11.062424031461443]",1.1715186942839508,158.75487482500273,-0.2668709409717849,0.0011141892005477683,-1.16884945383181,1
20.09740499976293,88.07228381211758,"[3.9513264113859865, -13.15740866379194]",1.1724430408909208,158.22299785878215,1.7736719207737224,-0.04045186032853579,-1.1539975460680447,1
-5.157723405360326,180.78740196253926,"[-3.1576774694001686, -14.512645030884103]",1.17497595604608,150.50397239826006,11.399820591433581,-0.2681544141612762,-1.0265315369926247,1
-28.886220960171894,-1.6605546895696648,"[1.4942806490258835, -12.282109571763995]",1.1754102251841472,158.2319790938354,-1.5221565110928168,0.034029906156189185,-1.159689481046324,1
-25.315302372035724,233.0142755284234,"[1.9581856081881952, -11.711639910222006]",1.1761377920319713,153.0643909674397,10.43723555394672,-0.24031788861010736,-1.044475209506644,1
20.239190036549772,-162.10143781502313,"[-2.3793610564967285, -14.440685773895936]",1.176620473906615,153.83016949125297,-7.68305392176444,0.17440022296925134,-1.085874054700381,1
-24.764293229808565,-143.3237467624518,"[-4.7969810990910835, -11.566708469177545]",1.1791792586325234,221.30321447828902,-0.5757575052994071,-1.151688773631319,-0.22479193977143663,1
-2.5207359493858874,249.15797102262104,"[0.44127167482341445, -16.969397551849923]",1.1877308367125183,149.41870091187752,13.126630206246773,-0.3069563253109632,-1.0108882862734823,1
24.200982268075926,-214.66376511124048,"[-2.897821365159343, -16.29577263629821]",1.1906775435995296,152.38961474747848,-10.451827506449263,0.23972408441963847,-1.0593744946777472,1
14.039568435909288,77.04725138425778,"[-1.077348917291511, -12.286733041453417]",1.1917429214096145,157.1136028688203,4.687379339777181,-0.11145909861494643,-1.1394306427380916,1
5.2965109763917155,-147.4520759709988,"[2.738161481132507, -11.192018845208773]",1.195219966345106,154.02180414229895,-10.400681097632514,0.23880784093534652,-1.0647614594629582,1
4.99825744154554,70.33803111849767,"[-3.855011804308126, -11.206661881788872]",1.1966834361583187,156.53642476786848,6.251137070655204,-0.15058093914205478,-1.1241315113536419,1
-24.751918237671678,-98.07387282356194,"[1.7612291811158434, -11.28954103398462]",1.1984419019714734,156.3718750817281,-7.099729231573292,0.16227275927882717,-1.1157055612650773,1
-9.853841503916719,-86.28338103575993,"[4.660450740822316, -11.949838622236882]",1.206691787785609,155.57101989279852,-8.521766025172838,0.19821685674523928,-1.1038180540423843,1
1.451784048914746,148.81768253603724,"[-1.135083144215412, -10.26300252038821]",1.2082432075707266,156.20185004659223,8.337109085022348,-0.1951632092503544,-1.1078125295962162,1
2.033009479956789,177.1986632766721,"[-2.9828984430416785, -12.645412419294889]",1.216964657402283,153.47300283280717,11.224846860107391,-0.26388694082219377,-1.0727355406916341,1
-11.725175027384818,-108.91855440441961,"[-1.2931927277293056, -13.980609989452491]",1.2177935461960259,157.5297549895538,-5.566351633676277,0.1261296737773306,-1.155265126147897,1
-29.631341609626432,214.1325108722366,"[-1.4630935062510209, -16.488030753959872]",1.2193247327044368,151.7385536653338,12.56954219684394,-0.2947536289426616,-1.0531597065621265,1
-24.484483916337496,-207.7408492368239,"[-0.3995634362332172, -15.558086920513567]",1.23510058622334,153.52421046393079,-11.656325985487456,0.26863161320065276,-1.0858005373312034,1
15.108021029612132,-137.4414825405439,"[-3.104802266424773, -12.46594051922422]",1.2587061151754968,159.9791091806562,-5.819190563731354,0.1295892067601904,-1.1934994783385344,1
-25.68604713773408,119.42787874581285,"[-0.9840784304271066, -12.36645653348691]",1.2592707235221745,158.9031649137456,7.126058533967807,-0.16771349068132563,-1.176112355801043,1
-2.5142747114084116,239.55015295998038,"[1.4042864632461995, -12.834322589053802]",1.274097701046382,156.56262673991245,11.892648453138008,-0.2759569503222722,-1.121725590790181,1
-23.604041556726806,71.13421097247954,"[-4.922865102491665, -10.064670722186314]",1.2791183997885711,160.32075643163463,7.414283341247028,-0.17911322871281332,-1.1915890931287834,1
12.172742992230965,180.56732115420488,"[-0.6400438197162703, -15.552032375636657]",1.280985769615943,157.19105672816508,10.659934881758545,-0.24994182521093916,-1.1474809581713334,1
-6.433074873383255,237.69736876327676,"[4.75466742041046, -11.249783441876048]",1.2829609637983868,161.64994021851922,9.174301587854643,-0.20907789580531894,-1.1727261542798368,1
-13.039940046504416,220.69268888543326,"[-3.058657600680792, -13.569479778897861]",1.2830426051305677,154.42781112243938,13.886049949480366,-0.3256337638655811,-1.0968661462037315,1
15.669480186880925,-132.3981932833466,"[4.67656347628024, -13.728582465574181]",1.290732759282118,157.884979130184,-11.074714350454997,0.2574411120348695,-1.1515598669961613,1
10.377887070528772,227.57759629233033,"[4.321430212588076, -12.704158559026878]",1.2917549465310028,160.43553846298633,9.416287879414995,-0.21694365631962978,-1.1777785066339514,1
29.62606446116594,-8.765374817585723,"[-3.5950692517241256, -10.001459393908453]",1.2935833455125556,164.180714847708,2.0837344356650647,-0.05476004769739181,-1.271567426696094,1
3.314232380957776,-53.74575702391354,"[0.6624471076992497, -12.459618697737781]",1.295478422757163,163.33202752980813,-3.8857079100439478,0.0881187334447816,-1.2535279375226214,1
-9.54731179858576,28.355128744716296,"[1.0951458910480092, -10.99995250324744]",1.3041972540202524,165.69715514525788,0.5081286702179568,-0.013296035329259302,-1.299047925207263,1
-10.994721983105226,14.054007376997049,"[2.0231189372518674, -10.990327903704628]",1.3073376577576243,165.60849892959914,-1.0820896072918913,0.024193513530359423,-1.2962910117841795,1
-26.445615412849527,-22.56562804088668,"[-2.9608109711663233, -10.669485793522904]",1.3199898282087692,166.2340037807588,0.8124959211545502,-0.024047202079461948,-1.3116444512829124,1
-20.33133327901568,-235.2973429819345,"[2.646540134633554, -14.865042728662445]",1.3216248883402195,155.37578481793224,-15.314928751897241,0.3548164564073319,-1.113301626683945,1
-2.9389435933893573,-1.1890235237835327,"[-1.5193503675489906, -10.730378381607725]",1.329331984827462,166.70242383888458,0.8865959364175069,-0.024363054080158715,-1.3202412529529204,1
-22.469265258842572,-153.17616769435023,"[1.269365664954317, -10.56018677494776]",1.3422722883331268,161.60289191398192,-10.042322208018959,0.2292937575555524,-1.2204972249453696,1
-29.94817203978424,100.50072140226621,"[-0.4451031226193827, -11.556935551729323]",1.356270925620718,165.0689834031642,5.993363826117275,-0.14121939080397022,-1.2886223055106796,1
-2.4360844106867034,241.06355504046059,"[-4.445957089505541, -14.710345942645636]",1.3639304236198442,156.63428413371767,16.430847599214758,-0.38576476902568346,-1.1359042037991711,1
3.1830685813079995,104.08260696809987,"[0.36674520428135615, -10.705773765657419]",1.3743631131297502,166.25675086360718,5.541830648406176,-0.13006558695656256,-1.3125160364990889,1
-5.571112673244745,80.6583413391624,"[-1.1720092455945053, -10.027920782394729]",1.4089258927157735,168.22118093814566,5.471238714082574,-0.1298326832895534,-1.347975405202715,1
-1.552428957556696,-180.46140851902214,"[0.3153473680264627, -10.480274761927545]",1.4181727931709058,164.58788196332628,-11.041422836334277,0.25166762403852455,-1.2833144084121946,1
20.276707591719365,156.24274426631575,"[-4.373150540348707, -12.148303734974627]",1.4278682788803323,164.2878545295301,12.278768445651622,-0.2894753877064618,-1.272571946042272,1
4.179810858972097,162.4346413698977,"[-1.3984838287013956, -10.193794353722954]",1.4324315843482234,165.9760986046379,10.27065816346294,-0.24053110075170112,-1.3077894985099257,1
30.25906462338684,-237.24440487555614,"[2.5765886816234342, -10.509953082161603]",1.4588280558945048,163.02059897456837,-15.970953683643074,0.3670153437344706,-1.2461976825620853,1
17.90715544940131,-126.86683763334378,"[4.6714553598592055, -10.191619766970689]",1.470083901399938,167.41926895273664,-11.652557334185076,0.27011888532020717,-1.3263317591194042,1
27.146128857867623,-199.55848130765293,"[-2.603581492782138, -13.545914321628617]",1.5709008548375283,241.30100083034293,-1.4656219789285387,-1.5442106184826332,-0.1931603734773821,1
3.885895817631095,76.03365769744266,"[-4.463034490757128, -19.311192055302268]",1.5868834659016788,254.36457097562558,28.815679572551744,-1.157648365650808,-0.5886775223608192,1
-23.521970784766147,-245.83044999799608,"[-4.110564380593519, -10.361500419508676]",2.0627493955968403,241.93926294639468,2.5877311999283847,-1.9923632542031269,-0.4234814615070882,1
11.687303854574232,80.12622090915437,"[-3.721919998167741, -10.040827809919437]",2.2218182255647587,261.5184464920844,27.117249830929723,-0.9983496832596762,-1.6758032889319951,1
-29.050910736228392,-153.76436960228273,"[1.149734858335937, -14.463727727090822]",2.634506191838697,262.2966293282276,-8.102393628969367,-0.5331688066550475,-2.4971989614393277,1
29.229373196056606,163.22561233418736,"[0.025160580479662187, -12.294764478359154]",2.795149920299942,263.27920146795236,10.953279720300088,0.08516602555046586,-2.684266395118679,1
-24.346191820374344,72.59794252277675,"[-3.9501651709769026, -14.488382511404103]",2.8335431532147526,261.8329808004307,28.36794934204272,-1.0197739754256285,-2.3370634827886723,1
0.9572645576772807,-70.45283978072027,"[4.131621714028071, -16.20746177047518]",2.850462149618764,261.9671971075578,-19.48497682033485,0.30145144035502547,-2.638447298968606,1
18.30726906101421,186.8347054653717,"[3.6493047358536685, -13.752891175125075]",3.826760681418493,265.31347294585896,-8.398698539424913,0.7793166440990196,-3.660740431645109,1
16.799830522360068,120.72089529232119,"[-1.098454964953394, -18.302472073465935]",3.947191264323443,263.9171338327552,16.915473453997947,-0.29704546163557044,-3.7663409317399807,1
-0.27352254381199614,139.75994151909197,"[-1.87837722783756, -13.508074971185078]",4.0284713903553815,265.8206175782338,20.837724541291664,-0.3825533722194461,-3.8008909736569962,1
-13.063601283992043,92.18595719351617,"[-0.5217404678635464, -18.985068583831982]",4.085352418451908,264.1317600555345,12.72127025959253,-0.24940258013014813,-3.950274466826439,1
24.70720783104575,110.14983485928843,"[2.553172319736116, -17.065321181794637]",4.35448192888223,265.43515550285554,-3.4923910031102423,0.3718648982534823,-4.303521578389959,1
1.379834840438697,-108.23263936135103,"[-0.16453530907510583, -13.706845791551316]",4.51950775413662,267.1844104389529,1.9852044404970002,-0.5955944811001196,-4.460063757414654,1
-15.311724034384806,-14.934471618706993,"[4.610909004874731, -14.605740836098967]",4.522540304824491,266.1943942062806,-20.886793922266406,0.5576004390459162,-4.277481855967675,1
24.9059998583095,153.24912742372084,"[-3.251206293445966, -18.40151623899714]",4.658576167031286,265.29601573025917,29.64707836283742,-0.6311653887873104,-4.316201296036786,1
14.870215095908975,124.7130076450149,"[1.9440027706993748, -15.872099361405738]",5.1708332751002,267.6600985358734,-0.38890803611047886,0.2946635514168948,-5.15853522843592,1
-30.362105293644802,79.72286834365087,"[-2.9046870787272727, -16.05125870754873]",5.202893611624409,267.44840335294504,24.612688600057936,-0.7023855043182907,-4.9067495325903,1
