"{""K_h"": 0.022000000000000002, ""K_p"": 0.5, ""K_i"": 0.0045000000000000005}",2.373487387515909
"{""K_h"": 0.022000000000000002, ""K_p"": 0.4, ""K_i"": 0.004}",2.411101532594418
"{""K_h"": 0.015, ""K_p"": 0.35000000000000003, ""K_i"": 0.003}",2.562748030887102
"{""K_h"": 0.022000000000000002, ""K_p"": 0.45, ""K_i"": 0.004}",2.7342398233521816
"{""K_h"": 0.022000000000000002, ""K_p"": 0.30000000000000004, ""K_i"": 0.004}",2.8578520315500104
"{""K_h"": 0.015, ""K_p"": 0.4, ""K_i"": 0.003}",2.8927759651735476
"{""K_h"": 0.022000000000000002, ""K_p"": 0.5, ""K_i"": 0.004}",2.92969675402714
"{""K_h"": 0.015, ""K_p"": 0.45, ""K_i"": 0.003}",3.0635715652914333
"{""K_h"": 0.022000000000000002, ""K_p"": 0.35000000000000003, ""K_i"": 0.0035}",3.1503052475313993
"{""K_h"": 0.015, ""K_p"": 0.5, ""K_i"": 0.003}",3.1702926944490812
"{""K_h"": 0.022000000000000002, ""K_p"": 0.4, ""K_i"": 0.0035}",3.3035023757236672
"{""K_h"": 0.022000000000000002, ""K_p"": 0.30000000000000004, ""K_i"": 0.0035}",3.3289062199964468
"{""K_h"": 0.022000000000000002, ""K_p"": 0.45, ""K_i"": 0.0035}",3.406666263592953
"{""K_h"": 0.022000000000000002, ""K_p"": 0.5, ""K_i"": 0.0035}",3.460529541067471
"{""K_h"": 0.015, ""K_p"": 0.2, ""K_i"": 0.0025}",3.5555836229971813
"{""K_h"": 0.015, ""K_p"": 0.25, ""K_i"": 0.0025}",3.681998006403484
"{""K_h"": 0.015, ""K_p"": 0.5, ""K_i"": 0.0025}",3.7027808667044093
"{""K_h"": 0.015, ""K_p"": 0.45, ""K_i"": 0.0025}",3.723688825389071
"{""K_h"": 0.015, ""K_p"": 0.30000000000000004, ""K_i"": 0.0025}",3.7367059354301375
"{""K_h"": 0.015, ""K_p"": 0.4, ""K_i"": 0.0025}",3.738908911031283
"{""K_h"": 0.008, ""K_p"": 0.30000000000000004, ""K_i"": 0.0015}",3.743596205603854
"{""K_h"": 0.015, ""K_p"": 0.35000000000000003, ""K_i"": 0.0025}",3.745289250789396
"{""K_h"": 0.015, ""K_p"": 0.15000000000000002, ""K_i"": 0.0025}",3.93598101569767
"{""K_h"": 0.022000000000000002, ""K_p"": 0.5, ""K_i"": 0.003}",3.980965168617165
"{""K_h"": 0.022000000000000002, ""K_p"": 0.45, ""K_i"": 0.003}",4.05184914169973
"{""K_h"": 0.008, ""K_p"": 0.25, ""K_i"": 0.0015}",4.085370607575107
"{""K_h"": 0.022000000000000002, ""K_p"": 0.4, ""K_i"": 0.003}",4.121284780870521
"{""K_h"": 0.022000000000000002, ""K_p"": 0.35000000000000003, ""K_i"": 0.003}",4.216513191284191
"{""K_h"": 0.015, ""K_p"": 0.5, ""K_i"": 0.002}",4.25649474266676
"{""K_h"": 0.015, ""K_p"": 0.45, ""K_i"": 0.002}",4.3958029470794235
"{""K_h"": 0.022000000000000002, ""K_p"": 0.5, ""K_i"": 0.0025}",4.492031221319264
"{""K_h"": 0.001, ""K_p"": 0.15000000000000002, ""K_i"": 0.001}",4.512094021849034
"{""K_h"": 0.022000000000000002, ""K_p"": 0.30000000000000004, ""K_i"": 0.003}",4.548379143157363
"{""K_h"": 0.015, ""K_p"": 0.4, ""K_i"": 0.002}",4.569643296840855
"{""K_h"": 0.022000000000000002, ""K_p"": 0.45, ""K_i"": 0.0025}",4.675683045318674
"{""K_h"": 0.015, ""K_p"": 0.35000000000000003, ""K_i"": 0.002}",4.804228716078607
"{""K_h"": 0.015, ""K_p"": 0.5, ""K_i"": 0.0015}",4.8292419667373
"{""K_h"": 0.008, ""K_p"": 0.2, ""K_i"": 0.0015}",4.840044358921254
"{""K_h"": 0.008, ""K_p"": 0.4, ""K_i"": 0.001}",4.908346299931423
"{""K_h"": 0.022000000000000002, ""K_p"": 0.4, ""K_i"": 0.0025}",4.920258852720152
"{""K_h"": 0.022000000000000002, ""K_p"": 0.5, ""K_i"": 0.002}",4.999241073795902
"{""K_h"": 0.015, ""K_p"": 0.45, ""K_i"": 0.0015}",5.088082922172455
"{""K_h"": 0.015, ""K_p"": 0.30000000000000004, ""K_i"": 0.002}",5.130418497591864
"{""K_h"": 0.022000000000000002, ""K_p"": 0.35000000000000003, ""K_i"": 0.0025}",5.231064990018141
"{""K_h"": 0.022000000000000002, ""K_p"": 0.45, ""K_i"": 0.002}",5.293599328533834
"{""K_h"": 0.008, ""K_p"": 0.35000000000000003, ""K_i"": 0.001}",5.300882249355515
"{""K_h"": 0.008, ""K_p"": 0.5, ""K_i"": 0.0005}",5.380739030298531
"{""K_h"": 0.015, ""K_p"": 0.4, ""K_i"": 0.0015}",5.421124327053508
"{""K_h"": 0.015, ""K_p"": 0.5, ""K_i"": 0.001}",5.430641074823497
"{""K_h"": 0.022000000000000002, ""K_p"": 0.5, ""K_i"": 0.0015}",5.506669799363769
"{""K_h"": 0.015, ""K_p"": 0.25, ""K_i"": 0.002}",5.615415454527978
"{""K_h"": 0.022000000000000002, ""K_p"": 0.4, ""K_i"": 0.002}",5.684310274975933
"{""K_h"": 0.008, ""K_p"": 0.45, ""K_i"": 0.0005}",5.744863807870736
"{""K_h"": 0.022000000000000002, ""K_p"": 0.30000000000000004, ""K_i"": 0.0025}",5.790780772470474
"{""K_h"": 0.015, ""K_p"": 0.45, ""K_i"": 0.001}",5.809778601563368
"{""K_h"": 0.015, ""K_p"": 0.35000000000000003, ""K_i"": 0.0015}",5.869992007403968
"{""K_h"": 0.022000000000000002, ""K_p"": 0.45, ""K_i"": 0.0015}",5.901957609825341
"{""K_h"": 0.008, ""K_p"": 0.30000000000000004, ""K_i"": 0.001}",5.912856935735456
"{""K_h"": 0.022000000000000002, ""K_p"": 0.5, ""K_i"": 0.001}",5.996232019770299
"{""K_h"": 0.015, ""K_p"": 0.5, ""K_i"": 0.0005}",6.047544726695374
"{""K_h"": 0.022000000000000002, ""K_p"": 0.35000000000000003, ""K_i"": 0.002}",6.209431229640488
"{""K_h"": 0.008, ""K_p"": 0.4, ""K_i"": 0.0005}",6.243998833259099
"{""K_h"": 0.015, ""K_p"": 0.4, ""K_i"": 0.001}",6.2949885420660525
"{""K_h"": 0.008, ""K_p"": 0.5}",6.341858919621739
"{""K_h"": 0.008, ""K_p"": 0.5, ""K_i"": 0.0}",6.341858919621739
"{""K_h"": 0.022000000000000002, ""K_p"": 0.4, ""K_i"": 0.0015}",6.433099985018976
"{""K_h"": 0.022000000000000002, ""K_p"": 0.5, ""K_i"": 0.0005}",6.477868187287715
"{""K_h"": 0.015, ""K_p"": 0.2, ""K_i"": 0.002}",6.47814690131343
"{""K_h"": 0.022000000000000002, ""K_p"": 0.45, ""K_i"": 0.001}",6.502723134711286
"{""K_h"": 0.015, ""K_p"": 0.30000000000000004, ""K_i"": 0.0015}",6.515989445327432
"{""K_h"": 0.015, ""K_p"": 0.45, ""K_i"": 0.0005}",6.546307928180125
"{""K_h"": 0.022000000000000002, ""K_p"": 0.30000000000000004, ""K_i"": 0.0045000000000000005}",6.602677216385258
"{""K_h"": 0.015, ""K_p"": 0.5}",6.686387996703635
"{""K_h"": 0.015, ""K_p"": 0.5, ""K_i"": 0.0}",6.686387996703635
"{""K_h"": 0.008, ""K_p"": 0.15000000000000002, ""K_i"": 0.0015}",6.701400753830511
"{""K_h"": 0.008, ""K_p"": 0.45}",6.88500820273084
"{""K_h"": 0.008, ""K_p"": 0.45, ""K_i"": 0.0}",6.88500820273084
"{""K_h"": 0.008, ""K_p"": 0.25, ""K_i"": 0.001}",6.894507358661174
"{""K_h"": 0.008, ""K_p"": 0.35000000000000003, ""K_i"": 0.0005}",6.942624208375577
"{""K_h"": 0.022000000000000002, ""K_p"": 0.5}",6.9558556985945925
"{""K_h"": 0.022000000000000002, ""K_p"": 0.5, ""K_i"": 0.0}",6.9558556985945925
"{""K_h"": 0.015, ""K_p"": 0.35000000000000003, ""K_i"": 0.001}",6.969206742921566
"{""K_h"": 0.022000000000000002, ""K_p"": 0.30000000000000004, ""K_i"": 0.002}",6.998808617921618
"{""K_h"": 0.022000000000000002, ""K_p"": 0.45, ""K_i"": 0.0005}",7.07917317483338
"{""K_h"": 0.022000000000000002, ""K_p"": 0.35000000000000003, ""K_i"": 0.0015}",7.144853150294368
"{""K_h"": 0.022000000000000002, ""K_p"": 0.4, ""K_i"": 0.001}",7.16653324854224
"{""K_h"": 0.015, ""K_p"": 0.4, ""K_i"": 0.0005}",7.201904552051421
"{""K_h"": 0.015, ""K_p"": 0.45}",7.310963196372704
"{""K_h"": 0.015, ""K_p"": 0.45, ""K_i"": 0.0}",7.310963196372704
"{""K_h"": 0.015, ""K_p"": 0.25, ""K_i"": 0.0015}",7.493972673350517
"{""K_h"": 0.008, ""K_p"": 0.4}",7.6096756859573995
"{""K_h"": 0.008, ""K_p"": 0.4, ""K_i"": 0.0}",7.6096756859573995
"{""K_h"": 0.022000000000000002, ""K_p"": 0.45}",7.648765708430288
"{""K_h"": 0.022000000000000002, ""K_p"": 0.45, ""K_i"": 0.0}",7.648765708430288
"{""K_h"": 0.022000000000000002, ""K_p"": 0.4, ""K_i"": 0.0005}",7.863663574504552
"{""K_h"": 0.015, ""K_p"": 0.30000000000000004, ""K_i"": 0.001}",7.924415089478487
"{""K_h"": 0.008, ""K_p"": 0.30000000000000004, ""K_i"": 0.0005}",7.966412877633491
"{""K_h"": 0.022000000000000002, ""K_p"": 0.35000000000000003, ""K_i"": 0.001}",8.054866350690695
"{""K_h"": 0.015, ""K_p"": 0.35000000000000003, ""K_i"": 0.0005}",8.091748672766338
"{""K_h"": 0.015, ""K_p"": 0.4}",8.124464837434981
"{""K_h"": 0.015, ""K_p"": 0.4, ""K_i"": 0.0}",8.124464837434981
"{""K_h"": 0.022000000000000002, ""K_p"": 0.30000000000000004, ""K_i"": 0.0015}",8.19404483899061
"{""K_h"": 0.022000000000000002, ""K_p"": 0.4}",8.56355856169244
"{""K_h"": 0.022000000000000002, ""K_p"": 0.4, ""K_i"": 0.0}",8.56355856169244
"{""K_h"": 0.008, ""K_p"": 0.35000000000000003}",8.606991880968158
"{""K_h"": 0.008, ""K_p"": 0.35000000000000003, ""K_i"": 0.0}",8.606991880968158
"{""K_h"": 0.001, ""K_p"": 0.2, ""K_i"": 0.0005}",8.60903634086569
"{""K_h"": 0.008, ""K_p"": 0.2, ""K_i"": 0.001}",8.634131699657278
"{""K_h"": 0.015, ""K_p"": 0.15000000000000002, ""K_i"": 0.002}",8.738506735081605
"{""K_h"": 0.022000000000000002, ""K_p"": 0.35000000000000003, ""K_i"": 0.0005}",8.941523916989894
"{""K_h"": 0.022000000000000002, ""K_p"": 0.30000000000000004, ""K_i"": 0.005}",9.156172596182119
"{""K_h"": 0.015, ""K_p"": 0.5, ""K_i"": 0.0035}",9.163228429235375
"{""K_h"": 0.015, ""K_p"": 0.2, ""K_i"": 0.0015}",9.172963617979892
"{""K_h"": 0.015, ""K_p"": 0.35000000000000003}",9.234110475435049
"{""K_h"": 0.015, ""K_p"": 0.35000000000000003, ""K_i"": 0.0}",9.234110475435049
"{""K_h"": 0.022000000000000002, ""K_p"": 0.30000000000000004, ""K_i"": 0.001}",9.343491024095655
"{""K_h"": 0.015, ""K_p"": 0.30000000000000004, ""K_i"": 0.0005}",9.348414275754521
"{""K_h"": 0.015, ""K_p"": 0.25, ""K_i"": 0.001}",9.365166172789753
"{""K_h"": 0.008, ""K_p"": 0.25, ""K_i"": 0.0005}",9.548710842841766
"{""K_h"": 0.022000000000000002, ""K_p"": 0.35000000000000003}",9.793990357925962
"{""K_h"": 0.022000000000000002, ""K_p"": 0.35000000000000003, ""K_i"": 0.0}",9.793990357925962
"{""K_h"": 0.008, ""K_p"": 0.30000000000000004}",10.034879475003194
"{""K_h"": 0.008, ""K_p"": 0.30000000000000004, ""K_i"": 0.0}",10.034879475003194
"{""K_h"": 0.015, ""K_p"": 0.45, ""K_i"": 0.0035}",10.13669240978475
"{""K_h"": 0.022000000000000002, ""K_p"": 0.30000000000000004, ""K_i"": 0.0005}",10.452986582614246
"{""K_h"": 0.001, ""K_p"": 0.25}",10.653976870160722
"{""K_h"": 0.001, ""K_p"": 0.25, ""K_i"": 0.0}",10.653976870160722
"{""K_h"": 0.015, ""K_p"": 0.30000000000000004}",10.793584732509617
"{""K_h"": 0.015, ""K_p"": 0.30000000000000004, ""K_i"": 0.0}",10.793584732509617
"{""K_h"": 0.015, ""K_p"": 0.30000000000000004, ""K_i"": 0.003}",10.999922931825276
"{""K_h"": 0.001, ""K_p"": 0.05, ""K_i"": 0.002}",11.159621668681243
"{""K_h"": 0.015, ""K_p"": 0.25, ""K_i"": 0.0005}",11.243450577214446
"{""K_h"": 0.022000000000000002, ""K_p"": 0.25, ""K_i"": 0.0015}",11.420276648139561
"{""K_h"": 0.022000000000000002, ""K_p"": 0.45, ""K_i"": 0.0045000000000000005}",11.422735890084873
"{""K_h"": 0.022000000000000002, ""K_p"": 0.30000000000000004}",11.527859564747674
"{""K_h"": 0.022000000000000002, ""K_p"": 0.30000000000000004, ""K_i"": 0.0}",11.527859564747674
"{""K_h"": 0.015, ""K_p"": 0.2, ""K_i"": 0.001}",11.772148981959964
"{""K_h"": 0.022000000000000002, ""K_p"": 0.25, ""K_i"": 0.001}",11.843305798810832
"{""K_h"": 0.022000000000000002, ""K_p"": 0.5, ""K_i"": 0.005}",11.887034967248223
"{""K_h"": 0.008, ""K_p"": 0.15000000000000002, ""K_i"": 0.001}",12.162519618772558
"{""K_h"": 0.008, ""K_p"": 0.25}",12.179741504369032
"{""K_h"": 0.008, ""K_p"": 0.25, ""K_i"": 0.0}",12.179741504369032
"{""K_h"": 0.008, ""K_p"": 0.2, ""K_i"": 0.0005}",12.18448897406224
"{""K_h"": 0.015, ""K_p"": 0.4, ""K_i"": 0.0035}",12.20376530953171
"{""K_h"": 0.022000000000000002, ""K_p"": 0.25, ""K_i"": 0.002}",12.672742537795147
"{""K_h"": 0.001, ""K_p"": 0.1, ""K_i"": 0.001}",12.733769756581493
"{""K_h"": 0.015, ""K_p"": 0.15000000000000002, ""K_i"": 0.0015}",12.806093803850075
"{""K_h"": 0.022000000000000002, ""K_p"": 0.25, ""K_i"": 0.0005}",12.948039018674223
"{""K_h"": 0.001, ""K_p"": 0.15000000000000002, ""K_i"": 0.0005}",13.080967598314556
"{""K_h"": 0.015, ""K_p"": 0.25}",13.133257278450996
"{""K_h"": 0.015, ""K_p"": 0.25, ""K_i"": 0.0}",13.133257278450996
"{""K_h"": 0.008, ""K_p"": 0.45, ""K_i"": 0.001}",13.39174429761771
"{""K_h"": 0.008, ""K_p"": 0.1, ""K_i"": 0.0015}",13.505136649402576
"{""K_h"": 0.001, ""K_p"": 0.2}",13.93775197752441
"{""K_h"": 0.001, ""K_p"": 0.2, ""K_i"": 0.0}",13.93775197752441
"{""K_h"": 0.008, ""K_p"": 0.35000000000000003, ""K_i"": 0.0015}",14.020503358013517
"{""K_h"": 0.022000000000000002, ""K_p"": 0.25, ""K_i"": 0.0025}",14.135863135673677
"{""K_h"": 0.022000000000000002, ""K_p"": 0.25}",14.205776615201376
"{""K_h"": 0.022000000000000002, ""K_p"": 0.25, ""K_i"": 0.0}",14.205776615201376
"{""K_h"": 0.015, ""K_p"": 0.2, ""K_i"": 0.0005}",14.353781426781216
"{""K_h"": 0.015, ""K_p"": 0.5, ""K_i"": 0.004}",14.359554414633186
"{""K_h"": 0.015, ""K_p"": 0.35000000000000003, ""K_i"": 0.0035}",14.998038951389915
"{""K_h"": 0.022000000000000002, ""K_p"": 0.45, ""K_i"": 0.005}",15.209882813614849
"{""K_h"": 0.022000000000000002, ""K_p"": 0.25, ""K_i"": 0.003}",15.456067918743416
"{""K_h"": 0.022000000000000002, ""K_p"": 0.4, ""K_i"": 0.0045000000000000005}",15.486094741164164
"{""K_h"": 0.008, ""K_p"": 0.2}",15.646469465672068
"{""K_h"": 0.008, ""K_p"": 0.2, ""K_i"": 0.0}",15.646469465672068
"{""K_h"": 0.015, ""K_p"": 0.45, ""K_i"": 0.004}",15.718311490599783
"{""K_h"": 0.022000000000000002, ""K_p"": 0.35000000000000003, ""K_i"": 0.004}",16.109631499079605
"{""K_h"": 0.022000000000000002, ""K_p"": 0.25, ""K_i"": 0.0035}",16.52566234960256
"{""K_h"": 0.015, ""K_p"": 0.15000000000000002, ""K_i"": 0.001}",16.625361345702544
"{""K_h"": 0.015, ""K_p"": 0.2}",16.917456259847082
"{""K_h"": 0.015, ""K_p"": 0.2, ""K_i"": 0.0}",16.917456259847082
"{""K_h"": 0.015, ""K_p"": 0.25, ""K_i"": 0.003}",17.073667556459654
"{""K_h"": 0.008, ""K_p"": 0.15000000000000002, ""K_i"": 0.0005}",17.15918950361627
"{""K_h"": 0.015, ""K_p"": 0.4, ""K_i"": 0.004}",17.43640067937909
"{""K_h"": 0.022000000000000002, ""K_p"": 0.25, ""K_i"": 0.004}",17.579998992069346
"{""K_h"": 0.008, ""K_p"": 0.05, ""K_i"": 0.005}",17.681827838023747
"{""K_h"": 0.015, ""K_p"": 0.5, ""K_i"": 0.0045000000000000005}",17.709091726210023
"{""K_h"": 0.015, ""K_p"": 0.30000000000000004, ""K_i"": 0.0035}",18.52900230740027
"{""K_h"": 0.022000000000000002, ""K_p"": 0.4, ""K_i"": 0.005}",18.558317404358355
"{""K_h"": 0.022000000000000002, ""K_p"": 0.25, ""K_i"": 0.0045000000000000005}",18.619856017457952
"{""K_h"": 0.015, ""K_p"": 0.45, ""K_i"": 0.0045000000000000005}",19.083406028951284
"{""K_h"": 0.015, ""K_p"": 0.35000000000000003, ""K_i"": 0.004}",19.522597851363027
"{""K_h"": 0.022000000000000002, ""K_p"": 0.25, ""K_i"": 0.005}",19.53521190870297
"{""K_h"": 0.022000000000000002, ""K_p"": 0.35000000000000003, ""K_i"": 0.0045000000000000005}",19.586969020498554
"{""K_h"": 0.001, ""K_p"": 0.15000000000000002}",19.79431443207401
"{""K_h"": 0.001, ""K_p"": 0.15000000000000002, ""K_i"": 0.0}",19.79431443207401
"{""K_h"": 0.022000000000000002, ""K_p"": 0.2}",19.925251138972712
"{""K_h"": 0.022000000000000002, ""K_p"": 0.2, ""K_i"": 0.0}",19.925251138972712
"{""K_h"": 0.008, ""K_p"": 0.4, ""K_i"": 0.0015}",20.26066562296694
"{""K_h"": 0.015, ""K_p"": 0.5, ""K_i"": 0.005}",20.323463762903636
"{""K_h"": 0.015, ""K_p"": 0.15000000000000002, ""K_i"": 0.0005}",20.336145453461363
"{""K_h"": 0.015, ""K_p"": 0.4, ""K_i"": 0.0045000000000000005}",20.455105103050446
"{""K_h"": 0.008, ""K_p"": 0.5, ""K_i"": 0.001}",20.567612247445325
"{""K_h"": 0.001, ""K_p"": 0.30000000000000004}",20.594091644891915
"{""K_h"": 0.001, ""K_p"": 0.30000000000000004, ""K_i"": 0.0}",20.594091644891915
"{""K_h"": 0.022000000000000002, ""K_p"": 0.2, ""K_i"": 0.0005}",20.650403419265707
"{""K_h"": 0.015, ""K_p"": 0.45, ""K_i"": 0.005}",21.345479755455546
"{""K_h"": 0.008, ""K_p"": 0.05, ""K_i"": 0.0045000000000000005}",21.415483631771227
"{""K_h"": 0.022000000000000002, ""K_p"": 0.2, ""K_i"": 0.001}",21.577593874870185
"{""K_h"": 0.008, ""K_p"": 0.1, ""K_i"": 0.001}",21.773547551292936
"{""K_h"": 0.029, ""K_p"": 0.5}",21.90229100853526
"{""K_h"": 0.029, ""K_p"": 0.5, ""K_i"": 0.0}",21.90229100853526
"{""K_h"": 0.008, ""K_p"": 0.15000000000000002}",21.903357119762763
"{""K_h"": 0.008, ""K_p"": 0.15000000000000002, ""K_i"": 0.0}",21.903357119762763
"{""K_h"": 0.022000000000000002, ""K_p"": 0.35000000000000003, ""K_i"": 0.005}",21.95662353572633
"{""K_h"": 0.022000000000000002, ""K_p"": 0.2, ""K_i"": 0.0015}",22.494264538499454
"{""K_h"": 0.015, ""K_p"": 0.35000000000000003, ""K_i"": 0.0045000000000000005}",22.57203247783498
"{""K_h"": 0.029, ""K_p"": 0.5, ""K_i"": 0.0005}",22.71052268856517
"{""K_h"": 0.015, ""K_p"": 0.30000000000000004, ""K_i"": 0.004}",22.728646280256708
"{""K_h"": 0.015, ""K_p"": 0.25, ""K_i"": 0.0035}",22.825190602070013
"{""K_h"": 0.015, ""K_p"": 0.4, ""K_i"": 0.005}",23.10652377608485
"{""K_h"": 0.001, ""K_p"": 0.1, ""K_i"": 0.0005}",23.26161389336582
"{""K_h"": 0.022000000000000002, ""K_p"": 0.2, ""K_i"": 0.002}",23.295975693437125
"{""K_h"": 0.029, ""K_p"": 0.45}",23.387403535062475
"{""K_h"": 0.029, ""K_p"": 0.45, ""K_i"": 0.0}",23.387403535062475
"{""K_h"": 0.008, ""K_p"": 0.25, ""K_i"": 0.002}",23.500186773883897
"{""K_h"": 0.029, ""K_p"": 0.5, ""K_i"": 0.001}",23.51099552609346
"{""K_h"": 0.015, ""K_p"": 0.15000000000000002}",23.889127111152423
"{""K_h"": 0.015, ""K_p"": 0.15000000000000002, ""K_i"": 0.0}",23.889127111152423
"{""K_h"": 0.015, ""K_p"": 0.2, ""K_i"": 0.003}",23.942464529857652
"{""K_h"": 0.022000000000000002, ""K_p"": 0.2, ""K_i"": 0.0025}",24.089486093082606
"{""K_h"": 0.029, ""K_p"": 0.5, ""K_i"": 0.0015}",24.201060873805446
"{""K_h"": 0.029, ""K_p"": 0.45, ""K_i"": 0.0005}",24.212046669959275
"{""K_h"": 0.008, ""K_p"": 0.45, ""K_i"": 0.0015}",24.549558198160334
"{""K_h"": 0.008, ""K_p"": 0.2, ""K_i"": 0.002}",24.591238543505483
"{""K_h"": 0.022000000000000002, ""K_p"": 0.2, ""K_i"": 0.003}",24.772091501582214
"{""K_h"": 0.008, ""K_p"": 0.30000000000000004, ""K_i"": 0.002}",24.805827366236656
"{""K_h"": 0.015, ""K_p"": 0.35000000000000003, ""K_i"": 0.005}",24.884169695113908
"{""K_h"": 0.008, ""K_p"": 0.05, ""K_i"": 0.004}",24.975173227100342
"{""K_h"": 0.029, ""K_p"": 0.5, ""K_i"": 0.002}",24.98711175201342
"{""K_h"": 0.015, ""K_p"": 0.1, ""K_i"": 0.005}",24.98994794833547
"{""K_h"": 0.029, ""K_p"": 0.45, ""K_i"": 0.001}",25.029428928771104
"{""K_h"": 0.029, ""K_p"": 0.4}",25.187509503770016
"{""K_h"": 0.029, ""K_p"": 0.4, ""K_i"": 0.0}",25.187509503770016
"{""K_h"": 0.015, ""K_p"": 0.1, ""K_i"": 0.0045000000000000005}",25.426734866966058
"{""K_h"": 0.015, ""K_p"": 0.30000000000000004, ""K_i"": 0.0045000000000000005}",25.451214471680114
"{""K_h"": 0.022000000000000002, ""K_p"": 0.2, ""K_i"": 0.0035}",25.549582784542068
"{""K_h"": 0.029, ""K_p"": 0.5, ""K_i"": 0.0025}",25.66623819026754
"{""K_h"": 0.029, ""K_p"": 0.45, ""K_i"": 0.0015}",25.838322755402906
"{""K_h"": 0.015, ""K_p"": 0.1, ""K_i"": 0.004}",26.00157887178615
"{""K_h"": 0.029, ""K_p"": 0.4, ""K_i"": 0.0005}",26.032482037169583
"{""K_h"": 0.022000000000000002, ""K_p"": 0.2, ""K_i"": 0.004}",26.218378642020944
"{""K_h"": 0.029, ""K_p"": 0.5, ""K_i"": 0.003}",26.338834474846315
"{""K_h"": 0.015, ""K_p"": 0.25, ""K_i"": 0.004}",26.35337282162957
"{""K_h"": 0.001, ""K_p"": 0.25, ""K_i"": 0.0005}",26.358347175225266
"{""K_h"": 0.029, ""K_p"": 0.45, ""K_i"": 0.002}",26.539945311156988
"{""K_h"": 0.008, ""K_p"": 0.35000000000000003, ""K_i"": 0.002}",26.703716106399064
"{""K_h"": 0.015, ""K_p"": 0.1, ""K_i"": 0.0035}",26.720158273273043
"{""K_h"": 0.029, ""K_p"": 0.4, ""K_i"": 0.001}",26.869447423387033
"{""K_h"": 0.022000000000000002, ""K_p"": 0.2, ""K_i"": 0.0045000000000000005}",26.88060510876607
"{""K_h"": 0.029, ""K_p"": 0.5, ""K_i"": 0.0035}",27.00662551014201
"{""K_h"": 0.029, ""K_p"": 0.45, ""K_i"": 0.0025}",27.23488695952054
"{""K_h"": 0.029, ""K_p"": 0.35000000000000003}",27.24263995756468
"{""K_h"": 0.029, ""K_p"": 0.35000000000000003, ""K_i"": 0.0}",27.24263995756468
"{""K_h"": 0.015, ""K_p"": 0.1, ""K_i"": 0.003}",27.391496875926762
"{""K_h"": 0.015, ""K_p"": 0.30000000000000004, ""K_i"": 0.005}",27.43187247737971
"{""K_h"": 0.022000000000000002, ""K_p"": 0.2, ""K_i"": 0.005}",27.437204690994736
"{""K_h"": 0.001, ""K_p"": 0.05, ""K_i"": 0.0015}",27.44057991860469
"{""K_h"": 0.029, ""K_p"": 0.5, ""K_i"": 0.004}",27.570058868557027
"{""K_h"": 0.029, ""K_p"": 0.4, ""K_i"": 0.0015}",27.599272553622075
"{""K_h"": 0.008, ""K_p"": 0.5, ""K_i"": 0.0015}",27.66979419564482
"{""K_h"": 0.029, ""K_p"": 0.45, ""K_i"": 0.003}",27.925362395426195
"{""K_h"": 0.029, ""K_p"": 0.35000000000000003, ""K_i"": 0.0005}",28.115000202111744
"{""K_h"": 0.029, ""K_p"": 0.5, ""K_i"": 0.0045000000000000005}",28.22877366403111
"{""K_h"": 0.015, ""K_p"": 0.2, ""K_i"": 0.0035}",28.330216918675262
"{""K_h"": 0.015, ""K_p"": 0.1, ""K_i"": 0.0025}",28.33128189713692
"{""K_h"": 0.029, ""K_p"": 0.4, ""K_i"": 0.002}",28.42039630130786
"{""K_h"": 0.008, ""K_p"": 0.05, ""K_i"": 0.0035}",28.434133922642975
"{""K_h"": 0.029, ""K_p"": 0.45, ""K_i"": 0.0035}",28.60907401742579
"{""K_h"": 0.015, ""K_p"": 0.25, ""K_i"": 0.0045000000000000005}",28.763465358462213
"{""K_h"": 0.029, ""K_p"": 0.5, ""K_i"": 0.005}",28.78347882947628
"{""K_h"": 0.008, ""K_p"": 0.4, ""K_i"": 0.002}",28.860672018319157
"{""K_h"": 0.008, ""K_p"": 0.1, ""K_i"": 0.0005}",28.944160158050096
"{""K_h"": 0.029, ""K_p"": 0.35000000000000003, ""K_i"": 0.001}",28.977456686358423
"{""K_h"": 0.029, ""K_p"": 0.4, ""K_i"": 0.0025}",29.136754150969484
"{""K_h"": 0.008, ""K_p"": 0.15000000000000002, ""K_i"": 0.002}",29.185900506679342
"{""K_h"": 0.029, ""K_p"": 0.45, ""K_i"": 0.004}",29.288139287936747
"{""K_h"": 0.015, ""K_p"": 0.1, ""K_i"": 0.002}",29.361370115543032
"{""K_h"": 0.029, ""K_p"": 0.30000000000000004}",29.73049664142965
"{""K_h"": 0.029, ""K_p"": 0.30000000000000004, ""K_i"": 0.0}",29.73049664142965
"{""K_h"": 0.029, ""K_p"": 0.35000000000000003, ""K_i"": 0.0015}",29.734872507861905
"{""K_h"": 0.029, ""K_p"": 0.4, ""K_i"": 0.003}",29.84623884153544
"{""K_h"": 0.029, ""K_p"": 0.45, ""K_i"": 0.0045000000000000005}",29.8640153832844
"{""K_h"": 0.015, ""K_p"": 0.25, ""K_i"": 0.005}",30.423465724789807
"{""K_h"": 0.029, ""K_p"": 0.45, ""K_i"": 0.005}",30.437029244278612
"{""K_h"": 0.029, ""K_p"": 0.4, ""K_i"": 0.0035}",30.454367658361686
"{""K_h"": 0.029, ""K_p"": 0.35000000000000003, ""K_i"": 0.002}",30.580036567852463
"{""K_h"": 0.015, ""K_p"": 0.1, ""K_i"": 0.0015}",30.617263620789362
"{""K_h"": 0.029, ""K_p"": 0.30000000000000004, ""K_i"": 0.0005}",30.636937416103486
"{""K_h"": 0.015, ""K_p"": 0.2, ""K_i"": 0.004}",30.8473921923286
"{""K_h"": 0.008, ""K_p"": 0.45, ""K_i"": 0.002}",30.941233486094447
"{""K_h"": 0.022000000000000002, ""K_p"": 0.15000000000000002}",31.033665335995668
"{""K_h"": 0.022000000000000002, ""K_p"": 0.15000000000000002, ""K_i"": 0.0}",31.033665335995668
"{""K_h"": 0.029, ""K_p"": 0.4, ""K_i"": 0.004}",31.15187629043388
"{""K_h"": 0.029, ""K_p"": 0.35000000000000003, ""K_i"": 0.0025}",31.32186363465983
"{""K_h"": 0.022000000000000002, ""K_p"": 0.15000000000000002, ""K_i"": 0.0005}",31.52532968226651
"{""K_h"": 0.029, ""K_p"": 0.30000000000000004, ""K_i"": 0.001}",31.532797796072188
"{""K_h"": 0.029, ""K_p"": 0.4, ""K_i"": 0.0045000000000000005}",31.84361053083331
"{""K_h"": 0.008, ""K_p"": 0.05, ""K_i"": 0.003}",31.97710515568806
"{""K_h"": 0.022000000000000002, ""K_p"": 0.15000000000000002, ""K_i"": 0.001}",32.02795787614197
"{""K_h"": 0.029, ""K_p"": 0.35000000000000003, ""K_i"": 0.003}",32.05646828437422
"{""K_h"": 0.015, ""K_p"": 0.1, ""K_i"": 0.001}",32.07361437985961
"{""K_h"": 0.001, ""K_p"": 0.1}",32.08408185778242
"{""K_h"": 0.001, ""K_p"": 0.1, ""K_i"": 0.0}",32.08408185778242
"{""K_h"": 0.015, ""K_p"": 0.15000000000000002, ""K_i"": 0.003}",32.180448042331165
"{""K_h"": 0.029, ""K_p"": 0.30000000000000004, ""K_i"": 0.0015}",32.324385811147216
"{""K_h"": 0.029, ""K_p"": 0.4, ""K_i"": 0.005}",32.43569551627569
"{""K_h"": 0.022000000000000002, ""K_p"": 0.15000000000000002, ""K_i"": 0.0015}",32.443828279489445
"{""K_h"": 0.015, ""K_p"": 0.2, ""K_i"": 0.0045000000000000005}",32.592846762167156
"{""K_h"": 0.008, ""K_p"": 0.5, ""K_i"": 0.002}",32.59523416614358
"{""K_h"": 0.029, ""K_p"": 0.35000000000000003, ""K_i"": 0.0035}",32.69098879108444
"{""K_h"": 0.029, ""K_p"": 0.25}",32.788039590977014
"{""K_h"": 0.029, ""K_p"": 0.25, ""K_i"": 0.0}",32.788039590977014
"{""K_h"": 0.022000000000000002, ""K_p"": 0.15000000000000002, ""K_i"": 0.002}",32.957526061198465
"{""K_h"": 0.029, ""K_p"": 0.30000000000000004, ""K_i"": 0.002}",33.107364583734395
"{""K_h"": 0.008, ""K_p"": 0.30000000000000004, ""K_i"": 0.0025}",33.13687738328294
"{""K_h"": 0.029, ""K_p"": 0.35000000000000003, ""K_i"": 0.004}",33.41202490061969
"{""K_h"": 0.022000000000000002, ""K_p"": 0.15000000000000002, ""K_i"": 0.0025}",33.4730650530709
"{""K_h"": 0.008, ""K_p"": 0.35000000000000003, ""K_i"": 0.0025}",33.52307020172077
"{""K_h"": 0.029, ""K_p"": 0.25, ""K_i"": 0.0005}",33.73961912539809
"{""K_h"": 0.008, ""K_p"": 0.25, ""K_i"": 0.0025}",33.74969787703115
"{""K_h"": 0.029, ""K_p"": 0.30000000000000004, ""K_i"": 0.0025}",33.88175462727276
"{""K_h"": 0.015, ""K_p"": 0.2, ""K_i"": 0.005}",33.93330766856751
"{""K_h"": 0.022000000000000002, ""K_p"": 0.15000000000000002, ""K_i"": 0.003}",33.989142050498984
"{""K_h"": 0.029, ""K_p"": 0.35000000000000003, ""K_i"": 0.0045000000000000005}",34.03454405362422
"{""K_h"": 0.015, ""K_p"": 0.1, ""K_i"": 0.0005}",34.37906837899626
"{""K_h"": 0.022000000000000002, ""K_p"": 0.15000000000000002, ""K_i"": 0.0035}",34.41276909491593
"{""K_h"": 0.008, ""K_p"": 0.4, ""K_i"": 0.0025}",34.560054889386855
"{""K_h"": 0.029, ""K_p"": 0.30000000000000004, ""K_i"": 0.003}",34.64760420922197
"{""K_h"": 0.029, ""K_p"": 0.25, ""K_i"": 0.001}",34.67728636368529
"{""K_h"": 0.029, ""K_p"": 0.35000000000000003, ""K_i"": 0.005}",34.742089749797636
"{""K_h"": 0.015, ""K_p"": 0.15000000000000002, ""K_i"": 0.0035}",34.88921606222793
"{""K_h"": 0.022000000000000002, ""K_p"": 0.15000000000000002, ""K_i"": 0.004}",34.92681577421492
"{""K_h"": 0.008, ""K_p"": 0.45, ""K_i"": 0.0025}",35.17042934018636
"{""K_h"": 0.022000000000000002, ""K_p"": 0.15000000000000002, ""K_i"": 0.0045000000000000005}",35.34819265942813
"{""K_h"": 0.029, ""K_p"": 0.30000000000000004, ""K_i"": 0.0035}",35.40529662587617
"{""K_h"": 0.008, ""K_p"": 0.1}",35.40752911582495
"{""K_h"": 0.008, ""K_p"": 0.1, ""K_i"": 0.0}",35.40752911582495
"{""K_h"": 0.029, ""K_p"": 0.25, ""K_i"": 0.0015}",35.51295080288274
"{""K_h"": 0.008, ""K_p"": 0.05, ""K_i"": 0.0025}",35.71259119818179
"{""K_h"": 0.008, ""K_p"": 0.2, ""K_i"": 0.0025}",35.73355823178812
"{""K_h"": 0.022000000000000002, ""K_p"": 0.15000000000000002, ""K_i"": 0.005}",35.85751508931643
"{""K_h"": 0.001, ""K_p"": 0.0, ""K_i"": 0.005}",35.87421819890358
"{""K_h"": 0.029, ""K_p"": 0.30000000000000004, ""K_i"": 0.004}",36.06458347407774
"{""K_h"": 0.029, ""K_p"": 0.25, ""K_i"": 0.002}",36.33730929162714
"{""K_h"": 0.008, ""K_p"": 0.5, ""K_i"": 0.0025}",36.457509097168874
"{""K_h"": 0.015, ""K_p"": 0.15000000000000002, ""K_i"": 0.004}",36.76763641703655
"{""K_h"": 0.029, ""K_p"": 0.30000000000000004, ""K_i"": 0.0045000000000000005}",36.80625462533982
"{""K_h"": 0.029, ""K_p"": 0.2}",36.8783556811209
"{""K_h"": 0.029, ""K_p"": 0.2, ""K_i"": 0.0}",36.8783556811209
"{""K_h"": 0.029, ""K_p"": 0.25, ""K_i"": 0.0025}",37.150670161588664
"{""K_h"": 0.001, ""K_p"": 0.2, ""K_i"": 0.001}",37.33020315603191
"{""K_h"": 0.029, ""K_p"": 0.30000000000000004, ""K_i"": 0.005}",37.450809409495186
"{""K_h"": 0.015, ""K_p"": 0.15000000000000002, ""K_i"": 0.0045000000000000005}",37.833063089701646
"{""K_h"": 0.029, ""K_p"": 0.2, ""K_i"": 0.0005}",37.884109061391435
"{""K_h"": 0.029, ""K_p"": 0.25, ""K_i"": 0.003}",37.95426760439602
"{""K_h"": 0.036000000000000004, ""K_p"": 0.5}",38.06589850930805
"{""K_h"": 0.036000000000000004, ""K_p"": 0.5, ""K_i"": 0.0}",38.06589850930805
"{""K_h"": 0.015, ""K_p"": 0.15000000000000002, ""K_i"": 0.005}",38.10630704414809
"{""K_h"": 0.008, ""K_p"": 0.35000000000000003, ""K_i"": 0.003}",38.19208300771264
"{""K_h"": 0.008, ""K_p"": 0.4, ""K_i"": 0.003}",38.46959150959502
"{""K_h"": 0.008, ""K_p"": 0.30000000000000004, ""K_i"": 0.003}",38.58012906957611
"{""K_h"": 0.036000000000000004, ""K_p"": 0.5, ""K_i"": 0.0005}",38.69005435627032
"{""K_h"": 0.008, ""K_p"": 0.45, ""K_i"": 0.003}",38.70435162460124
"{""K_h"": 0.029, ""K_p"": 0.25, ""K_i"": 0.0035}",38.74686203362974
"{""K_h"": 0.015, ""K_p"": 0.1}",38.841299972121455
"{""K_h"": 0.015, ""K_p"": 0.1, ""K_i"": 0.0}",38.841299972121455
"{""K_h"": 0.036000000000000004, ""K_p"": 0.45}",38.854334470192526
"{""K_h"": 0.036000000000000004, ""K_p"": 0.45, ""K_i"": 0.0}",38.854334470192526
"{""K_h"": 0.029, ""K_p"": 0.2, ""K_i"": 0.001}",38.87319183092336
"{""K_h"": 0.008, ""K_p"": 0.5, ""K_i"": 0.003}",39.25592723726047
"{""K_h"": 0.036000000000000004, ""K_p"": 0.5, ""K_i"": 0.001}",39.31012542674137
"{""K_h"": 0.029, ""K_p"": 0.25, ""K_i"": 0.004}",39.4426899720141
"{""K_h"": 0.036000000000000004, ""K_p"": 0.45, ""K_i"": 0.0005}",39.51269390557051
"{""K_h"": 0.008, ""K_p"": 0.25, ""K_i"": 0.003}",39.644377824137216
"{""K_h"": 0.036000000000000004, ""K_p"": 0.4}",39.74567876368899
"{""K_h"": 0.036000000000000004, ""K_p"": 0.4, ""K_i"": 0.0}",39.74567876368899
"{""K_h"": 0.029, ""K_p"": 0.2, ""K_i"": 0.0015}",39.759667705683576
"{""K_h"": 0.008, ""K_p"": 0.1, ""K_i"": 0.002}",39.78337379174602
"{""K_h"": 0.036000000000000004, ""K_p"": 0.5, ""K_i"": 0.0015}",39.83954561502991
"{""K_h"": 0.008, ""K_p"": 0.05, ""K_i"": 0.002}",39.90281229602822
"{""K_h"": 0.036000000000000004, ""K_p"": 0.45, ""K_i"": 0.001}",40.080666081273705
"{""K_h"": 0.029, ""K_p"": 0.25, ""K_i"": 0.0045000000000000005}",40.13000893088074
"{""K_h"": 0.008, ""K_p"": 0.15000000000000002, ""K_i"": 0.0025}",40.256248271906706
"{""K_h"": 0.036000000000000004, ""K_p"": 0.4, ""K_i"": 0.0005}",40.447170891445516
"{""K_h"": 0.036000000000000004, ""K_p"": 0.5, ""K_i"": 0.002}",40.45136883326621
"{""K_h"": 0.029, ""K_p"": 0.2, ""K_i"": 0.002}",40.6317042658767
"{""K_h"": 0.036000000000000004, ""K_p"": 0.45, ""K_i"": 0.0015}",40.7305438177315
"{""K_h"": 0.036000000000000004, ""K_p"": 0.35000000000000003}",40.78713626116865
"{""K_h"": 0.036000000000000004, ""K_p"": 0.35000000000000003, ""K_i"": 0.0}",40.78713626116865
"{""K_h"": 0.029, ""K_p"": 0.25, ""K_i"": 0.005}",40.808455956412075
"{""K_h"": 0.036000000000000004, ""K_p"": 0.5, ""K_i"": 0.0025}",40.97555243094167
"{""K_h"": 0.001, ""K_p"": 0.05, ""K_i"": 0.001}",41.08196482800209
"{""K_h"": 0.036000000000000004, ""K_p"": 0.4, ""K_i"": 0.001}",41.14371049374368
"{""K_h"": 0.001, ""K_p"": 0.0, ""K_i"": 0.0045000000000000005}",41.24563243748693
"{""K_h"": 0.008, ""K_p"": 0.4, ""K_i"": 0.0035}",41.323925635721764
"{""K_h"": 0.036000000000000004, ""K_p"": 0.45, ""K_i"": 0.002}",41.37582119971499
"{""K_h"": 0.029, ""K_p"": 0.2, ""K_i"": 0.0025}",41.404904586638516
"{""K_h"": 0.008, ""K_p"": 0.45, ""K_i"": 0.0035}",41.535469867941245
"{""K_h"": 0.036000000000000004, ""K_p"": 0.5, ""K_i"": 0.003}",41.58112619909892
"{""K_h"": 0.036000000000000004, ""K_p"": 0.35000000000000003, ""K_i"": 0.0005}",41.627852906217335
"{""K_h"": 0.008, ""K_p"": 0.5, ""K_i"": 0.0035}",41.71452317270829
"{""K_h"": 0.008, ""K_p"": 0.35000000000000003, ""K_i"": 0.0035}",41.798032345494484
"{""K_h"": 0.036000000000000004, ""K_p"": 0.4, ""K_i"": 0.0015}",41.83520655972962
"{""K_h"": 0.036000000000000004, ""K_p"": 0.45, ""K_i"": 0.0025}",42.01762511757987
"{""K_h"": 0.036000000000000004, ""K_p"": 0.5, ""K_i"": 0.0035}",42.09800840881972
"{""K_h"": 0.008, ""K_p"": 0.2, ""K_i"": 0.003}",42.13307429178129
"{""K_h"": 0.008, ""K_p"": 0.30000000000000004, ""K_i"": 0.0035}",42.24206411454366
"{""K_h"": 0.029, ""K_p"": 0.2, ""K_i"": 0.003}",42.25031259388444
"{""K_h"": 0.036000000000000004, ""K_p"": 0.30000000000000004}",42.30342627143083
"{""K_h"": 0.036000000000000004, ""K_p"": 0.30000000000000004, ""K_i"": 0.0}",42.30342627143083
"{""K_h"": 0.036000000000000004, ""K_p"": 0.35000000000000003, ""K_i"": 0.001}",42.37738224857794
"{""K_h"": 0.036000000000000004, ""K_p"": 0.4, ""K_i"": 0.002}",42.52156763783643
"{""K_h"": 0.036000000000000004, ""K_p"": 0.45, ""K_i"": 0.003}",42.57079595361634
"{""K_h"": 0.036000000000000004, ""K_p"": 0.5, ""K_i"": 0.004}",42.61128798192536
"{""K_h"": 0.029, ""K_p"": 0.15000000000000002}",42.81175444722192
"{""K_h"": 0.029, ""K_p"": 0.15000000000000002, ""K_i"": 0.0}",42.81175444722192
"{""K_h"": 0.029, ""K_p"": 0.2, ""K_i"": 0.0035}",42.9986131165079
"{""K_h"": 0.036000000000000004, ""K_p"": 0.4, ""K_i"": 0.0025}",43.11914014378028
"{""K_h"": 0.036000000000000004, ""K_p"": 0.35000000000000003, ""K_i"": 0.0015}",43.120217237850774
"{""K_h"": 0.036000000000000004, ""K_p"": 0.30000000000000004, ""K_i"": 0.0005}",43.12863066962087
"{""K_h"": 0.036000000000000004, ""K_p"": 0.45, ""K_i"": 0.0035}",43.20361929506746
"{""K_h"": 0.036000000000000004, ""K_p"": 0.5, ""K_i"": 0.0045000000000000005}",43.2063006457329
"{""K_h"": 0.008, ""K_p"": 0.5, ""K_i"": 0.004}",43.4751016257955
"{""K_h"": 0.008, ""K_p"": 0.45, ""K_i"": 0.004}",43.66820035105626
"{""K_h"": 0.036000000000000004, ""K_p"": 0.5, ""K_i"": 0.005}",43.7141362545692
"{""K_h"": 0.029, ""K_p"": 0.2, ""K_i"": 0.004}",43.73481237168343
"{""K_h"": 0.008, ""K_p"": 0.25, ""K_i"": 0.0035}",43.747065375917316
"{""K_h"": 0.036000000000000004, ""K_p"": 0.45, ""K_i"": 0.004}",43.748517735644164
"{""K_h"": 0.029, ""K_p"": 0.15000000000000002, ""K_i"": 0.0005}",43.78279324317972
"{""K_h"": 0.036000000000000004, ""K_p"": 0.4, ""K_i"": 0.003}",43.794506074504156
"{""K_h"": 0.008, ""K_p"": 0.4, ""K_i"": 0.004}",43.83777859329125
"{""K_h"": 0.036000000000000004, ""K_p"": 0.35000000000000003, ""K_i"": 0.002}",43.85614160020138
"{""K_h"": 0.036000000000000004, ""K_p"": 0.30000000000000004, ""K_i"": 0.001}",44.02866912375613
"{""K_h"": 0.036000000000000004, ""K_p"": 0.25}",44.16749415634887
"{""K_h"": 0.036000000000000004, ""K_p"": 0.25, ""K_i"": 0.0}",44.16749415634887
"{""K_h"": 0.036000000000000004, ""K_p"": 0.45, ""K_i"": 0.0045000000000000005}",44.289313742683625
"{""K_h"": 0.008, ""K_p"": 0.35000000000000003, ""K_i"": 0.004}",44.346808319416986
"{""K_h"": 0.029, ""K_p"": 0.2, ""K_i"": 0.0045000000000000005}",44.45952651940298
"{""K_h"": 0.036000000000000004, ""K_p"": 0.4, ""K_i"": 0.0035}",44.46448656409979
"{""K_h"": 0.036000000000000004, ""K_p"": 0.35000000000000003, ""K_i"": 0.0025}",44.585982313534004
"{""K_h"": 0.029, ""K_p"": 0.15000000000000002, ""K_i"": 0.001}",44.73390387548773
"{""K_h"": 0.036000000000000004, ""K_p"": 0.45, ""K_i"": 0.005}",44.8273603295094
"{""K_h"": 0.036000000000000004, ""K_p"": 0.30000000000000004, ""K_i"": 0.0015}",44.83667920006544
"{""K_h"": 0.022000000000000002, ""K_p"": 0.1, ""K_i"": 0.0015}",44.84668422633022
"{""K_h"": 0.008, ""K_p"": 0.05, ""K_i"": 0.0015}",44.85676838983367
"{""K_h"": 0.022000000000000002, ""K_p"": 0.1, ""K_i"": 0.001}",44.88770475993016
"{""K_h"": 0.022000000000000002, ""K_p"": 0.1, ""K_i"": 0.0005}",44.926925101496785
"{""K_h"": 0.022000000000000002, ""K_p"": 0.1, ""K_i"": 0.002}",44.94401056206694
"{""K_h"": 0.036000000000000004, ""K_p"": 0.4, ""K_i"": 0.004}",45.04682372459613
"{""K_h"": 0.022000000000000002, ""K_p"": 0.1, ""K_i"": 0.0025}",45.08010755358431
"{""K_h"": 0.015, ""K_p"": 0.05, ""K_i"": 0.005}",45.13013481654993
"{""K_h"": 0.036000000000000004, ""K_p"": 0.25, ""K_i"": 0.0005}",45.167859844525296
"{""K_h"": 0.029, ""K_p"": 0.2, ""K_i"": 0.005}",45.173005215738314
"{""K_h"": 0.022000000000000002, ""K_p"": 0.1}",45.18207655035457
"{""K_h"": 0.022000000000000002, ""K_p"": 0.1, ""K_i"": 0.0}",45.18207655035457
"{""K_h"": 0.008, ""K_p"": 0.30000000000000004, ""K_i"": 0.004}",45.198970692744155
"{""K_h"": 0.022000000000000002, ""K_p"": 0.1, ""K_i"": 0.003}",45.244727439428644
"{""K_h"": 0.008, ""K_p"": 0.5, ""K_i"": 0.0045000000000000005}",45.24822716449382
"{""K_h"": 0.001, ""K_p"": 0.35000000000000003}",45.2739470423945
"{""K_h"": 0.001, ""K_p"": 0.35000000000000003, ""K_i"": 0.0}",45.2739470423945
"{""K_h"": 0.036000000000000004, ""K_p"": 0.35000000000000003, ""K_i"": 0.003}",45.308824096139084
"{""K_h"": 0.008, ""K_p"": 0.45, ""K_i"": 0.0045000000000000005}",45.45813861718699
"{""K_h"": 0.022000000000000002, ""K_p"": 0.1, ""K_i"": 0.0035}",45.51277315845666
"{""K_h"": 0.036000000000000004, ""K_p"": 0.4, ""K_i"": 0.0045000000000000005}",45.62444636868106
"{""K_h"": 0.036000000000000004, ""K_p"": 0.30000000000000004, ""K_i"": 0.002}",45.635775048669515
"{""K_h"": 0.008, ""K_p"": 0.4, ""K_i"": 0.0045000000000000005}",45.65258329186664
"{""K_h"": 0.029, ""K_p"": 0.15000000000000002, ""K_i"": 0.0015}",45.666095974308085
"{""K_h"": 0.022000000000000002, ""K_p"": 0.1, ""K_i"": 0.004}",45.71425426668608
"{""K_h"": 0.008, ""K_p"": 0.15000000000000002, ""K_i"": 0.003}",45.80927063088781
"{""K_h"": 0.022000000000000002, ""K_p"": 0.1, ""K_i"": 0.0045000000000000005}",45.92724983339069
"{""K_h"": 0.008, ""K_p"": 0.2, ""K_i"": 0.0035}",46.00052235665754
"{""K_h"": 0.036000000000000004, ""K_p"": 0.35000000000000003, ""K_i"": 0.0035}",46.02457570374396
"{""K_h"": 0.022000000000000002, ""K_p"": 0.1, ""K_i"": 0.005}",46.149110518966864
"{""K_h"": 0.036000000000000004, ""K_p"": 0.25, ""K_i"": 0.001}",46.15476328041512
"{""K_h"": 0.015, ""K_p"": 0.05, ""K_i"": 0.0045000000000000005}",46.16723158051095
"{""K_h"": 0.008, ""K_p"": 0.35000000000000003, ""K_i"": 0.0045000000000000005}",46.19580363030676
"{""K_h"": 0.036000000000000004, ""K_p"": 0.4, ""K_i"": 0.005}",46.28000200256895
"{""K_h"": 0.008, ""K_p"": 0.25, ""K_i"": 0.004}",46.42223517121131
"{""K_h"": 0.036000000000000004, ""K_p"": 0.30000000000000004, ""K_i"": 0.0025}",46.42681442042478
"{""K_h"": 0.029, ""K_p"": 0.15000000000000002, ""K_i"": 0.002}",46.49842716438568
"{""K_h"": 0.036000000000000004, ""K_p"": 0.35000000000000003, ""K_i"": 0.004}",46.65284102498813
"{""K_h"": 0.008, ""K_p"": 0.5, ""K_i"": 0.005}",46.67609028183234
"{""K_h"": 0.001, ""K_p"": 0.0, ""K_i"": 0.004}",46.82547704785692
"{""K_h"": 0.008, ""K_p"": 0.45, ""K_i"": 0.005}",46.90332120467821
"{""K_h"": 0.036000000000000004, ""K_p"": 0.2}",46.962274397315944
"{""K_h"": 0.036000000000000004, ""K_p"": 0.2, ""K_i"": 0.0}",46.962274397315944
"{""K_h"": 0.008, ""K_p"": 0.30000000000000004, ""K_i"": 0.0045000000000000005}",47.09512103297035
"{""K_h"": 0.001, ""K_p"": 0.30000000000000004, ""K_i"": 0.0005}",47.10394923723115
"{""K_h"": 0.008, ""K_p"": 0.4, ""K_i"": 0.005}",47.12201023910943
"{""K_h"": 0.036000000000000004, ""K_p"": 0.25, ""K_i"": 0.0015}",47.12853484506329
"{""K_h"": 0.036000000000000004, ""K_p"": 0.30000000000000004, ""K_i"": 0.003}",47.20833029991146
"{""K_h"": 0.015, ""K_p"": 0.05, ""K_i"": 0.004}",47.22722542716706
"{""K_h"": 0.029, ""K_p"": 0.15000000000000002, ""K_i"": 0.0025}",47.313994779853424
"{""K_h"": 0.036000000000000004, ""K_p"": 0.35000000000000003, ""K_i"": 0.0045000000000000005}",47.35635524822413
"{""K_h"": 0.001, ""K_p"": 0.1, ""K_i"": 0.0015}",47.420975456919805
"{""K_h"": 0.043000000000000003, ""K_p"": 0.5}",47.674192981111446
"{""K_h"": 0.043000000000000003, ""K_p"": 0.5, ""K_i"": 0.0}",47.674192981111446
"{""K_h"": 0.008, ""K_p"": 0.1, ""K_i"": 0.0025}",47.71488523103054
"{""K_h"": 0.008, ""K_p"": 0.1, ""K_i"": 0.0035}",47.78063107403746
"{""K_h"": 0.008, ""K_p"": 0.1, ""K_i"": 0.004}",47.85835808704865
"{""K_h"": 0.008, ""K_p"": 0.1, ""K_i"": 0.003}",47.87480741916442
"{""K_h"": 0.036000000000000004, ""K_p"": 0.35000000000000003, ""K_i"": 0.005}",47.97226099682933
"{""K_h"": 0.036000000000000004, ""K_p"": 0.30000000000000004, ""K_i"": 0.0035}",47.98205275988106
"{""K_h"": 0.036000000000000004, ""K_p"": 0.25, ""K_i"": 0.002}",48.00887289612096
"{""K_h"": 0.008, ""K_p"": 0.35000000000000003, ""K_i"": 0.005}",48.04675578023704
"{""K_h"": 0.008, ""K_p"": 0.1, ""K_i"": 0.005}",48.052596479163675
"{""K_h"": 0.001, ""K_p"": 0.05, ""K_i"": 0.0025}",48.07029090094579
"{""K_h"": 0.036000000000000004, ""K_p"": 0.2, ""K_i"": 0.0005}",48.08490037114837
"{""K_h"": 0.029, ""K_p"": 0.15000000000000002, ""K_i"": 0.003}",48.11325358779348
"{""K_h"": 0.008, ""K_p"": 0.1, ""K_i"": 0.0045000000000000005}",48.16994757973302
"{""K_h"": 0.043000000000000003, ""K_p"": 0.45}",48.205883430844146
"{""K_h"": 0.043000000000000003, ""K_p"": 0.45, ""K_i"": 0.0}",48.205883430844146
"{""K_h"": 0.043000000000000003, ""K_p"": 0.5, ""K_i"": 0.0005}",48.27304205351746
"{""K_h"": 0.001, ""K_p"": 0.05, ""K_i"": 0.003}",48.28568931336114
"{""K_h"": 0.008, ""K_p"": 0.15000000000000002, ""K_i"": 0.005}",48.39099130198981
"{""K_h"": 0.008, ""K_p"": 0.2, ""K_i"": 0.004}",48.418527338959905
"{""K_h"": 0.008, ""K_p"": 0.15000000000000002, ""K_i"": 0.0035}",48.42200829564098
"{""K_h"": 0.008, ""K_p"": 0.15000000000000002, ""K_i"": 0.0045000000000000005}",48.47029398713682
"{""K_h"": 0.008, ""K_p"": 0.15000000000000002, ""K_i"": 0.004}",48.484439628777864
"{""K_h"": 0.015, ""K_p"": 0.05, ""K_i"": 0.0035}",48.502868981547394
"{""K_h"": 0.001, ""K_p"": 0.1, ""K_i"": 0.002}",48.502891171722894
"{""K_h"": 0.008, ""K_p"": 0.2, ""K_i"": 0.005}",48.580264344466386
"{""K_h"": 0.008, ""K_p"": 0.2, ""K_i"": 0.0045000000000000005}",48.69155689920245
"{""K_h"": 0.008, ""K_p"": 0.25, ""K_i"": 0.0045000000000000005}",48.73005517372024
"{""K_h"": 0.036000000000000004, ""K_p"": 0.30000000000000004, ""K_i"": 0.004}",48.745888327615226
"{""K_h"": 0.001, ""K_p"": 0.1, ""K_i"": 0.0025}",48.793226026270005
"{""K_h"": 0.043000000000000003, ""K_p"": 0.4}",48.82986232605507
"{""K_h"": 0.043000000000000003, ""K_p"": 0.4, ""K_i"": 0.0}",48.82986232605507
"{""K_h"": 0.001, ""K_p"": 0.05, ""K_i"": 0.0035}",48.84138010194913
"{""K_h"": 0.043000000000000003, ""K_p"": 0.45, ""K_i"": 0.0005}",48.85086515398043
"{""K_h"": 0.001, ""K_p"": 0.05, ""K_i"": 0.004}",48.869001130170936
"{""K_h"": 0.043000000000000003, ""K_p"": 0.5, ""K_i"": 0.001}",48.86905669252545
"{""K_h"": 0.001, ""K_p"": 0.15000000000000002, ""K_i"": 0.0015}",48.872651272778924
"{""K_h"": 0.036000000000000004, ""K_p"": 0.25, ""K_i"": 0.0025}",48.877268648615896
"{""K_h"": 0.029, ""K_p"": 0.15000000000000002, ""K_i"": 0.0035}",48.89628759043523
"{""K_h"": 0.008, ""K_p"": 0.25, ""K_i"": 0.005}",48.91714116794189
"{""K_h"": 0.001, ""K_p"": 0.25, ""K_i"": 0.001}",48.94768186043034
"{""K_h"": 0.008, ""K_p"": 0.30000000000000004, ""K_i"": 0.005}",48.98812856720846
"{""K_h"": 0.001, ""K_p"": 0.05, ""K_i"": 0.0045000000000000005}",49.02539373440613
"{""K_h"": 0.001, ""K_p"": 0.1, ""K_i"": 0.003}",49.02801323022211
"{""K_h"": 0.001, ""K_p"": 0.1, ""K_i"": 0.0045000000000000005}",49.045993371366905
"{""K_h"": 0.001, ""K_p"": 0.15000000000000002, ""K_i"": 0.0025}",49.09970880341922
"{""K_h"": 0.001, ""K_p"": 0.15000000000000002, ""K_i"": 0.002}",49.10677597947669
"{""K_h"": 0.001, ""K_p"": 0.1, ""K_i"": 0.004}",49.133111873281116
"{""K_h"": 0.001, ""K_p"": 0.1, ""K_i"": 0.0035}",49.13693211117812
"{""K_h"": 0.001, ""K_p"": 0.2, ""K_i"": 0.0015}",49.14018969252628
"{""K_h"": 0.001, ""K_p"": 0.2, ""K_i"": 0.002}",49.156313823961945
"{""K_h"": 0.001, ""K_p"": 0.05, ""K_i"": 0.005}",49.17798234460959
"{""K_h"": 0.036000000000000004, ""K_p"": 0.2, ""K_i"": 0.001}",49.18853294909132
"{""K_h"": 0.001, ""K_p"": 0.15000000000000002, ""K_i"": 0.0035}",49.19736646825525
"{""K_h"": 0.001, ""K_p"": 0.2, ""K_i"": 0.0025}",49.20996558226634
"{""K_h"": 0.001, ""K_p"": 0.25, ""K_i"": 0.0015}",49.21725064735299
"{""K_h"": 0.001, ""K_p"": 0.25, ""K_i"": 0.002}",49.22453719131527
"{""K_h"": 0.001, ""K_p"": 0.30000000000000004, ""K_i"": 0.001}",49.233747563101325
"{""K_h"": 0.001, ""K_p"": 0.1, ""K_i"": 0.005}",49.251435001567074
"{""K_h"": 0.001, ""K_p"": 0.4, ""K_i"": 0.0005}",49.25953897769569
"{""K_h"": 0.001, ""K_p"": 0.15000000000000002, ""K_i"": 0.003}",49.29186695304194
"{""K_h"": 0.001, ""K_p"": 0.30000000000000004, ""K_i"": 0.0015}",49.33563655982541
"{""K_h"": 0.001, ""K_p"": 0.15000000000000002, ""K_i"": 0.0045000000000000005}",49.33738745445305
"{""K_h"": 0.001, ""K_p"": 0.45}",49.35010373562332
"{""K_h"": 0.001, ""K_p"": 0.45, ""K_i"": 0.0}",49.35010373562332
"{""K_h"": 0.001, ""K_p"": 0.35000000000000003, ""K_i"": 0.001}",49.36866030153994
"{""K_h"": 0.001, ""K_p"": 0.4}",49.373256540404356
"{""K_h"": 0.001, ""K_p"": 0.4, ""K_i"": 0.0}",49.373256540404356
"{""K_h"": 0.001, ""K_p"": 0.30000000000000004, ""K_i"": 0.002}",49.3971839818372
"{""K_h"": 0.001, ""K_p"": 0.35000000000000003, ""K_i"": 0.002}",49.402257903634435
"{""K_h"": 0.001, ""K_p"": 0.5}",49.402672293829745
"{""K_h"": 0.001, ""K_p"": 0.5, ""K_i"": 0.0}",49.402672293829745
"{""K_h"": 0.001, ""K_p"": 0.35000000000000003, ""K_i"": 0.0005}",49.41353117475606
"{""K_h"": 0.001, ""K_p"": 0.30000000000000004, ""K_i"": 0.003}",49.42099373629455
"{""K_h"": 0.036000000000000004, ""K_p"": 0.30000000000000004, ""K_i"": 0.0045000000000000005}",49.422429239457905
"{""K_h"": 0.001, ""K_p"": 0.5, ""K_i"": 0.001}",49.424018651761
"{""K_h"": 0.001, ""K_p"": 0.4, ""K_i"": 0.001}",49.42406019764045
"{""K_h"": 0.001, ""K_p"": 0.2, ""K_i"": 0.0045000000000000005}",49.43421635092515
"{""K_h"": 0.001, ""K_p"": 0.45, ""K_i"": 0.001}",49.43608580315186
"{""K_h"": 0.001, ""K_p"": 0.4, ""K_i"": 0.0015}",49.45208504142529
"{""K_h"": 0.001, ""K_p"": 0.15000000000000002, ""K_i"": 0.004}",49.45491952904173
"{""K_h"": 0.001, ""K_p"": 0.45, ""K_i"": 0.002}",49.467799663941726
"{""K_h"": 0.001, ""K_p"": 0.45, ""K_i"": 0.0005}",49.46916482362421
"{""K_h"": 0.001, ""K_p"": 0.2, ""K_i"": 0.003}",49.488521887584895
"{""K_h"": 0.001, ""K_p"": 0.25, ""K_i"": 0.0025}",49.52917825576674
"{""K_h"": 0.001, ""K_p"": 0.30000000000000004, ""K_i"": 0.0045000000000000005}",49.531512279191794
"{""K_h"": 0.001, ""K_p"": 0.2, ""K_i"": 0.0035}",49.537980743688365
"{""K_h"": 0.001, ""K_p"": 0.15000000000000002, ""K_i"": 0.005}",49.53846064711702
"{""K_h"": 0.043000000000000003, ""K_p"": 0.5, ""K_i"": 0.0015}",49.541661165702884
"{""K_h"": 0.001, ""K_p"": 0.30000000000000004, ""K_i"": 0.005}",49.54628138196319
"{""K_h"": 0.001, ""K_p"": 0.30000000000000004, ""K_i"": 0.004}",49.55137455711511
"{""K_h"": 0.001, ""K_p"": 0.45, ""K_i"": 0.0015}",49.5639852850255
"{""K_h"": 0.001, ""K_p"": 0.45, ""K_i"": 0.003}",49.564220210663564
"{""K_h"": 0.043000000000000003, ""K_p"": 0.45, ""K_i"": 0.001}",49.57225676038666
"{""K_h"": 0.001, ""K_p"": 0.45, ""K_i"": 0.004}",49.57362775066349
"{""K_h"": 0.001, ""K_p"": 0.2, ""K_i"": 0.005}",49.57536114832408
"{""K_h"": 0.001, ""K_p"": 0.4, ""K_i"": 0.005}",49.57895383644006
"{""K_h"": 0.001, ""K_p"": 0.5, ""K_i"": 0.002}",49.588150507124126
"{""K_h"": 0.001, ""K_p"": 0.35000000000000003, ""K_i"": 0.0035}",49.593744698200034
"{""K_h"": 0.001, ""K_p"": 0.25, ""K_i"": 0.004}",49.59477550889194
"{""K_h"": 0.001, ""K_p"": 0.25, ""K_i"": 0.0035}",49.59595569065692
"{""K_h"": 0.043000000000000003, ""K_p"": 0.4, ""K_i"": 0.0005}",49.60994030040231
"{""K_h"": 0.001, ""K_p"": 0.30000000000000004, ""K_i"": 0.0035}",49.62371122625256
"{""K_h"": 0.001, ""K_p"": 0.4, ""K_i"": 0.0025}",49.6244266302522
"{""K_h"": 0.001, ""K_p"": 0.35000000000000003, ""K_i"": 0.0015}",49.62543200677758
"{""K_h"": 0.001, ""K_p"": 0.5, ""K_i"": 0.0025}",49.62618079672426
"{""K_h"": 0.001, ""K_p"": 0.5, ""K_i"": 0.0045000000000000005}",49.63112796363565
"{""K_h"": 0.001, ""K_p"": 0.5, ""K_i"": 0.0015}",49.63228602676255
"{""K_h"": 0.001, ""K_p"": 0.4, ""K_i"": 0.0045000000000000005}",49.63297509860546
"{""K_h"": 0.001, ""K_p"": 0.25, ""K_i"": 0.0045000000000000005}",49.640436017016285
"{""K_h"": 0.001, ""K_p"": 0.2, ""K_i"": 0.004}",49.64886982437959
"{""K_h"": 0.001, ""K_p"": 0.4, ""K_i"": 0.002}",49.649061385461614
"{""K_h"": 0.043000000000000003, ""K_p"": 0.35000000000000003}",49.66197835965211
"{""K_h"": 0.043000000000000003, ""K_p"": 0.35000000000000003, ""K_i"": 0.0}",49.66197835965211
"{""K_h"": 0.029, ""K_p"": 0.15000000000000002, ""K_i"": 0.004}",49.66447897706121
"{""K_h"": 0.001, ""K_p"": 0.25, ""K_i"": 0.003}",49.675789647932945
"{""K_h"": 0.001, ""K_p"": 0.30000000000000004, ""K_i"": 0.0025}",49.682505270376986
"{""K_h"": 0.001, ""K_p"": 0.5, ""K_i"": 0.0005}",49.69123436320117
"{""K_h"": 0.001, ""K_p"": 0.4, ""K_i"": 0.003}",49.70177635222428
"{""K_h"": 0.001, ""K_p"": 0.35000000000000003, ""K_i"": 0.0025}",49.702670982790316
"{""K_h"": 0.001, ""K_p"": 0.25, ""K_i"": 0.005}",49.71201472713521
"{""K_h"": 0.001, ""K_p"": 0.45, ""K_i"": 0.0035}",49.7190419861412
"{""K_h"": 0.001, ""K_p"": 0.4, ""K_i"": 0.004}",49.72216211753471
"{""K_h"": 0.001, ""K_p"": 0.5, ""K_i"": 0.003}",49.73126740621622
"{""K_h"": 0.036000000000000004, ""K_p"": 0.25, ""K_i"": 0.003}",49.73374296618415
"{""K_h"": 0.001, ""K_p"": 0.35000000000000003, ""K_i"": 0.005}",49.742738440934815
"{""K_h"": 0.001, ""K_p"": 0.5, ""K_i"": 0.004}",49.74293773756343
"{""K_h"": 0.001, ""K_p"": 0.45, ""K_i"": 0.005}",49.749503723757506
"{""K_h"": 0.001, ""K_p"": 0.35000000000000003, ""K_i"": 0.0045000000000000005}",49.769135401751655
"{""K_h"": 0.001, ""K_p"": 0.35000000000000003, ""K_i"": 0.003}",49.777139494101164
"{""K_h"": 0.001, ""K_p"": 0.45, ""K_i"": 0.0045000000000000005}",49.82136582764516
"{""K_h"": 0.001, ""K_p"": 0.45, ""K_i"": 0.0025}",49.82749062731497
"{""K_h"": 0.001, ""K_p"": 0.35000000000000003, ""K_i"": 0.004}",49.83207246466437
"{""K_h"": 0.001, ""K_p"": 0.4, ""K_i"": 0.0035}",49.85775795231403
"{""K_h"": 0.001, ""K_p"": 0.5, ""K_i"": 0.0035}",49.890917195876064
"{""K_h"": 0.001, ""K_p"": 0.5, ""K_i"": 0.005}",49.90030384676614
"{""K_h"": 0.015, ""K_p"": 0.05, ""K_i"": 0.003}",49.9516412987082
"{""K_h"": 0.043000000000000003, ""K_p"": 0.5, ""K_i"": 0.002}",50.13142847334035
"{""K_h"": 0.036000000000000004, ""K_p"": 0.30000000000000004, ""K_i"": 0.005}",50.16904162265962
"{""K_h"": 0.036000000000000004, ""K_p"": 0.2, ""K_i"": 0.0015}",50.193605824660665
"{""K_h"": 0.043000000000000003, ""K_p"": 0.45, ""K_i"": 0.0015}",50.20847716463214
"{""K_h"": 0.043000000000000003, ""K_p"": 0.4, ""K_i"": 0.001}",50.3060646839591
"{""K_h"": 0.029, ""K_p"": 0.15000000000000002, ""K_i"": 0.0045000000000000005}",50.337369410598086
"{""K_h"": 0.043000000000000003, ""K_p"": 0.35000000000000003, ""K_i"": 0.0005}",50.51287684145484
"{""K_h"": 0.036000000000000004, ""K_p"": 0.25, ""K_i"": 0.0035}",50.57833631276577
"{""K_h"": 0.043000000000000003, ""K_p"": 0.5, ""K_i"": 0.0025}",50.71669877034197
"{""K_h"": 0.043000000000000003, ""K_p"": 0.30000000000000004}",50.76389346453577
"{""K_h"": 0.043000000000000003, ""K_p"": 0.30000000000000004, ""K_i"": 0.0}",50.76389346453577
"{""K_h"": 0.043000000000000003, ""K_p"": 0.45, ""K_i"": 0.002}",50.84079730508651
"{""K_h"": 0.029, ""K_p"": 0.15000000000000002, ""K_i"": 0.005}",51.075567240137104
"{""K_h"": 0.043000000000000003, ""K_p"": 0.4, ""K_i"": 0.0015}",51.07571003356883
"{""K_h"": 0.036000000000000004, ""K_p"": 0.15000000000000002}",51.172742763976004
"{""K_h"": 0.036000000000000004, ""K_p"": 0.15000000000000002, ""K_i"": 0.0}",51.172742763976004
"{""K_h"": 0.043000000000000003, ""K_p"": 0.5, ""K_i"": 0.003}",51.22013202985411
"{""K_h"": 0.008, ""K_p"": 0.05, ""K_i"": 0.001}",51.24080191493351
"{""K_h"": 0.036000000000000004, ""K_p"": 0.2, ""K_i"": 0.002}",51.259259330683264
"{""K_h"": 0.043000000000000003, ""K_p"": 0.35000000000000003, ""K_i"": 0.001}",51.35565920388208
"{""K_h"": 0.036000000000000004, ""K_p"": 0.25, ""K_i"": 0.004}",51.41081322705439
"{""K_h"": 0.043000000000000003, ""K_p"": 0.45, ""K_i"": 0.0025}",51.469630403325056
"{""K_h"": 0.015, ""K_p"": 0.05, ""K_i"": 0.0025}",51.6331443558089
"{""K_h"": 0.043000000000000003, ""K_p"": 0.30000000000000004, ""K_i"": 0.0005}",51.70595996978412
"{""K_h"": 0.043000000000000003, ""K_p"": 0.4, ""K_i"": 0.002}",51.761318642198304
"{""K_h"": 0.043000000000000003, ""K_p"": 0.5, ""K_i"": 0.0035}",51.79922220964603
"{""K_h"": 0.043000000000000003, ""K_p"": 0.45, ""K_i"": 0.003}",52.09459453526928
"{""K_h"": 0.043000000000000003, ""K_p"": 0.35000000000000003, ""K_i"": 0.0015}",52.114357075287124
"{""K_h"": 0.036000000000000004, ""K_p"": 0.25, ""K_i"": 0.0045000000000000005}",52.15278991866371
"{""K_h"": 0.043000000000000003, ""K_p"": 0.25}",52.169604248643374
"{""K_h"": 0.043000000000000003, ""K_p"": 0.25, ""K_i"": 0.0}",52.169604248643374
"{""K_h"": 0.001, ""K_p"": 0.05, ""K_i"": 0.0005}",52.19537866114995
"{""K_h"": 0.036000000000000004, ""K_p"": 0.2, ""K_i"": 0.0025}",52.228067652530676
"{""K_h"": 0.043000000000000003, ""K_p"": 0.5, ""K_i"": 0.004}",52.37499780826683
"{""K_h"": 0.043000000000000003, ""K_p"": 0.4, ""K_i"": 0.0025}",52.44052414547813
"{""K_h"": 0.036000000000000004, ""K_p"": 0.15000000000000002, ""K_i"": 0.0005}",52.46499211183834
"{""K_h"": 0.029, ""K_p"": 0.1}",52.567007966527
"{""K_h"": 0.029, ""K_p"": 0.1, ""K_i"": 0.0}",52.567007966527
"{""K_h"": 0.043000000000000003, ""K_p"": 0.30000000000000004, ""K_i"": 0.001}",52.63857715407195
"{""K_h"": 0.043000000000000003, ""K_p"": 0.45, ""K_i"": 0.0035}",52.7137169852967
"{""K_h"": 0.036000000000000004, ""K_p"": 0.25, ""K_i"": 0.005}",52.88371995403643
"{""K_h"": 0.043000000000000003, ""K_p"": 0.35000000000000003, ""K_i"": 0.002}",52.94399946675196
"{""K_h"": 0.043000000000000003, ""K_p"": 0.5, ""K_i"": 0.0045000000000000005}",52.94737171207675
"{""K_h"": 0.001, ""K_p"": 0.0, ""K_i"": 0.0035}",53.01693235022125
"{""K_h"": 0.043000000000000003, ""K_p"": 0.4, ""K_i"": 0.003}",53.11640854141006
"{""K_h"": 0.036000000000000004, ""K_p"": 0.2, ""K_i"": 0.003}",53.179212041113075
"{""K_h"": 0.043000000000000003, ""K_p"": 0.25, ""K_i"": 0.0005}",53.31325193996095
"{""K_h"": 0.043000000000000003, ""K_p"": 0.45, ""K_i"": 0.004}",53.32912172105851
"{""K_h"": 0.029, ""K_p"": 0.1, ""K_i"": 0.0005}",53.3712164238859
"{""K_h"": 0.043000000000000003, ""K_p"": 0.30000000000000004, ""K_i"": 0.0015}",53.484153175398724
"{""K_h"": 0.043000000000000003, ""K_p"": 0.5, ""K_i"": 0.005}",53.51625632123757
"{""K_h"": 0.043000000000000003, ""K_p"": 0.35000000000000003, ""K_i"": 0.0025}",53.68780894702661
"{""K_h"": 0.015, ""K_p"": 0.05, ""K_i"": 0.002}",53.721084660803704
"{""K_h"": 0.036000000000000004, ""K_p"": 0.15000000000000002, ""K_i"": 0.001}",53.724655122800456
"{""K_h"": 0.043000000000000003, ""K_p"": 0.4, ""K_i"": 0.0035}",53.86311226518009
"{""K_h"": 0.043000000000000003, ""K_p"": 0.45, ""K_i"": 0.0045000000000000005}",53.940714637367094
"{""K_h"": 0.036000000000000004, ""K_p"": 0.2, ""K_i"": 0.0035}",54.1122159475994
"{""K_h"": 0.029, ""K_p"": 0.1, ""K_i"": 0.001}",54.17548922482842
"{""K_h"": 0.043000000000000003, ""K_p"": 0.2}",54.25638596827354
"{""K_h"": 0.043000000000000003, ""K_p"": 0.2, ""K_i"": 0.0}",54.25638596827354
"{""K_h"": 0.043000000000000003, ""K_p"": 0.25, ""K_i"": 0.001}",54.36527084425611
"{""K_h"": 0.043000000000000003, ""K_p"": 0.30000000000000004, ""K_i"": 0.002}",54.39782030529936
"{""K_h"": 0.043000000000000003, ""K_p"": 0.35000000000000003, ""K_i"": 0.003}",54.42637099202818
"{""K_h"": 0.043000000000000003, ""K_p"": 0.4, ""K_i"": 0.004}",54.52756990676058
"{""K_h"": 0.043000000000000003, ""K_p"": 0.45, ""K_i"": 0.005}",54.54824670675318
"{""K_h"": 0.05, ""K_p"": 0.5}",54.72535049408603
"{""K_h"": 0.05, ""K_p"": 0.5, ""K_i"": 0.0}",54.72535049408603
"{""K_h"": 0.036000000000000004, ""K_p"": 0.15000000000000002, ""K_i"": 0.0015}",54.953238169829284
"{""K_h"": 0.029, ""K_p"": 0.1, ""K_i"": 0.0015}",54.97384341990274
"{""K_h"": 0.036000000000000004, ""K_p"": 0.2, ""K_i"": 0.004}",55.027847997280716
"{""K_h"": 0.043000000000000003, ""K_p"": 0.4, ""K_i"": 0.0045000000000000005}",55.109267861224
"{""K_h"": 0.05, ""K_p"": 0.45}",55.20100486182414
"{""K_h"": 0.05, ""K_p"": 0.45, ""K_i"": 0.0}",55.20100486182414
"{""K_h"": 0.043000000000000003, ""K_p"": 0.35000000000000003, ""K_i"": 0.0035}",55.23364845299187
"{""K_h"": 0.043000000000000003, ""K_p"": 0.30000000000000004, ""K_i"": 0.0025}",55.30142963248092
"{""K_h"": 0.05, ""K_p"": 0.5, ""K_i"": 0.0005}",55.38692475921448
"{""K_h"": 0.043000000000000003, ""K_p"": 0.25, ""K_i"": 0.0015}",55.402559146968926
"{""K_h"": 0.043000000000000003, ""K_p"": 0.2, ""K_i"": 0.0005}",55.573499812850685
"{""K_h"": 0.05, ""K_p"": 0.4}",55.68041785396219
"{""K_h"": 0.05, ""K_p"": 0.4, ""K_i"": 0.0}",55.68041785396219
"{""K_h"": 0.029, ""K_p"": 0.1, ""K_i"": 0.002}",55.68541459078172
"{""K_h"": 0.043000000000000003, ""K_p"": 0.4, ""K_i"": 0.005}",55.7616785877793
"{""K_h"": 0.036000000000000004, ""K_p"": 0.2, ""K_i"": 0.0045000000000000005}",55.84962537228155
"{""K_h"": 0.05, ""K_p"": 0.45, ""K_i"": 0.0005}",55.91634168527111
"{""K_h"": 0.043000000000000003, ""K_p"": 0.35000000000000003, ""K_i"": 0.004}",55.95590487580852
"{""K_h"": 0.05, ""K_p"": 0.5, ""K_i"": 0.001}",56.04497418799701
"{""K_h"": 0.036000000000000004, ""K_p"": 0.15000000000000002, ""K_i"": 0.002}",56.074350938198485
"{""K_h"": 0.043000000000000003, ""K_p"": 0.30000000000000004, ""K_i"": 0.003}",56.1171635732415
"{""K_h"": 0.015, ""K_p"": 0.05, ""K_i"": 0.0015}",56.29886058469368
"{""K_h"": 0.05, ""K_p"": 0.35000000000000003}",56.34787291461332
"{""K_h"": 0.05, ""K_p"": 0.35000000000000003, ""K_i"": 0.0}",56.34787291461332
"{""K_h"": 0.008, ""K_p"": 0.0, ""K_i"": 0.005}",56.353910843625755
"{""K_h"": 0.043000000000000003, ""K_p"": 0.25, ""K_i"": 0.002}",56.42658615743856
"{""K_h"": 0.05, ""K_p"": 0.4, ""K_i"": 0.0005}",56.46012676338048
"{""K_h"": 0.029, ""K_p"": 0.1, ""K_i"": 0.0025}",56.46243619242774
"{""K_h"": 0.05, ""K_p"": 0.45, ""K_i"": 0.001}",56.627957521933524
"{""K_h"": 0.036000000000000004, ""K_p"": 0.2, ""K_i"": 0.005}",56.65489553260377
"{""K_h"": 0.043000000000000003, ""K_p"": 0.35000000000000003, ""K_i"": 0.0045000000000000005}",56.672667300850435
"{""K_h"": 0.05, ""K_p"": 0.5, ""K_i"": 0.0015}",56.70033118486622
"{""K_h"": 0.043000000000000003, ""K_p"": 0.2, ""K_i"": 0.001}",56.86814490198878
"{""K_h"": 0.043000000000000003, ""K_p"": 0.30000000000000004, ""K_i"": 0.0035}",56.92484226398896
"{""K_h"": 0.029, ""K_p"": 0.1, ""K_i"": 0.003}",57.14941950348971
"{""K_h"": 0.036000000000000004, ""K_p"": 0.15000000000000002, ""K_i"": 0.0025}",57.166280510519805
"{""K_h"": 0.05, ""K_p"": 0.30000000000000004}",57.183126075366395
"{""K_h"": 0.05, ""K_p"": 0.30000000000000004, ""K_i"": 0.0}",57.183126075366395
"{""K_h"": 0.05, ""K_p"": 0.35000000000000003, ""K_i"": 0.0005}",57.21354841989283
"{""K_h"": 0.05, ""K_p"": 0.4, ""K_i"": 0.001}",57.2383158932395
"{""K_h"": 0.05, ""K_p"": 0.45, ""K_i"": 0.0015}",57.33340971474718
"{""K_h"": 0.05, ""K_p"": 0.5, ""K_i"": 0.002}",57.3497826174802
"{""K_h"": 0.043000000000000003, ""K_p"": 0.35000000000000003, ""K_i"": 0.005}",57.380838583878514
"{""K_h"": 0.043000000000000003, ""K_p"": 0.25, ""K_i"": 0.0025}",57.43537226173891
"{""K_h"": 0.043000000000000003, ""K_p"": 0.15000000000000002}",57.68005792717158
"{""K_h"": 0.043000000000000003, ""K_p"": 0.15000000000000002, ""K_i"": 0.0}",57.68005792717158
"{""K_h"": 0.043000000000000003, ""K_p"": 0.30000000000000004, ""K_i"": 0.004}",57.797677881394144
"{""K_h"": 0.029, ""K_p"": 0.1, ""K_i"": 0.0035}",57.82192148481916
"{""K_h"": 0.05, ""K_p"": 0.5, ""K_i"": 0.0025}",57.922269676926966
"{""K_h"": 0.05, ""K_p"": 0.45, ""K_i"": 0.002}",57.96170933387524
"{""K_h"": 0.043000000000000003, ""K_p"": 0.2, ""K_i"": 0.0015}",58.06386921721511
"{""K_h"": 0.05, ""K_p"": 0.4, ""K_i"": 0.0015}",58.08502267815942
"{""K_h"": 0.05, ""K_p"": 0.35000000000000003, ""K_i"": 0.001}",58.14805891699692
"{""K_h"": 0.036000000000000004, ""K_p"": 0.15000000000000002, ""K_i"": 0.003}",58.23018614875301
"{""K_h"": 0.05, ""K_p"": 0.30000000000000004, ""K_i"": 0.0005}",58.23554368741378
"{""K_h"": 0.043000000000000003, ""K_p"": 0.25, ""K_i"": 0.003}",58.35554850551026
"{""K_h"": 0.05, ""K_p"": 0.25}",58.360756169548274
"{""K_h"": 0.05, ""K_p"": 0.25, ""K_i"": 0.0}",58.360756169548274
"{""K_h"": 0.029, ""K_p"": 0.1, ""K_i"": 0.004}",58.479056598072226
"{""K_h"": 0.05, ""K_p"": 0.5, ""K_i"": 0.003}",58.56777805583138
"{""K_h"": 0.008, ""K_p"": 0.05, ""K_i"": 0.0005}",58.57997793614755
"{""K_h"": 0.043000000000000003, ""K_p"": 0.30000000000000004, ""K_i"": 0.0045000000000000005}",58.58426173096867
"{""K_h"": 0.05, ""K_p"": 0.45, ""K_i"": 0.0025}",58.658567987146405
"{""K_h"": 0.036000000000000004, ""K_p"": 0.1}",58.78335956632873
"{""K_h"": 0.036000000000000004, ""K_p"": 0.1, ""K_i"": 0.0}",58.78335956632873
"{""K_h"": 0.05, ""K_p"": 0.4, ""K_i"": 0.002}",58.85046977700631
"{""K_h"": 0.05, ""K_p"": 0.35000000000000003, ""K_i"": 0.0015}",59.00059055976951
"{""K_h"": 0.029, ""K_p"": 0.1, ""K_i"": 0.0045000000000000005}",59.121165492714795
"{""K_h"": 0.05, ""K_p"": 0.5, ""K_i"": 0.0035}",59.13137047234886
"{""K_h"": 0.043000000000000003, ""K_p"": 0.2, ""K_i"": 0.002}",59.237248131757035
"{""K_h"": 0.043000000000000003, ""K_p"": 0.15000000000000002, ""K_i"": 0.0005}",59.254641142823175
"{""K_h"": 0.036000000000000004, ""K_p"": 0.15000000000000002, ""K_i"": 0.0035}",59.26571541739409
"{""K_h"": 0.05, ""K_p"": 0.30000000000000004, ""K_i"": 0.001}",59.27755052856432
"{""K_h"": 0.043000000000000003, ""K_p"": 0.25, ""K_i"": 0.0035}",59.33460701966156
"{""K_h"": 0.05, ""K_p"": 0.45, ""K_i"": 0.003}",59.351469028217515
"{""K_h"": 0.043000000000000003, ""K_p"": 0.30000000000000004, ""K_i"": 0.005}",59.362231569979635
"{""K_h"": 0.05, ""K_p"": 0.4, ""K_i"": 0.0025}",59.5341285232476
"{""K_h"": 0.05, ""K_p"": 0.25, ""K_i"": 0.0005}",59.56327213395223
"{""K_h"": 0.029, ""K_p"": 0.1, ""K_i"": 0.005}",59.67143029560343
"{""K_h"": 0.05, ""K_p"": 0.5, ""K_i"": 0.004}",59.76656750570547
"{""K_h"": 0.015, ""K_p"": 0.05, ""K_i"": 0.001}",59.772598567825604
"{""K_h"": 0.05, ""K_p"": 0.35000000000000003, ""K_i"": 0.002}",59.844284216215776
"{""K_h"": 0.008, ""K_p"": 0.0, ""K_i"": 0.0045000000000000005}",59.93871134568745
"{""K_h"": 0.05, ""K_p"": 0.45, ""K_i"": 0.0035}",60.04081975488227
"{""K_h"": 0.05, ""K_p"": 0.2}",60.075729995969695
"{""K_h"": 0.05, ""K_p"": 0.2, ""K_i"": 0.0}",60.075729995969695
"{""K_h"": 0.001, ""K_p"": 0.0, ""K_i"": 0.003}",60.16093341451709
"{""K_h"": 0.036000000000000004, ""K_p"": 0.15000000000000002, ""K_i"": 0.004}",60.19997924021501
"{""K_h"": 0.043000000000000003, ""K_p"": 0.25, ""K_i"": 0.004}",60.22537456524553
"{""K_h"": 0.05, ""K_p"": 0.30000000000000004, ""K_i"": 0.0015}",60.233980597375535
"{""K_h"": 0.036000000000000004, ""K_p"": 0.1, ""K_i"": 0.0005}",60.256760404939584
"{""K_h"": 0.05, ""K_p"": 0.4, ""K_i"": 0.003}",60.28880475602814
"{""K_h"": 0.05, ""K_p"": 0.5, ""K_i"": 0.0045000000000000005}",60.32346932184131
"{""K_h"": 0.043000000000000003, ""K_p"": 0.2, ""K_i"": 0.0025}",60.3883197230873
"{""K_h"": 0.05, ""K_p"": 0.45, ""K_i"": 0.004}",60.64928874040542
"{""K_h"": 0.05, ""K_p"": 0.35000000000000003, ""K_i"": 0.0025}",60.68110391485227
"{""K_h"": 0.05, ""K_p"": 0.25, ""K_i"": 0.001}",60.75116430040811
"{""K_h"": 0.043000000000000003, ""K_p"": 0.15000000000000002, ""K_i"": 0.001}",60.789016046194554
"{""K_h"": 0.05, ""K_p"": 0.5, ""K_i"": 0.005}",60.95202550239689
"{""K_h"": 0.05, ""K_p"": 0.4, ""K_i"": 0.0035}",61.035437165350515
"{""K_h"": 0.043000000000000003, ""K_p"": 0.25, ""K_i"": 0.0045000000000000005}",61.10049932775094
"{""K_h"": 0.022000000000000002, ""K_p"": 0.05, ""K_i"": 0.005}",61.1542920348421
"{""K_h"": 0.05, ""K_p"": 0.30000000000000004, ""K_i"": 0.002}",61.17983637713881
"{""K_h"": 0.036000000000000004, ""K_p"": 0.15000000000000002, ""K_i"": 0.0045000000000000005}",61.18249055510189
"{""K_h"": 0.05, ""K_p"": 0.45, ""K_i"": 0.0045000000000000005}",61.32754725047044
"{""K_h"": 0.022000000000000002, ""K_p"": 0.05, ""K_i"": 0.0045000000000000005}",61.485008704470346
"{""K_h"": 0.05, ""K_p"": 0.35000000000000003, ""K_i"": 0.003}",61.51005381196781
"{""K_h"": 0.043000000000000003, ""K_p"": 0.2, ""K_i"": 0.003}",61.51613358013213
"{""K_h"": 0.05, ""K_p"": 0.2, ""K_i"": 0.0005}",61.568409007062634
"{""K_h"": 0.001, ""K_p"": 0.05}",61.58595502450806
"{""K_h"": 0.001, ""K_p"": 0.05, ""K_i"": 0.0}",61.58595502450806
"{""K_h"": 0.036000000000000004, ""K_p"": 0.1, ""K_i"": 0.001}",61.60005355701641
"{""K_h"": 0.05, ""K_p"": 0.4, ""K_i"": 0.004}",61.77629094349863
"{""K_h"": 0.022000000000000002, ""K_p"": 0.05, ""K_i"": 0.004}",61.79943058199345
"{""K_h"": 0.05, ""K_p"": 0.25, ""K_i"": 0.0015}",61.92367184698909
"{""K_h"": 0.05, ""K_p"": 0.45, ""K_i"": 0.005}",61.925406285189055
"{""K_h"": 0.043000000000000003, ""K_p"": 0.25, ""K_i"": 0.005}",61.9620864615406
"{""K_h"": 0.036000000000000004, ""K_p"": 0.15000000000000002, ""K_i"": 0.005}",62.06476687319222
"{""K_h"": 0.022000000000000002, ""K_p"": 0.05, ""K_i"": 0.0035}",62.19061333679444
"{""K_h"": 0.05, ""K_p"": 0.30000000000000004, ""K_i"": 0.0025}",62.19061820613931
"{""K_h"": 0.043000000000000003, ""K_p"": 0.15000000000000002, ""K_i"": 0.0015}",62.20765164103683
"{""K_h"": 0.05, ""K_p"": 0.35000000000000003, ""K_i"": 0.0035}",62.3300849006622
"{""K_h"": 0.05, ""K_p"": 0.4, ""K_i"": 0.0045000000000000005}",62.436959484762276
"{""K_h"": 0.043000000000000003, ""K_p"": 0.2, ""K_i"": 0.0035}",62.547822993397396
"{""K_h"": 0.022000000000000002, ""K_p"": 0.05, ""K_i"": 0.003}",62.758151917315445
"{""K_h"": 0.036000000000000004, ""K_p"": 0.1, ""K_i"": 0.0015}",62.892863141262644
"{""K_h"": 0.05, ""K_p"": 0.15000000000000002}",62.923612895852926
"{""K_h"": 0.05, ""K_p"": 0.15000000000000002, ""K_i"": 0.0}",62.923612895852926
"{""K_h"": 0.05, ""K_p"": 0.2, ""K_i"": 0.001}",62.96251144137089
"{""K_h"": 0.05, ""K_p"": 0.25, ""K_i"": 0.002}",63.078871973704636
"{""K_h"": 0.05, ""K_p"": 0.30000000000000004, ""K_i"": 0.003}",63.114496063675325
"{""K_h"": 0.05, ""K_p"": 0.35000000000000003, ""K_i"": 0.004}",63.14308968022281
"{""K_h"": 0.05, ""K_p"": 0.4, ""K_i"": 0.005}",63.164296468751495
"{""K_h"": 0.022000000000000002, ""K_p"": 0.05, ""K_i"": 0.0025}",63.38725042994863
"{""K_h"": 0.043000000000000003, ""K_p"": 0.15000000000000002, ""K_i"": 0.002}",63.58776274582898
"{""K_h"": 0.043000000000000003, ""K_p"": 0.2, ""K_i"": 0.004}",63.62998205323601
"{""K_h"": 0.043000000000000003, ""K_p"": 0.1}",63.90766782540087
"{""K_h"": 0.043000000000000003, ""K_p"": 0.1, ""K_i"": 0.0}",63.90766782540087
"{""K_h"": 0.05, ""K_p"": 0.35000000000000003, ""K_i"": 0.0045000000000000005}",63.944567609306404
"{""K_h"": 0.05, ""K_p"": 0.30000000000000004, ""K_i"": 0.0035}",64.026255308272
"{""K_h"": 0.008, ""K_p"": 0.0, ""K_i"": 0.004}",64.04829367858854
"{""K_h"": 0.036000000000000004, ""K_p"": 0.1, ""K_i"": 0.002}",64.13622505158894
"{""K_h"": 0.05, ""K_p"": 0.25, ""K_i"": 0.0025}",64.1442497886898
"{""K_h"": 0.022000000000000002, ""K_p"": 0.05, ""K_i"": 0.002}",64.28399467353599
"{""K_h"": 0.015, ""K_p"": 0.05, ""K_i"": 0.0005}",64.31301260488566
"{""K_h"": 0.05, ""K_p"": 0.2, ""K_i"": 0.0015}",64.3306483174887
"{""K_h"": 0.043000000000000003, ""K_p"": 0.2, ""K_i"": 0.0045000000000000005}",64.6168321977625
"{""K_h"": 0.05, ""K_p"": 0.35000000000000003, ""K_i"": 0.005}",64.66534343377835
"{""K_h"": 0.05, ""K_p"": 0.15000000000000002, ""K_i"": 0.0005}",64.74751620365964
"{""K_h"": 0.05, ""K_p"": 0.30000000000000004, ""K_i"": 0.004}",64.9254456878593
"{""K_h"": 0.043000000000000003, ""K_p"": 0.15000000000000002, ""K_i"": 0.0025}",64.92845291573934
"{""K_h"": 0.05, ""K_p"": 0.25, ""K_i"": 0.003}",65.19219879438452
"{""K_h"": 0.008, ""K_p"": 0.05}",65.2652609995587
"{""K_h"": 0.008, ""K_p"": 0.05, ""K_i"": 0.0}",65.2652609995587
"{""K_h"": 0.036000000000000004, ""K_p"": 0.1, ""K_i"": 0.0025}",65.33267949940824
"{""K_h"": 0.022000000000000002, ""K_p"": 0.05, ""K_i"": 0.0015}",65.46337211315368
"{""K_h"": 0.043000000000000003, ""K_p"": 0.2, ""K_i"": 0.005}",65.57996849837363
"{""K_h"": 0.05, ""K_p"": 0.2, ""K_i"": 0.002}",65.67337496675927
"{""K_h"": 0.05, ""K_p"": 0.30000000000000004, ""K_i"": 0.0045000000000000005}",65.74095408243365
"{""K_h"": 0.043000000000000003, ""K_p"": 0.1, ""K_i"": 0.0005}",65.86716766216024
"{""K_h"": 0.05, ""K_p"": 0.25, ""K_i"": 0.0035}",66.22356504334894
"{""K_h"": 0.043000000000000003, ""K_p"": 0.15000000000000002, ""K_i"": 0.003}",66.22992117589384
"{""K_h"": 0.036000000000000004, ""K_p"": 0.1, ""K_i"": 0.003}",66.41003010723152
"{""K_h"": 0.05, ""K_p"": 0.15000000000000002, ""K_i"": 0.001}",66.45159198237707
"{""K_h"": 0.05, ""K_p"": 0.30000000000000004, ""K_i"": 0.005}",66.61713910318983
"{""K_h"": 0.05, ""K_p"": 0.2, ""K_i"": 0.0025}",66.98870578063188
"{""K_h"": 0.022000000000000002, ""K_p"": 0.05, ""K_i"": 0.001}",67.0910270118991
"{""K_h"": 0.05, ""K_p"": 0.25, ""K_i"": 0.004}",67.23708588145567
"{""K_h"": 0.043000000000000003, ""K_p"": 0.15000000000000002, ""K_i"": 0.0035}",67.41987720340168
"{""K_h"": 0.036000000000000004, ""K_p"": 0.1, ""K_i"": 0.0035}",67.5174234082021
"{""K_h"": 0.043000000000000003, ""K_p"": 0.1, ""K_i"": 0.001}",67.74121550512956
"{""K_h"": 0.05, ""K_p"": 0.15000000000000002, ""K_i"": 0.0015}",68.18269735579891
"{""K_h"": 0.05, ""K_p"": 0.2, ""K_i"": 0.003}",68.20302603791227
"{""K_h"": 0.05, ""K_p"": 0.1}",68.20936928130595
"{""K_h"": 0.05, ""K_p"": 0.1, ""K_i"": 0.0}",68.20936928130595
"{""K_h"": 0.05, ""K_p"": 0.25, ""K_i"": 0.0045000000000000005}",68.23328833588695
"{""K_h"": 0.036000000000000004, ""K_p"": 0.1, ""K_i"": 0.004}",68.50922665712598
"{""K_h"": 0.043000000000000003, ""K_p"": 0.15000000000000002, ""K_i"": 0.004}",68.64577358447835
"{""K_h"": 0.001, ""K_p"": 0.0, ""K_i"": 0.0025}",68.67470010404757
"{""K_h"": 0.015, ""K_p"": 0.05}",68.77117460004358
"{""K_h"": 0.015, ""K_p"": 0.05, ""K_i"": 0.0}",68.77117460004358
"{""K_h"": 0.008, ""K_p"": 0.0, ""K_i"": 0.0035}",68.79925586162932
"{""K_h"": 0.05, ""K_p"": 0.25, ""K_i"": 0.005}",69.21025423385953
"{""K_h"": 0.036000000000000004, ""K_p"": 0.1, ""K_i"": 0.0045000000000000005}",69.38743692980695
"{""K_h"": 0.05, ""K_p"": 0.2, ""K_i"": 0.0035}",69.39006611460722
"{""K_h"": 0.043000000000000003, ""K_p"": 0.1, ""K_i"": 0.0015}",69.45912739539574
"{""K_h"": 0.022000000000000002, ""K_p"": 0.05, ""K_i"": 0.0005}",69.46552646138197
"{""K_h"": 0.043000000000000003, ""K_p"": 0.15000000000000002, ""K_i"": 0.0045000000000000005}",69.76079765796293
"{""K_h"": 0.05, ""K_p"": 0.15000000000000002, ""K_i"": 0.002}",69.79058490218308
"{""K_h"": 0.036000000000000004, ""K_p"": 0.1, ""K_i"": 0.005}",70.3006414258548
"{""K_h"": 0.05, ""K_p"": 0.2, ""K_i"": 0.004}",70.54969639661886
"{""K_h"": 0.05, ""K_p"": 0.1, ""K_i"": 0.0005}",70.58287892950632
"{""K_h"": 0.043000000000000003, ""K_p"": 0.15000000000000002, ""K_i"": 0.005}",70.76799068823878
"{""K_h"": 0.043000000000000003, ""K_p"": 0.1, ""K_i"": 0.002}",71.0981734449218
"{""K_h"": 0.05, ""K_p"": 0.15000000000000002, ""K_i"": 0.0025}",71.27810078468643
"{""K_h"": 0.05, ""K_p"": 0.2, ""K_i"": 0.0045000000000000005}",71.68191052930364
"{""K_h"": 0.022000000000000002, ""K_p"": 0.05}",72.03404656337905
"{""K_h"": 0.022000000000000002, ""K_p"": 0.05, ""K_i"": 0.0}",72.03404656337905
"{""K_h"": 0.043000000000000003, ""K_p"": 0.1, ""K_i"": 0.0025}",72.66155601852049
"{""K_h"": 0.05, ""K_p"": 0.2, ""K_i"": 0.005}",72.78683706800985
"{""K_h"": 0.05, ""K_p"": 0.15000000000000002, ""K_i"": 0.003}",72.79039831535127
"{""K_h"": 0.05, ""K_p"": 0.1, ""K_i"": 0.001}",72.84916315277209
"{""K_h"": 0.029, ""K_p"": 0.05, ""K_i"": 0.002}",73.11822292927117
"{""K_h"": 0.029, ""K_p"": 0.05, ""K_i"": 0.0025}",73.15240182210856
"{""K_h"": 0.029, ""K_p"": 0.05, ""K_i"": 0.003}",73.19125146737171
"{""K_h"": 0.029, ""K_p"": 0.05, ""K_i"": 0.0015}",73.20934197565451
"{""K_h"": 0.015, ""K_p"": 0.0, ""K_i"": 0.005}",73.33175984906
"{""K_h"": 0.029, ""K_p"": 0.05, ""K_i"": 0.0035}",73.35333019104547
"{""K_h"": 0.029, ""K_p"": 0.05, ""K_i"": 0.001}",73.50827150709058
"{""K_h"": 0.029, ""K_p"": 0.05, ""K_i"": 0.004}",73.5464993854539
"{""K_h"": 0.029, ""K_p"": 0.05, ""K_i"": 0.0045000000000000005}",73.68401702986743
"{""K_h"": 0.029, ""K_p"": 0.05, ""K_i"": 0.005}",73.90649982045274
"{""K_h"": 0.043000000000000003, ""K_p"": 0.1, ""K_i"": 0.003}",74.07884529054266
"{""K_h"": 0.029, ""K_p"": 0.05, ""K_i"": 0.0005}",74.17846472623089
"{""K_h"": 0.05, ""K_p"": 0.15000000000000002, ""K_i"": 0.0035}",74.18105543612147
"{""K_h"": 0.008, ""K_p"": 0.0, ""K_i"": 0.003}",74.64509498763681
"{""K_h"": 0.05, ""K_p"": 0.1, ""K_i"": 0.0015}",74.935493983669
"{""K_h"": 0.029, ""K_p"": 0.05}",75.0335958099709
"{""K_h"": 0.029, ""K_p"": 0.05, ""K_i"": 0.0}",75.0335958099709
"{""K_h"": 0.043000000000000003, ""K_p"": 0.1, ""K_i"": 0.0035}",75.42753585574545
"{""K_h"": 0.05, ""K_p"": 0.15000000000000002, ""K_i"": 0.004}",75.52467725583045
"{""K_h"": 0.015, ""K_p"": 0.0, ""K_i"": 0.0045000000000000005}",76.05215935300951
"{""K_h"": 0.043000000000000003, ""K_p"": 0.1, ""K_i"": 0.004}",76.70987447821665
"{""K_h"": 0.05, ""K_p"": 0.15000000000000002, ""K_i"": 0.0045000000000000005}",76.74819657714366
"{""K_h"": 0.05, ""K_p"": 0.1, ""K_i"": 0.002}",76.91888819020122
"{""K_h"": 0.036000000000000004, ""K_p"": 0.05}",77.80325766403932
"{""K_h"": 0.036000000000000004, ""K_p"": 0.05, ""K_i"": 0.0}",77.80325766403932
"{""K_h"": 0.043000000000000003, ""K_p"": 0.1, ""K_i"": 0.0045000000000000005}",77.92962078681266
"{""K_h"": 0.05, ""K_p"": 0.15000000000000002, ""K_i"": 0.005}",77.99995314091632
"{""K_h"": 0.036000000000000004, ""K_p"": 0.05, ""K_i"": 0.0005}",78.34067588301949
"{""K_h"": 0.05, ""K_p"": 0.1, ""K_i"": 0.0025}",78.80181962678225
"{""K_h"": 0.043000000000000003, ""K_p"": 0.1, ""K_i"": 0.005}",79.01589715190764
"{""K_h"": 0.036000000000000004, ""K_p"": 0.05, ""K_i"": 0.001}",79.08491046882548
"{""K_h"": 0.001, ""K_p"": 0.0, ""K_i"": 0.002}",79.17675031909813
"{""K_h"": 0.015, ""K_p"": 0.0, ""K_i"": 0.004}",79.33502925032579
"{""K_h"": 0.036000000000000004, ""K_p"": 0.05, ""K_i"": 0.0015}",79.85139949773028
"{""K_h"": 0.043000000000000003, ""K_p"": 0.05}",80.24190013591841
"{""K_h"": 0.043000000000000003, ""K_p"": 0.05, ""K_i"": 0.0}",80.24190013591841
"{""K_h"": 0.05, ""K_p"": 0.1, ""K_i"": 0.003}",80.51411969921375
"{""K_h"": 0.036000000000000004, ""K_p"": 0.05, ""K_i"": 0.002}",80.57405770808987
"{""K_h"": 0.036000000000000004, ""K_p"": 0.05, ""K_i"": 0.0025}",81.36796858628823
"{""K_h"": 0.008, ""K_p"": 0.0, ""K_i"": 0.0025}",81.75782667171774
"{""K_h"": 0.05, ""K_p"": 0.1, ""K_i"": 0.0035}",82.05937650910278
"{""K_h"": 0.036000000000000004, ""K_p"": 0.05, ""K_i"": 0.003}",82.06665003258567
"{""K_h"": 0.043000000000000003, ""K_p"": 0.05, ""K_i"": 0.0005}",82.08855902384714
"{""K_h"": 0.05, ""K_p"": 0.05}",82.46259285828647
"{""K_h"": 0.05, ""K_p"": 0.05, ""K_i"": 0.0}",82.46259285828647
"{""K_h"": 0.036000000000000004, ""K_p"": 0.05, ""K_i"": 0.0035}",82.73467453500385
"{""K_h"": 0.015, ""K_p"": 0.0, ""K_i"": 0.0035}",83.28105120991052
"{""K_h"": 0.036000000000000004, ""K_p"": 0.05, ""K_i"": 0.004}",83.36775363849712
"{""K_h"": 0.05, ""K_p"": 0.1, ""K_i"": 0.004}",83.59085786493046
"{""K_h"": 0.043000000000000003, ""K_p"": 0.05, ""K_i"": 0.001}",83.87093886603448
"{""K_h"": 0.036000000000000004, ""K_p"": 0.05, ""K_i"": 0.0045000000000000005}",83.96545057391772
"{""K_h"": 0.036000000000000004, ""K_p"": 0.05, ""K_i"": 0.005}",84.45243227443511
"{""K_h"": 0.05, ""K_p"": 0.1, ""K_i"": 0.0045000000000000005}",84.96408755109721
"{""K_h"": 0.05, ""K_p"": 0.05, ""K_i"": 0.0005}",85.45411144349731
"{""K_h"": 0.043000000000000003, ""K_p"": 0.05, ""K_i"": 0.0015}",85.55607226080237
"{""K_h"": 0.05, ""K_p"": 0.1, ""K_i"": 0.005}",86.33368596832771
"{""K_h"": 0.043000000000000003, ""K_p"": 0.05, ""K_i"": 0.002}",86.97935665219103
"{""K_h"": 0.015, ""K_p"": 0.0, ""K_i"": 0.003}",87.91555167464608
"{""K_h"": 0.05, ""K_p"": 0.05, ""K_i"": 0.001}",88.10865707558389
"{""K_h"": 0.022000000000000002, ""K_p"": 0.0, ""K_i"": 0.005}",88.14717246432036
"{""K_h"": 0.043000000000000003, ""K_p"": 0.05, ""K_i"": 0.0025}",88.36465073979973
"{""K_h"": 0.008, ""K_p"": 0.0, ""K_i"": 0.002}",88.81957766205015
"{""K_h"": 0.001, ""K_p"": 0.0, ""K_i"": 0.0015}",88.8376664357832
"{""K_h"": 0.043000000000000003, ""K_p"": 0.05, ""K_i"": 0.003}",89.56437272626533
"{""K_h"": 0.022000000000000002, ""K_p"": 0.0, ""K_i"": 0.0045000000000000005}",90.34628262939675
"{""K_h"": 0.05, ""K_p"": 0.05, ""K_i"": 0.0015}",90.43971016328571
"{""K_h"": 0.043000000000000003, ""K_p"": 0.05, ""K_i"": 0.0035}",90.6610669155947
"{""K_h"": 0.043000000000000003, ""K_p"": 0.05, ""K_i"": 0.004}",91.6643286866796
"{""K_h"": 0.015, ""K_p"": 0.0, ""K_i"": 0.0025}",92.46795104534573
"{""K_h"": 0.05, ""K_p"": 0.05, ""K_i"": 0.002}",92.54008474172666
"{""K_h"": 0.043000000000000003, ""K_p"": 0.05, ""K_i"": 0.0045000000000000005}",92.58231826962869
"{""K_h"": 0.022000000000000002, ""K_p"": 0.0, ""K_i"": 0.004}",93.01430332291037
"{""K_h"": 0.043000000000000003, ""K_p"": 0.05, ""K_i"": 0.005}",93.34669116059128
"{""K_h"": 0.05, ""K_p"": 0.05, ""K_i"": 0.0025}",94.35279159277445
"{""K_h"": 0.008, ""K_p"": 0.0, ""K_i"": 0.0015}",95.32859066964005
"{""K_h"": 0.022000000000000002, ""K_p"": 0.0, ""K_i"": 0.0035}",95.6483322619319
"{""K_h"": 0.05, ""K_p"": 0.05, ""K_i"": 0.003}",95.97724127572342
"{""K_h"": 0.015, ""K_p"": 0.0, ""K_i"": 0.002}",96.76431225792511
"{""K_h"": 0.001, ""K_p"": 0.0, ""K_i"": 0.001}",97.41538979285264
"{""K_h"": 0.05, ""K_p"": 0.05, ""K_i"": 0.0035}",97.43418697293171
"{""K_h"": 0.022000000000000002, ""K_p"": 0.0, ""K_i"": 0.003}",98.21736555927659
"{""K_h"": 0.05, ""K_p"": 0.05, ""K_i"": 0.004}",98.74475845222733
"{""K_h"": 0.05, ""K_p"": 0.05, ""K_i"": 0.0045000000000000005}",99.84797898697137
"{""K_h"": 0.029, ""K_p"": 0.0, ""K_i"": 0.005}",100.64675543954846
"{""K_h"": 0.022000000000000002, ""K_p"": 0.0, ""K_i"": 0.0025}",100.72017885305284
"{""K_h"": 0.05, ""K_p"": 0.05, ""K_i"": 0.005}",100.91831905014642
"{""K_h"": 0.015, ""K_p"": 0.0, ""K_i"": 0.0015}",100.93347601595804
"{""K_h"": 0.008, ""K_p"": 0.0, ""K_i"": 0.001}",101.3584499584658
"{""K_h"": 0.029, ""K_p"": 0.0, ""K_i"": 0.0045000000000000005}",101.8759816306725
"{""K_h"": 0.029, ""K_p"": 0.0, ""K_i"": 0.004}",103.06247629169862
"{""K_h"": 0.022000000000000002, ""K_p"": 0.0, ""K_i"": 0.002}",103.15566933344321
"{""K_h"": 0.029, ""K_p"": 0.0, ""K_i"": 0.0035}",104.26850332667486
"{""K_h"": 0.015, ""K_p"": 0.0, ""K_i"": 0.001}",104.75750017032156
"{""K_h"": 0.001, ""K_p"": 0.0, ""K_i"": 0.0005}",105.13562680645744
"{""K_h"": 0.029, ""K_p"": 0.0, ""K_i"": 0.003}",105.47882089931541
"{""K_h"": 0.022000000000000002, ""K_p"": 0.0, ""K_i"": 0.0015}",105.52285195127484
"{""K_h"": 0.029, ""K_p"": 0.0, ""K_i"": 0.0025}",106.54589454597057
"{""K_h"": 0.008, ""K_p"": 0.0, ""K_i"": 0.0005}",106.88585560336017
"{""K_h"": 0.029, ""K_p"": 0.0, ""K_i"": 0.002}",107.7323337769173
"{""K_h"": 0.022000000000000002, ""K_p"": 0.0, ""K_i"": 0.001}",107.82085564013487
"{""K_h"": 0.036000000000000004, ""K_p"": 0.0, ""K_i"": 0.005}",108.47191342760946
"{""K_h"": 0.015, ""K_p"": 0.0, ""K_i"": 0.0005}",108.56208100893879
"{""K_h"": 0.036000000000000004, ""K_p"": 0.0, ""K_i"": 0.0045000000000000005}",108.73926688007082
"{""K_h"": 0.029, ""K_p"": 0.0, ""K_i"": 0.0015}",108.92282757158618
"{""K_h"": 0.036000000000000004, ""K_p"": 0.0, ""K_i"": 0.004}",109.1231862037705
"{""K_h"": 0.036000000000000004, ""K_p"": 0.0, ""K_i"": 0.0035}",109.50743525966136
"{""K_h"": 0.036000000000000004, ""K_p"": 0.0, ""K_i"": 0.003}",109.89201378932788
"{""K_h"": 0.022000000000000002, ""K_p"": 0.0, ""K_i"": 0.0005}",110.04891956263312
"{""K_h"": 0.029, ""K_p"": 0.0, ""K_i"": 0.001}",110.11736902466247
"{""K_h"": 0.036000000000000004, ""K_p"": 0.0, ""K_i"": 0.0025}",110.27692153391477
"{""K_h"": 0.036000000000000004, ""K_p"": 0.0, ""K_i"": 0.002}",110.66215823412892
"{""K_h"": 0.029, ""K_p"": 0.0, ""K_i"": 0.0005}",111.03654761827146
"{""K_h"": 0.036000000000000004, ""K_p"": 0.0, ""K_i"": 0.0015}",111.04772363023983
"{""K_h"": 0.036000000000000004, ""K_p"": 0.0, ""K_i"": 0.001}",111.43361746208122
"{""K_h"": 0.036000000000000004, ""K_p"": 0.0, ""K_i"": 0.0005}",111.81983946905187
"{""K_h"": 0.043000000000000003, ""K_p"": 0.0, ""K_i"": 0.005}",111.8738613107982
"{""K_h"": 0.043000000000000003, ""K_p"": 0.0, ""K_i"": 0.0045000000000000005}",111.90710896315181
"{""K_h"": 0.043000000000000003, ""K_p"": 0.0, ""K_i"": 0.004}",111.94035776164058
"{""K_h"": 0.043000000000000003, ""K_p"": 0.0, ""K_i"": 0.0035}",111.97360770609538
"{""K_h"": 0.043000000000000003, ""K_p"": 0.0, ""K_i"": 0.003}",112.00685879634699
"{""K_h"": 0.043000000000000003, ""K_p"": 0.0, ""K_i"": 0.0025}",112.04011103222626
"{""K_h"": 0.043000000000000003, ""K_p"": 0.0, ""K_i"": 0.002}",112.07336441356402
"{""K_h"": 0.043000000000000003, ""K_p"": 0.0, ""K_i"": 0.0015}",112.10661894019114
"{""K_h"": 0.043000000000000003, ""K_p"": 0.0, ""K_i"": 0.001}",112.13987461193847
"{""K_h"": 0.043000000000000003, ""K_p"": 0.0, ""K_i"": 0.0005}",112.17313142863682
"{""K_h"": 0.001, ""K_p"": 0.0}",112.20638939011714
"{""K_h"": 0.008, ""K_p"": 0.0}",112.20638939011714
"{""K_h"": 0.015, ""K_p"": 0.0}",112.20638939011714
"{""K_h"": 0.022000000000000002, ""K_p"": 0.0}",112.20638939011714
"{""K_h"": 0.029, ""K_p"": 0.0}",112.20638939011714
"{""K_h"": 0.036000000000000004, ""K_p"": 0.0}",112.20638939011714
"{""K_h"": 0.043000000000000003, ""K_p"": 0.0}",112.20638939011714
"{""K_h"": 0.05, ""K_p"": 0.0}",112.20638939011714
"{""K_h"": 0.001, ""K_p"": 0.0, ""K_i"": 0.0}",112.20638939011714
"{""K_h"": 0.008, ""K_p"": 0.0, ""K_i"": 0.0}",112.20638939011714
"{""K_h"": 0.015, ""K_p"": 0.0, ""K_i"": 0.0}",112.20638939011714
"{""K_h"": 0.022000000000000002, ""K_p"": 0.0, ""K_i"": 0.0}",112.20638939011714
"{""K_h"": 0.029, ""K_p"": 0.0, ""K_i"": 0.0}",112.20638939011714
"{""K_h"": 0.036000000000000004, ""K_p"": 0.0, ""K_i"": 0.0}",112.20638939011714
"{""K_h"": 0.043000000000000003, ""K_p"": 0.0, ""K_i"": 0.0}",112.20638939011714
"{""K_h"": 0.05, ""K_p"": 0.0, ""K_i"": 0.0}",112.20638939011714
"{""K_h"": 0.05, ""K_p"": 0.0, ""K_i"": 0.0005}",112.20638939011714
"{""K_h"": 0.05, ""K_p"": 0.0, ""K_i"": 0.001}",112.20638939011714
"{""K_h"": 0.05, ""K_p"": 0.0, ""K_i"": 0.0015}",112.20638939011714
"{""K_h"": 0.05, ""K_p"": 0.0, ""K_i"": 0.002}",112.20638939011714
"{""K_h"": 0.05, ""K_p"": 0.0, ""K_i"": 0.0025}",112.20638939011714
"{""K_h"": 0.05, ""K_p"": 0.0, ""K_i"": 0.003}",112.20638939011714
"{""K_h"": 0.05, ""K_p"": 0.0, ""K_i"": 0.0035}",112.20638939011714
"{""K_h"": 0.05, ""K_p"": 0.0, ""K_i"": 0.004}",112.20638939011714
"{""K_h"": 0.05, ""K_p"": 0.0, ""K_i"": 0.0045000000000000005}",112.20638939011714
"{""K_h"": 0.05, ""K_p"": 0.0, ""K_i"": 0.005}",112.20638939011714
